album_code,priority
AA00036,2
AA00052,2
AA00055,2
AA00132,2
AA00159,2
AA00161,2
AA00166,2
AA00182,2
AA00184,2
AA00188,2
AA00215,2
AA00218,2
AA00227,2
AA00303,2
AA00312,2
AA00319,2
AA00324,2
AA00326,2
AA00328,2
AA00347,2
AA00387,2
AA00399,2
AA00403,2
AA00405,2
AA00416,2
AA00418,2
AA00420,2
AA00421,2
AA00427,2
AA00449,2
AA00455,2
AA00463,2
AA00473,2
AA00475,2
AA00485,2
AA00487,2
AA00489,2
AA00490,2
AA00496,2
AA00497,2
AA00535,2
AA00548,2
AA00555,2
AA00565,2
AA00566,2
AA00570,2
AA00571,2
AA00572,2
AA00573,2
AA00574,2
AA00578,2
AA00581,2
AA00585,2
AA00589,2
AA00602,2
AA00603,2
AA00609,2
AA00611,2
AA00613,2
AA00615,2
AA00617,2
AA00618,2
AA00622,2
AA00627,2
AA00630,2
AA00632,2
AA00637,2
AA00638,2
AA00640,2
AA00642,2
AA00647,2
AA00648,2
AA00657,2
AA00665,2
AA00666,2
AA00686,2
AA00710,2
AA00727,2
AA00740,2
AA00747,2
AA00748,2
AA00749,2
AA00755,2
AA00764,2
AA00781,2
AA00786,2
AA00805,2
AA00806,2
AA00828,2
AA00854,2
AA00856,2
AA00868,2
AA00872,2
AA00885,2
AA00892,2
AA00899,2
AA00900,2
AA00903,2
AA00924,2
AA00931,2
AA00949,2
AA00952,2
AA00957,2
AA00958,2
AA00959,2
AA00960,2
AA00966,2
AA00968,2
AA00974,2
AA00976,2
AA00977,2
AA00988,2
AA00991,2
AA00993,2
AA00994,2
AA00998,2
AA01005,2
AA01009,2
AA01011,2
AA01013,2
AA01031,2
AA01039,2
AA01063,2
AA01081,2
AA01113,2
AA01138,2
AA01140,2
AA01181,2
AA01188,2
AA01199,2
AA01209,2
AA01226,2
AA01231,2
AA01238,2
AA01241,2
AA01250,2
AA01251,2
AA01264,2
AA01268,2
AA01285,2
AA01293,2
AA01294,2
AA01295,2
AA01307,2
AA01309,2
AA01310,2
AA01312,2
AA01314,2
AA01315,2
AA01316,2
AA01317,2
AA01325,2
AA01326,2
AA01332,2
AA01355,2
AA01360,2
AA01361,2
AA01372,2
AA01398,2
AA01412,2
AA01415,2
AA01426,2
AA01432,2
AA01433,2
AA01434,2
AA01467,2
AA01468,2
AA01475,2
AA01485,2
AA01490,2
AA01501,2
AA01502,2
AA01503,2
AA01504,2
AA01506,2
AA01509,2
AA01512,2
AA01516,2
AA01519,2
AA01522,2
AA01537,2
AA01545,2
AA01558,2
AA01564,2
AA01566,2
AA01575,2
AA01578,2
AA01579,2
AA01613,2
AA01637,2
AA01643,2
AA01648,2
AA01663,2
AA01675,2
AA01676,2
AA01678,2
AA01682,2
AA01695,2
AA01701,2
AA01704,2
AA01705,2
AA01706,2
AA01707,2
AA01728,2
AA01731,2
AA01734,2
AA01741,2
AA01745,2
AA01753,2
AA01769,2
AA01770,2
AA01783,2
AA01814,2
AA01817,2
AA01819,2
AA01821,2
AA01823,2
AA01824,2
AA01835,2
AA01839,2
AA01863,2
AA01873,2
AA01874,2
AA01880,2
AA01885,2
AA01887,2
AA01890,2
AA01891,2
AA01902,2
AA01928,2
AA01930,2
AA01931,2
AA01940,2
AA01942,2
AA01943,2
AA01944,2
AA01946,2
AA01963,2
AA01990,2
AA01992,2
AA01994,2
AA01997,2
AA01999,2
AA02004,2
AA02006,2
AA02014,2
AA02020,2
AA02037,2
AA02038,2
AA02084,2
AA02085,2
AA02132,2
AA02137,2
AA02141,2
AA02144,2
AA02168,2
AA02169,2
AA02171,2
AA02175,2
AA02179,2
AA02180,2
AA02183,2
AA02185,2
AA02186,2
AA02189,2
AA02199,2
AA02201,2
AA02205,2
AA02206,2
AA02209,2
AA02211,2
AA02220,2
AA02221,2
AA02224,2
AA02225,2
AA02234,2
AA02239,2
AA02241,2
AA02243,2
AA02247,2
AA02248,2
AA02251,2
AA02257,2
AA02258,2
AA02265,2
AA02279,2
AA02284,2
AA02292,2
AA02307,2
AA02308,2
AA02315,2
AA02350,2
AA02351,2
AA02354,2
AA02358,2
AA02359,2
AA02365,2
AA02375,2
AA02377,2
AA02390,2
AA02391,2
AA02392,2
AA02393,2
AA02400,2
AA02410,2
AA02422,2
AA02423,2
AA02425,2
AA02427,2
AA02436,2
AA02439,2
AA02445,2
AA02450,2
AA02454,2
AA02455,2
AA02463,2
AA02465,2
AA02475,2
AA02484,2
AA02501,2
AA02503,2
AA02504,2
AA02511,2
AA02512,2
AA02523,2
AA02532,2
AA02543,2
AA02549,2
AA02551,2
AA02556,2
AA02565,2
AA02575,2
AA02580,2
AA02594,2
AA02598,2
AA02603,2
AA02620,2
AA02621,2
AA02622,2
AA02634,2
AA02636,2
AA02641,2
AA02642,2
AA02643,2
AA02644,2
AA02645,2
AA02646,2
AA02647,2
AA02648,2
AA02649,2
AA02652,2
AA02659,2
AA02665,2
AA02667,2
AA02677,2
AA02684,2
AA02686,2
AA02693,2
AA02703,2
AA02706,2
AA02707,2
AA02716,2
AA02719,2
AA02720,2
AA02721,2
AA02723,2
AA02726,2
AA02735,2
AA02740,2
AA02742,2
AA02761,2
AA02763,2
AA02790,2
AA02816,2
AA02825,2
AA02826,2
AA02830,2
AA02833,2
AA02834,2
AA02835,2
AA02838,2
AA02842,2
AA02843,2
AA02844,2
AA02854,2
AA02855,2
AA02860,2
AA02862,2
AA02867,2
AA02870,2
AA02872,2
AA02875,2
AA02876,2
AA02879,2
AA02882,2
AA02889,2
AA02892,2
AA02893,2
AA02896,2
AA02901,2
AA02906,2
AA02908,2
AA02910,2
AA02917,2
AA02919,2
AA02922,2
AA02923,2
AA02943,2
AA02944,2
AA02950,2
AA02952,2
AA02957,2
AA02962,2
AA02973,2
AA02975,2
AA02977,2
AA02979,2
AA02994,2
AA02996,2
AA03011,2
AA03014,2
AA03047,2
AA03053,2
AA03063,2
AA03064,2
AA03070,2
AA03087,2
AA03088,2
AA03092,2
AA03095,2
AA03099,2
AA03101,2
AA03102,2
AA03106,2
AA03111,2
AA03113,2
AA03118,2
AA03122,2
AA03130,2
AA03145,2
AA03157,2
AA03160,2
AA03176,2
AA03181,2
AA03196,2
AA03206,2
AA03208,2
AA03216,2
AA03235,2
AA03236,2
AA03238,2
AA03239,2
AA03259,2
AA03262,2
AA03284,2
AA03287,2
AA03290,2
AB00055,2
AB00056,2
AB00063,2
AB00066,2
AB00069,2
AB00075,2
AB00076,2
AB00086,2
AB00094,2
AB00095,2
AB00099,2
AB00114,2
AB00119,2
AB00125,2
AB00132,2
AB00136,2
AB00145,2
AB00150,2
AB00159,2
AB00183,2
AB00197,2
AB00207,2
AB00213,2
AB00219,2
AB00221,2
AB00227,2
AB00236,2
AB00242,2
AB00249,2
AB00258,2
AB00262,2
AB00271,2
AB00282,2
AB00283,2
AB00288,2
AB00295,2
AB00296,2
AB00298,2
AB00304,2
AB00305,2
AB00310,2
AB00326,2
AB00331,2
AB00374,2
AB00376,2
AB00378,2
AB00379,2
AB00386,2
AB00388,2
AB00394,2
AB00395,2
AB00398,2
AB00402,2
AB00403,2
AB00405,2
AB00406,2
AB00407,2
AB00410,2
AB00412,2
AB00415,2
AB00428,2
AB00437,2
AB00438,2
AB00439,2
AB00443,2
AB00444,2
AB00446,2
AB00448,2
AB00450,2
AB00455,2
AB00457,2
AB00462,2
AB00467,2
AB00478,2
AB00479,2
AB00480,2
AB00547,2
AB00551,2
AB00552,2
AB00554,2
AB00567,2
AC00028,2
AC00077,2
AC00085,2
AC00089,2
AC00132,2
AC00133,2
AC00137,2
AC00152,2
AC00153,2
AC00156,2
AC00157,2
AC00191,2
AC00194,2
AC00205,2
AC00211,2
AC00213,2
AC00215,2
AC00220,2
AC00221,2
AC00226,2
AC00230,2
AC00257,2
AC00260,2
AC00294,2
AC00302,2
AC00330,2
AC00335,2
AC00339,2
AC00345,2
AC00346,2
AC00351,2
AC00365,2
AC00369,2
AC00385,2
AC00393,2
AC00399,2
AC00410,2
AC00415,2
AC00416,2
AC00420,2
AC00429,2
AC00434,2
AC00435,2
AC00436,2
AC00444,2
AC00447,2
AC00455,2
AC00462,2
AC00467,2
AC00481,2
AC00496,2
AC00515,2
AC00518,2
AC00521,2
AC00531,2
AC00535,2
AC00537,2
AC00549,2
AC00550,2
AC00552,2
AC00555,2
AC00556,2
AC00562,2
AC00575,2
AC00577,2
AC00580,2
AC00589,2
AC00598,2
AC00602,2
AC00603,2
AC00604,2
AC00607,2
AC00609,2
AC00611,2
AC00617,2
AC00628,2
AC00630,2
AC00637,2
AC00648,2
AC00650,2
AC00653,2
AC00654,2
AC00655,2
AC00658,2
AC00671,2
AC00685,2
AC00693,2
AC00694,2
AC00700,2
AC00708,2
AC00709,2
AC00712,2
AC00721,2
AC00728,2
AC00732,2
AC00744,2
AC00745,2
AC00748,2
AC00752,2
AC00759,2
AC00767,2
AC00781,2
AC00782,2
AC00785,2
AC00801,2
AC00819,2
AC00820,2
AC00827,2
AC00829,2
AC00830,2
AC00832,2
AC00838,2
AC00840,2
AC00844,2
AC00847,2
AC00854,2
AC00855,2
AC00878,2
AC00880,2
AC00889,2
AC00898,2
AC00914,2
AC00922,2
AC00940,2
AC00941,2
AC00942,2
AC00950,2
AC00957,2
AC00960,2
AC00962,2
AC00963,2
AC00971,2
AC00973,2
AC00977,2
AC00978,2
AC00979,2
AC00986,2
AC00988,2
AC02154,2
AC02158,2
AC02164,2
AC02165,2
AC02168,2
AC02173,2
AC02174,2
AC02186,2
AC02188,2
AC02190,2
AC02193,2
AC02195,2
AE00018,2
AE00048,2
AE00057,2
AE00070,2
AE00095,2
AE00103,2
AE00112,2
AE00120,2
AE00121,2
AE00128,2
AE00133,2
AE00138,2
AE00143,2
AE00147,2
AE00150,2
AE00166,2
AE00171,2
AE00179,2
AE00192,2
AE00205,2
AE00207,2
AE00208,2
AE00215,2
AE00216,2
AE00224,2
AE00227,2
AE00236,2
AE00252,2
AE00254,2
AE00264,2
AE00285,2
AE00293,2
AE00299,2
AE00300,2
AE00303,2
AE00316,2
AE00321,2
AE00325,2
AE00353,2
AE00355,2
AE00362,2
AE00370,2
AE00384,2
AE00385,2
AE00394,2
AE00395,2
AE00400,2
AE00406,2
AE00428,2
AE00430,2
AE00433,2
AE00435,2
AE00440,2
AE00441,2
AE00443,2
AE00471,2
AE00473,2
AE00477,2
AE00479,2
AE00497,2
AE00503,2
AE00509,2
AE00540,2
AE00547,2
AE00551,2
AE00553,2
AE00556,2
AE00561,2
AE00562,2
AE00564,2
AE00566,2
AE00570,2
AE00577,2
AE00580,2
AE00586,2
AE00589,2
AE00601,2
AE00603,2
AE00608,2
AE00609,2
AE00617,2
AE00618,2
AE00619,2
AE00636,2
AE00638,2
AE00640,2
AE00643,2
AE00665,2
AE00691,2
AE00693,2
AE00695,2
AE00701,2
AE00702,2
AE00708,2
AE00721,2
AE00734,2
AE00735,2
AE00741,2
AE00768,2
AE00769,2
AE00770,2
AE00777,2
AE00778,2
AE00779,2
AE00783,2
AE00785,2
AE00790,2
AE00793,2
AE00801,2
AE00811,2
AE00815,2
AE00817,2
AE00818,2
AE00830,2
AE00834,2
AE00841,2
AE00842,2
AE00844,2
AE00845,2
AE00850,2
AE00854,2
AE00862,2
AE00863,2
AE00869,2
AE00876,2
AE00878,2
AE00881,2
AE00882,2
AE00889,2
AE00891,2
AE00894,2
AE00979,2
AE01006,2
AE01011,2
AE01012,2
AE01015,2
AE01016,2
AE01017,2
AE01020,2
AE01027,2
AE01039,2
AE01045,2
AE01046,2
AE01053,2
AE01059,2
AE01064,2
AE01078,2
AE01082,2
AF00004,2
AF00014,2
AF00016,2
AF00020,2
AF00061,2
AF00074,2
AF00086,2
AF00107,2
AF00139,2
AF00140,2
AF00149,2
AF00155,2
AF00158,2
AF00162,2
AF00172,2
AF00173,2
AF00174,2
AF00178,2
AF00182,2
AF00189,2
AF00197,2
AF00203,2
AF00207,2
AF00209,2
AF00210,2
AF00211,2
AF00212,2
AF00226,2
AF00230,2
AF00239,2
AF00257,2
AF00262,2
AF00271,2
AF00278,2
AF00280,2
AF00286,2
AF00307,2
AF00312,2
AF00320,2
AF00321,2
AF00325,2
AF00337,2
AF00338,2
AF00341,2
AF00342,2
AF00353,2
AF00360,2
AF00364,2
AF00374,2
AF00383,2
AF00390,2
AF00392,2
AF00407,2
AF00408,2
AF00418,2
AF00426,2
AF00431,2
AF00436,2
AF00438,2
AF00445,2
AF00447,2
AF00454,2
AF00455,2
AF00460,2
AF00464,2
AF00467,2
AF00492,2
AF00493,2
AF00516,2
AF00518,2
AF00523,2
AF00533,2
AF00536,2
AF00537,2
AF00539,2
AF00542,2
AF00546,2
AF00547,2
AF00549,2
AF00555,2
AF00561,2
AF00570,2
AF00581,2
AF00583,2
AF00588,2
AF00595,2
AF00596,2
AF00598,2
AF00603,2
AF00609,2
AF00613,2
AF00625,2
AF00626,2
AF00635,2
AF00637,2
AF00641,2
AF00648,2
AF00649,2
AF00657,2
AF00669,2
AF00673,2
AF00676,2
AF00677,2
AF00679,2
AF00682,2
AF00683,2
AF00686,2
AF00690,2
AF00691,2
AF00693,2
AF00695,2
AF00698,2
AF00701,2
AF00702,2
AF00703,2
AF00706,2
AF00709,2
AF00710,2
AF00712,2
AF00715,2
AF00726,2
AF00733,2
AF00736,2
AF00737,2
AF00742,2
AF00751,2
AF00752,2
AF00756,2
AF00757,2
AF00759,2
AF00764,2
AF00768,2
AF00779,2
AF00783,2
AF00796,2
AF00797,2
AF00801,2
AF00809,2
AF00811,2
AF00817,2
AF00822,2
AF00825,2
AF00829,2
AF00831,2
AF00835,2
AF00837,2
AF00839,2
AF00852,2
AF00858,2
AF00868,2
AF00877,2
AF00885,2
AF00890,2
AF00893,2
AF00913,2
AF00915,2
AF00916,2
AF00920,2
AF00927,2
AF00932,2
AF00933,2
AF00939,2
AF00940,2
AF00957,2
AF00963,2
AF00970,2
AF00974,2
AF00977,2
AF00985,2
AF00991,2
AF00995,2
AF00998,2
AF00999,2
AF01003,2
AF01007,2
AF01008,2
AF01013,2
AF01020,2
AF01021,2
AF01026,2
AF01029,2
AF01030,2
AF01031,2
AF01033,2
AF01036,2
AF01037,2
AF01039,2
AF01040,2
AF01041,2
AF01045,2
AF01049,2
AF01053,2
AF01054,2
AF01055,2
AF01068,2
AF01069,2
AF01073,2
AF01082,2
AF01084,2
AF01102,2
AF01108,2
AF01112,2
AF01116,2
AF01118,2
AF01120,2
AF01121,2
AF01123,2
AF01130,2
AF01138,2
AF01139,2
AF01149,2
AF01155,2
AF01158,2
AF01161,2
AF01167,2
AF01170,2
AF01175,2
AF01185,2
AF01186,2
AF01193,2
AF01222,2
AF01232,2
AF01236,2
AF01280,2
AF01299,2
AF01300,2
AF01301,2
AF01303,2
AF01319,2
AF01333,2
AF01335,2
AF01340,2
AF01342,2
AF01348,2
AF01349,2
AF01353,2
AF01355,2
AF01357,2
AF01358,2
AF01360,2
AF01362,2
AF01365,2
AF01366,2
AF01368,2
AF01369,2
AF01371,2
AF01372,2
AF01377,2
AF01378,2
AF01379,2
AF01380,2
AF01382,2
AF01389,2
AF01397,2
AF01414,2
AF01419,2
AF01420,2
AF01424,2
AF01427,2
AF01428,2
AF01432,2
AF01440,2
AF01441,2
AF01450,2
AF01455,2
AF01461,2
AF01469,2
AF01472,2
AF01478,2
AF01489,2
AF01495,2
AF01496,2
AF01502,2
AF01506,2
AF01508,2
AF01515,2
BA00029,2
BA00094,2
BA00127,2
BA00145,2
BA00214,2
BA00217,2
BA00226,2
BA00228,2
BA00230,2
BA00234,2
BA00254,2
BA00265,2
BA00267,2
BA00278,2
BA00281,2
BA00287,2
BA00288,2
BA00292,2
BA00300,2
BA00302,2
BA00305,2
BA00309,2
BA00311,2
BA00312,2
BA00319,2
BA00329,2
BA00333,2
BA00343,2
BA00353,2
BA00356,2
BA00357,2
BA00371,2
BA00377,2
BA00382,2
BA00401,2
BA00407,2
BA00412,2
BA00413,2
BA00419,2
BA00420,2
BA00422,2
BA00429,2
BA00430,2
BA00445,2
BA00465,2
BA00466,2
BA00467,2
BA00476,2
BA00481,2
BA00514,2
BA00521,2
BA00524,2
BA00530,2
BA00548,2
BA00559,2
BA00565,2
BA00567,2
BA00569,2
BA00590,2
BA00628,2
BA00638,2
BA00640,2
BA00646,2
BA00649,2
BA00650,2
BA00651,2
BA00659,2
BA00665,2
BA00666,2
BA00668,2
BA00672,2
BA00679,2
BA00695,2
BA00711,2
BA00720,2
BA00725,2
BA00741,2
BA00750,2
BA00771,2
BA00776,2
BA00784,2
BA00786,2
BA00807,2
BA00809,2
BA00811,2
BA00812,2
BA00835,2
BA00839,2
BA00842,2
BA00846,2
BA00856,2
BA00858,2
BA00880,2
BA00892,2
BA00903,2
BA00919,2
BA00922,2
BA00927,2
BA00941,2
BA00945,2
BA00948,2
BA00951,2
BA00961,2
BA00968,2
BA00971,2
BA00983,2
BA00988,2
BA00998,2
BA01018,2
BA01021,2
BA01030,2
BA01031,2
BA01038,2
BA01041,2
BA01052,2
BA01061,2
BA01068,2
BA01069,2
BA01072,2
BA01076,2
BA01082,2
BA01086,2
BA01093,2
BA01094,2
BA01096,2
BA01101,2
BA01108,2
BA01116,2
BA01120,2
BA01125,2
BA01126,2
BA01129,2
BA01131,2
BA01132,2
BA01141,2
BA01143,2
BA01144,2
BA01150,2
BA01152,2
BA01178,2
BA01179,2
BA01210,2
BA01213,2
BA01225,2
BA01231,2
BA01232,2
BA01246,2
BA01252,2
BA01253,2
BA01271,2
BA01277,2
BA01278,2
BA01279,2
BA01292,2
BA01307,2
BA01317,2
BA01329,2
BA01331,2
BA01335,2
BA01340,2
BA01342,2
BA01346,2
BA01348,2
BA01354,2
BA01355,2
BA01357,2
BA01365,2
BA01369,2
BA01373,2
BA01391,2
BA01394,2
BA01395,2
BA01401,2
BA01412,2
BA01417,2
BA01427,2
BA01428,2
BA01429,2
BA01430,2
BA01433,2
BA01440,2
BA01445,2
BA01453,2
BA01457,2
BA01465,2
BA01473,2
BA01477,2
BA01478,2
BA01479,2
BA01497,2
BA01503,2
BA01509,2
BA01510,2
BA01521,2
BA01522,2
BA01523,2
BA01527,2
BA01531,2
BA01539,2
BA01544,2
BA01551,2
BA01615,2
BA01648,2
BA01722,2
BA01738,2
BA01740,2
BA01743,2
BA01747,2
BA01748,2
BA01750,2
BA01754,2
BA01761,2
BA01762,2
BA01768,2
BA01773,2
BA01781,2
BA01784,2
BA01789,2
BA01799,2
BA01801,2
BA01805,2
BA01808,2
BA01812,2
BA01816,2
BA01821,2
BA01825,2
BA01839,2
BA01845,2
BA01846,2
BA01849,2
BA01864,2
BA01876,2
BB00008,2
BB00072,2
BB00081,2
BB00131,2
BB00136,2
BB00149,2
BB00154,2
BB00164,2
BB00173,2
BB00177,2
BB00183,2
BB00185,2
BB00187,2
BB00192,2
BB00193,2
BB00194,2
BB00200,2
BB00203,2
BB00214,2
BB00233,2
BB00261,2
BB00264,2
BB00276,2
BB00278,2
BB00282,2
BB00284,2
BB00289,2
BB00294,2
BB00295,2
BB00296,2
BB00300,2
BB00303,2
BB00312,2
BB00323,2
BB00337,2
BB00352,2
BB00360,2
BB00364,2
BB00366,2
BB00384,2
BB00392,2
BB00394,2
BB00395,2
BB00397,2
BB00409,2
BB00410,2
BB00415,2
BB00417,2
BB00425,2
BB00428,2
BB00429,2
BB00432,2
BB00438,2
BB00440,2
BB00445,2
BB00455,2
BB00464,2
BB00469,2
BB00478,2
BB00481,2
BB00493,2
BB00505,2
BB00508,2
BB00510,2
BB00512,2
BB00516,2
BB00528,2
BB00533,2
BB00535,2
BB00537,2
BB00586,2
BB00591,2
BB00596,2
BB00597,2
BB00598,2
BB00603,2
BB00608,2
BB00621,2
BB00623,2
BB00641,2
BB00642,2
BB00643,2
BB00645,2
BB00646,2
BB00647,2
BB00653,2
BB00664,2
BB00665,2
BB00673,2
BB00676,2
BB00677,2
BB00678,2
BB00687,2
BB00688,2
BB00689,2
BB00693,2
BB00699,2
BB00714,2
BB00720,2
BB00723,2
BB00731,2
BB00733,2
BB00737,2
BB00738,2
BB00740,2
BB00741,2
BB00742,2
BB00743,2
BB00753,2
BB00762,2
BB00769,2
BB00785,2
BB00786,2
BB00801,2
BB00805,2
BB00806,2
BB00811,2
BB00834,2
BB00836,2
BB00839,2
BB00840,2
BB00848,2
BB00849,2
BB00854,2
BB00860,2
BB00861,2
BB00862,2
BB00874,2
BB00875,2
BB00877,2
BB00884,2
BB00890,2
BB00893,2
BB00899,2
BB00903,2
BB00904,2
BB00906,2
BB00920,2
BB00942,2
BB00944,2
BB00946,2
BB00950,2
BB00952,2
BB00955,2
BB00967,2
BB00968,2
BB00980,2
BB00984,2
BB01005,2
BB01009,2
BB01010,2
BB01016,2
BB01031,2
BB01044,2
BB01046,2
BB01048,2
BB01051,2
BB01064,2
BB01073,2
BB01094,2
BB01133,2
BB01159,2
BB01164,2
BB01166,2
BB01172,2
BB01178,2
BB01179,2
BB01183,2
BB01184,2
BB01188,2
BB01196,2
BB01197,2
BB01198,2
BB01207,2
BB01211,2
BB01221,2
BB01228,2
BB01240,2
BB01242,2
BB01247,2
BB01249,2
BB01253,2
BB01262,2
BB01264,2
BB01274,2
BB01289,2
BB01290,2
BB01292,2
BB01307,2
BC00007,2
BC00026,2
BC00039,2
BC00049,2
BC00054,2
BC00055,2
BC00057,2
BC00061,2
BC00067,2
BC00073,2
BC00089,2
BC00090,2
BC00095,2
BC00108,2
BC00112,2
BC00113,2
BC00115,2
BC00132,2
BC00134,2
BC00135,2
BC00137,2
BC00139,2
BC00142,2
BC00146,2
BC00147,2
BC00153,2
BC00157,2
BC00164,2
BC00173,2
BC00177,2
BC00185,2
BC00189,2
BC00191,2
BC00198,2
BC00204,2
BC00205,2
BC00207,2
BC00209,2
BC00212,2
BC00213,2
BC00214,2
BC00218,2
BC00224,2
BC00225,2
BC00226,2
BC00227,2
BC00233,2
BC00252,2
BC00254,2
BD00006,2
BD00047,2
BD00053,2
BD00068,2
BD00077,2
BD00078,2
BD00081,2
BD00084,2
BD00087,2
BD00090,2
BD00097,2
BD00098,2
BD00101,2
BD00104,2
BD00107,2
BD00110,2
BD00112,2
BD00114,2
BD00117,2
BD00118,2
BD00121,2
BD00122,2
BD00123,2
BD00124,2
BD00125,2
BD00132,2
BD00133,2
BD00135,2
BD00136,2
BD00137,2
BD00141,2
BD00142,2
BD00149,2
BD00154,2
BD00155,2
BD00160,2
BD00162,2
BD00169,2
BD00172,2
BD00175,2
BD00176,2
BD00179,2
BD00180,2
BD00190,2
BD00193,2
BD00198,2
BD00199,2
BD00209,2
BD00216,2
BD00227,2
BD00228,2
BD00235,2
BD00244,2
BD00248,2
BD00258,2
BD00263,2
BD00271,2
BD00272,2
BD00288,2
BD00296,2
BD00307,2
BD00312,2
BD00327,2
BD00334,2
BD00342,2
BD00345,2
BD00347,2
BD00354,2
BD00367,2
BD00374,2
BD00375,2
BD00379,2
BD00392,2
BD00402,2
BD00416,2
BD00417,2
BD00419,2
BD00422,2
BD00429,2
BD00432,2
BD00441,2
BD00481,2
BD00495,2
BD00496,2
BD00500,2
BD00501,2
BD00505,2
BD00506,2
BD00526,2
BD00527,2
BD00529,2
BD00541,2
BD00544,2
BD00547,2
BD00548,2
BD00550,2
BD00553,2
BD00554,2
BD00556,2
BD00564,2
BD00566,2
BD00567,2
BD00570,2
BD00572,2
BD00573,2
BD00574,2
BD00577,2
BD00578,2
BD00579,2
BD00582,2
BD00585,2
BD00586,2
BD00589,2
BD00591,2
BD00602,2
BD00604,2
BD00605,2
BD00612,2
BD00626,2
BD00632,2
BD00634,2
BD00639,2
BD00640,2
BD00643,2
BD00646,2
BD00651,2
BD00656,2
BD00661,2
BD00671,2
BD00672,2
BD00674,2
BD00675,2
BD00678,2
BD00702,2
BD00704,2
BD00711,2
BD00725,2
BD00731,2
BD00738,2
BD00747,2
BD00754,2
BD00756,2
BD00762,2
BD00770,2
BD00775,2
BD00776,2
BD00779,2
BD00780,2
BD00784,2
BD00792,2
BD00794,2
BD00802,2
BD00803,2
BD00804,2
BD00810,2
BD00812,2
BD00818,2
BD00823,2
BD00830,2
BD00836,2
BD00841,2
BD00843,2
BD00844,2
BD00846,2
BD00847,2
BD00848,2
BD00849,2
BD00850,2
BD00851,2
BD00853,2
BD00855,2
BD00857,2
BD00860,2
BD00867,2
BD00872,2
BD00876,2
BD00877,2
BD00888,2
BD00896,2
BD00897,2
BD00898,2
BD00899,2
BD00907,2
BD00920,2
BD00922,2
BD00926,2
BD00927,2
BD00935,2
BD00947,2
BD00948,2
BD00969,2
BD00981,2
BD00986,2
BD00989,2
BD00991,2
BD01006,2
BD01009,2
BD01012,2
BD01016,2
BD01020,2
BE00015,2
BE00016,2
BE00025,2
BE00043,2
BE00047,2
BE00051,2
BE00060,2
BE00080,2
BE00084,2
BE00086,2
BE00087,2
BE00092,2
BE00094,2
BE00102,2
BE00106,2
BE00107,2
BE00109,2
BE00112,2
BE00115,2
BE00121,2
BE00122,2
BE00130,2
BE00136,2
BE00140,2
BE00141,2
BE00147,2
BE00149,2
BE00158,2
BE00160,2
BE00161,2
BE00162,2
BE00164,2
BE00172,2
BE00175,2
BE00176,2
BE00181,2
BE00184,2
BE00200,2
BE00202,2
BE00206,2
BE00215,2
BE00221,2
BE00231,2
BE00240,2
BE00241,2
BE00242,2
BE00243,2
BE00246,2
BE00254,2
BE00263,2
BE00264,2
BE00265,2
BE00266,2
BE00274,2
BE00278,2
BE00294,2
BE00304,2
BE00308,2
BE00309,2
BE00327,2
BE00328,2
BE00331,2
BE00337,2
BE00342,2
BE00343,2
BE00344,2
BE00347,2
BE00348,2
BE00352,2
BE00361,2
BE00363,2
BE00366,2
BE00371,2
BE00378,2
BE00379,2
BE00380,2
BE00382,2
BE00384,2
BE00389,2
BE00390,2
BE00405,2
BE00412,2
BE00414,2
BE00415,2
BE00419,2
BE00426,2
BE00431,2
BE00433,2
BE00448,2
BE00456,2
BE00460,2
BE00464,2
BE00468,2
BE00470,2
BE00477,2
BE00482,2
BE00483,2
BE00492,2
BE00493,2
BE00496,2
BE00503,2
BE00506,2
BE00508,2
BE00515,2
BE00518,2
BE00519,2
BE00523,2
BE00524,2
BE00537,2
BE00542,2
BE00545,2
BE00548,2
BE00553,2
BE00556,2
BE00561,2
BE00562,2
BE00572,2
BE00574,2
BE00581,2
BE00587,2
BE00588,2
BE00594,2
BE00595,2
BE00596,2
BE00603,2
BE00604,2
BE00605,2
CA00021,2
CA00022,2
CA00024,2
CA00064,2
CA00073,2
CA00074,2
CA00075,2
CA00103,2
CA00227,2
CA00231,2
CA00234,2
CA00255,2
CA00262,2
CA00271,2
CA00283,2
CA00285,2
CA00286,2
CA00360,2
CA00375,2
CA00376,2
CA00401,2
CA00402,2
CA00411,2
CA00415,2
CA00417,2
CA00422,2
CA00429,2
CA00430,2
CA00433,2
CA00435,2
CA00437,2
CA00441,2
CA00444,2
CA00445,2
CA00446,2
CA00451,2
CA00463,2
CA00464,2
CA00466,2
CA00468,2
CA00469,2
CA00470,2
CA00472,2
CA00473,2
CA00474,2
CA00489,2
CA00498,2
CA00499,2
CA00503,2
CA00506,2
CA00507,2
CA00508,2
CA00509,2
CA00513,2
CA00514,2
CA00532,2
CA00533,2
CA00536,2
CA00537,2
CA00538,2
CA00541,2
CA00556,2
CA00557,2
CA00562,2
CA00564,2
CA00565,2
CA00566,2
CA00567,2
CA00568,2
CA00577,2
CA00578,2
CA00584,2
CA00602,2
CA00605,2
CA00609,2
CA00611,2
CA00612,2
CA00613,2
CA00614,2
CA00617,2
CA00627,2
CA00654,2
CA00661,2
CA00679,2
CA00690,2
CA00694,2
CA00699,2
CA00700,2
CA00708,2
CA00712,2
CA00717,2
CA00718,2
CA00720,2
CA00725,2
CA00727,2
CA00734,2
CA00739,2
CA00752,2
CA00756,2
CA00779,2
CA00780,2
CA00782,2
CA00786,2
CA00790,2
CA00805,2
CA00807,2
CA00809,2
CA00815,2
CA00839,2
CA00841,2
CA00851,2
CA00864,2
CA00872,2
CA00874,2
CA00875,2
CA00878,2
CA00879,2
CA00883,2
CA00889,2
CA00890,2
CA00891,2
CA00903,2
CA00946,2
CA00947,2
CA00954,2
CA00955,2
CA00956,2
CA00972,2
CA01060,2
CA01074,2
CA01086,2
CA01096,2
CA01101,2
CA01127,2
CA01135,2
CA01136,2
CA01140,2
CA01141,2
CA01150,2
CA01162,2
CA01163,2
CA01164,2
CA01166,2
CA01167,2
CA01174,2
CA01215,2
CA01243,2
CA01246,2
CA01258,2
CA01267,2
CA01268,2
CA01278,2
CA01280,2
CA01281,2
CA01282,2
CA01287,2
CA01291,2
CA01292,2
CA01296,2
CA01315,2
CA01316,2
CA01317,2
CA01325,2
CA01329,2
CA01333,2
CA01334,2
CA01340,2
CA01348,2
CA01351,2
CA01355,2
CA01356,2
CA01360,2
CA01367,2
CA01371,2
CA01373,2
CA01375,2
CA01380,2
CA01387,2
CA01400,2
CA01435,2
CA01449,2
CA01453,2
CA01454,2
CA01455,2
CA01457,2
CA01463,2
CA01468,2
CA01489,2
CA01492,2
CA01494,2
CA01500,2
CA01509,2
CA01512,2
CA01513,2
CA01522,2
CA01525,2
CA01529,2
CA01544,2
CA01553,2
CA01554,2
CA01561,2
CA01579,2
CA01580,2
CA01582,2
CA01596,2
CA01608,2
CA01617,2
CA01622,2
CA01623,2
CA01626,2
CA01636,2
CA01639,2
CA01648,2
CA01664,2
CA01666,2
CA01675,2
CA01691,2
CA01700,2
CA01701,2
CA01702,2
CA01703,2
CA01707,2
CA01709,2
CA01729,2
CA01730,2
CA01732,2
CA01744,2
CA01754,2
CA01765,2
CA01792,2
CA01805,2
CA01807,2
CA01808,2
CA01815,2
CA01822,2
CA01826,2
CA01828,2
CA01837,2
CA01847,2
CA01859,2
CA01861,2
CA01862,2
CA01863,2
CA01878,2
CA01884,2
CA01891,2
CA01899,2
CA01900,2
CA01901,2
CA01908,2
CA01930,2
CA01936,2
CA01949,2
CA01966,2
CA01969,2
CA01983,2
CA01984,2
CA01985,2
CA02001,2
CA02002,2
CA02006,2
CA02049,2
CA02052,2
CA02058,2
CA02059,2
CA02078,2
CA02089,2
CA02091,2
CA02094,2
CA02114,2
CA02116,2
CA02118,2
CA02119,2
CA02120,2
CA02121,2
CA02122,2
CA02123,2
CA02124,2
CA02128,2
CA02129,2
CA02131,2
CA02136,2
CA02138,2
CA02140,2
CA02141,2
CA02146,2
CA02151,2
CA02152,2
CA02157,2
CA02165,2
CA02167,2
CA02168,2
CA02171,2
CA02172,2
CA02173,2
CA02174,2
CA02176,2
CA02177,2
CA02179,2
CA02180,2
CA02185,2
CA02187,2
CA02200,2
CA02201,2
CA02202,2
CA02204,2
CA02207,2
CA02208,2
CA02220,2
CA02222,2
CA02229,2
CA02234,2
CA02235,2
CA02236,2
CA02238,2
CA02240,2
CA02241,2
CA02242,2
CA02244,2
CA02245,2
CA02251,2
CA02252,2
CA02253,2
CA02254,2
CA02256,2
CA02257,2
CA02260,2
CA02268,2
CA02269,2
CA02270,2
CA02272,2
CA02275,2
CA02277,2
CA02278,2
CA02279,2
CA02280,2
CA02290,2
CA02291,2
CA02293,2
CA02298,2
CA02312,2
CA02317,2
CA02318,2
CA02320,2
CA02337,2
CA02338,2
CA02339,2
CA02340,2
CA02341,2
CA02344,2
CA02345,2
CA02348,2
CA02353,2
CA02361,2
CA02364,2
CA02365,2
CA02366,2
CA02368,2
CA02375,2
CA02377,2
CA02384,2
CA02386,2
CA02391,2
CA02396,2
CA02399,2
CA02403,2
CA02404,2
CA02407,2
CA02410,2
CA02419,2
CA02420,2
CA02423,2
CA02426,2
CA02430,2
CA02438,2
CA02441,2
CA02443,2
CA02454,2
CA02476,2
CA02479,2
CA02480,2
CA02485,2
CA02489,2
CA02494,2
CA02496,2
CA02513,2
CA02514,2
CA02517,2
CA02518,2
CA02523,2
CA02529,2
CA02535,2
CA02543,2
CA02548,2
CA02561,2
CA02563,2
CA02565,2
CA02568,2
CA02572,2
CA02607,2
CA02608,2
CA02616,2
CA02618,2
CA02625,2
CA02628,2
CA02633,2
CA02647,2
CA02648,2
CA02666,2
CA02684,2
CA02700,2
CA02702,2
CA02715,2
CA02726,2
CA02730,2
CA02742,2
CA02747,2
CA02751,2
CA02756,2
CA02757,2
CA02762,2
CA02763,2
CA02771,2
CA02775,2
CA02782,2
CA02818,2
CA02819,2
CA02824,2
CA02825,2
CA02829,2
CA02831,2
CA02832,2
CA02833,2
CA02843,2
CA02848,2
CA02849,2
CA02850,2
CA02855,2
CA02856,2
CA02858,2
CA02859,2
CA02860,2
CA02872,2
CA02874,2
CA02875,2
CA02887,2
CA02891,2
CA02892,2
CA02895,2
CA02896,2
CA02902,2
CA02908,2
CA02909,2
CA02910,2
CA02912,2
CA02914,2
CA02917,2
CA02950,2
CA03008,2
CA03176,2
CA03189,2
CA03192,2
CA03207,2
CA03226,2
CA03238,2
CA03248,2
CA03386,2
CA03424,2
CA03554,2
CA03583,2
CA03588,2
CA03601,2
CA03611,2
CA03617,2
CA03675,2
CA03701,2
CA03783,2
CA03810,2
CA03812,2
CA03817,2
CA03821,2
CA03823,2
CA03824,2
CA03828,2
CA03829,2
CA03830,2
CA03841,2
CA03842,2
CA03844,2
CA03849,2
CA03850,2
CA03855,2
CA03860,2
CA03862,2
CA03865,2
CA03875,2
CA03877,2
CA03878,2
CA03880,2
CA03882,2
CA03883,2
CA03884,2
CA03885,2
CA03887,2
CA03893,2
CA03897,2
CA03898,2
CA03899,2
CA03907,2
CA03918,2
CA03919,2
CA03928,2
CA03931,2
CA03937,2
CA03941,2
CA03945,2
CA03948,2
CA03953,2
CA03955,2
CA03966,2
CA03974,2
CA03982,2
CA03986,2
CA03989,2
CA03998,2
CA04000,2
CA04007,2
CA04010,2
CA04013,2
CA04019,2
CA04022,2
CA04035,2
CA04047,2
CA04071,2
CA04082,2
CB00016,2
CB00025,2
CB00058,2
CB00092,2
CB00094,2
CB00100,2
CB00101,2
CB00103,2
CB00105,2
CB00115,2
CB00118,2
CB00137,2
CB00147,2
CB00161,2
CB00164,2
CB00166,2
CB00167,2
CB00168,2
CB00170,2
CB00176,2
CB00180,2
CB00198,2
CB00199,2
CB00208,2
CB00226,2
CB00242,2
CB00243,2
CB00246,2
CB00279,2
CB00283,2
CB00285,2
CB00286,2
CB00309,2
CB00319,2
CB00330,2
CB00360,2
CB00377,2
CB00378,2
CB00385,2
CB00387,2
CB00405,2
CB00413,2
CB00441,2
CB00471,2
CB00472,2
CB00494,2
CB00504,2
CB00562,2
CB00579,2
CB00608,2
CB00830,2
CB00831,2
CB00837,2
CB00839,2
CB00841,2
CB00842,2
CB00848,2
CB00850,2
CB00854,2
CB00855,2
CB00863,2
CB00871,2
CB00878,2
CC00005,2
CC00033,2
CC00046,2
CC00054,2
CC00066,2
CC00072,2
CC00073,2
CC00084,2
CC00100,2
CC00101,2
CC00133,2
CC00141,2
CC00145,2
CC00147,2
CC00153,2
CC00163,2
CC00164,2
CC00166,2
CC00167,2
CC00260,2
CC00276,2
CC00372,2
CD00007,2
CD00014,2
CD00015,2
CD00022,2
CD00029,2
CD00034,2
CD00043,2
CD00045,2
CD00046,2
CD00055,2
CD00057,2
CD00061,2
CD00064,2
CD00067,2
CD00078,2
CD00082,2
CD00084,2
CD00085,2
CD00089,2
CD00090,2
CD00091,2
CD00097,2
CD00103,2
CD00104,2
CD00106,2
CD00112,2
CD00116,2
CD00131,2
CD00143,2
CD00145,2
CD00147,2
CD00163,2
CD00182,2
CD00188,2
CD00192,2
CD00197,2
CD00202,2
CD00214,2
CD00215,2
CD00227,2
CD00231,2
CD00237,2
CD00247,2
CD00250,2
CD00257,2
CD00262,2
CD00290,2
CD00295,2
CD00313,2
CD00317,2
CD00347,2
CD00353,2
CD00416,2
CD00418,2
CD00419,2
CD00467,2
CD00471,2
CE00038,2
CE00052,2
CE00053,2
CE00056,2
CE00075,2
CE00082,2
CE00100,2
CE00107,2
CE00109,2
CE00127,2
CE00131,2
CE00150,2
CE00152,2
CE00156,2
CE00160,2
CE00163,2
CE00164,2
CE00167,2
CE00181,2
CE00187,2
CE00204,2
CE00214,2
CE00220,2
CE00223,2
CE00226,2
CE00231,2
CE00238,2
CE00261,2
CE00287,2
CE00298,2
CE00301,2
CE00310,2
CE00319,2
CE00321,2
CE00322,2
CE00350,2
CE00369,2
CE00374,2
CE00416,2
CE00483,2
CE00523,2
CE00536,2
CE00541,2
CE00551,2
CE00553,2
CE00556,2
CE00557,2
CE00558,2
CE00561,2
CE00563,2
CE00564,2
CE00580,2
CF00016,2
CF00017,2
CF00024,2
CF00025,2
CF00026,2
CF00030,2
CF00036,2
CF00039,2
CF00041,2
CF00049,2
CF00050,2
CF00051,2
CF00053,2
CF00054,2
CF00058,2
CF00060,2
CF00066,2
CF00069,2
CF00073,2
CF00075,2
CF00076,2
CF00079,2
CF00080,2
CF00081,2
CF00088,2
CF00092,2
CF00096,2
CF00103,2
CF00105,2
CF00115,2
CF00116,2
CF00119,2
CF00121,2
CF00135,2
CF00136,2
CF00145,2
CF00167,2
CF00185,2
CF00190,2
CF00199,2
CF00200,2
CF00202,2
CF00209,2
CF00222,2
CF00238,2
CF00246,2
CF00304,2
CF00309,2
CF00311,2
CF00313,2
CF00317,2
CF00323,2
CF00326,2
CF00327,2
CF00328,2
CF00329,2
CF00335,2
CF00342,2
CF00347,2
CF00365,2
CF00390,2
CF00426,2
CF00443,2
CF00444,2
CF00445,2
CF00447,2
CF00449,2
CF00450,2
CF00451,2
CF00454,2
CF00455,2
CF00457,2
CF00465,2
CF00468,2
CF00473,2
CF00484,2
CH00132,2
CH00148,2
CH00154,2
CH00172,2
CH00179,2
CH00184,2
CH00195,2
CH00207,2
CH00226,2
CH00228,2
CH00235,2
CH00239,2
CH00242,2
CH00253,2
CH00255,2
CH00260,2
CH00262,2
CH00265,2
CH00284,2
CH00291,2
CH00299,2
CH00307,2
CH00329,2
CH00348,2
CH00381,2
CH00398,2
CH00415,2
CH00443,2
CH00449,2
CH00467,2
CH00494,2
CH00526,2
CH00559,2
CH00562,2
CH00616,2
CH00624,2
CH00666,2
CH00695,2
CH00699,2
CH00725,2
CH00761,2
CH00779,2
CH00803,2
CH00806,2
CH00809,2
CH00815,2
CH00816,2
CH00817,2
CH00819,2
CH00820,2
CH00821,2
CH00836,2
CH00837,2
CH00838,2
CH00839,2
CH00854,2
CJ00007,2
CJ00048,2
CJ00065,2
CJ00066,2
CJ00091,2
CJ00095,2
CJ00127,2
CJ00206,2
CJ00207,2
CJ00208,2
CJ00216,2
CJ00221,2
CJ00229,2
CJ00230,2
CJ00234,2
CJ00237,2
CJ00241,2
CJ00250,2
CJ00251,2
CJ00252,2
CJ00260,2
CJ00263,2
CJ00265,2
CJ00266,2
CJ00276,2
CJ00277,2
CJ00284,2
CJ00296,2
CJ00307,2
CJ00310,2
CJ00313,2
CJ00320,2
CJ00327,2
CJ00328,2
CJ00331,2
CJ00342,2
CJ00346,2
CJ00349,2
CJ00351,2
CJ00355,2
CJ00356,2
CJ00360,2
CJ00366,2
CJ00369,2
CJ00372,2
CJ00374,2
CJ00384,2
CJ00387,2
CJ00388,2
CJ00392,2
CJ00394,2
CJ00398,2
CJ00399,2
CJ00400,2
CJ00411,2
CJ00412,2
CJ00415,2
CJ00423,2
CJ00424,2
CJ00425,2
CJ00430,2
CJ00432,2
CJ00436,2
CJ00442,2
CJ00443,2
CJ00444,2
CJ00445,2
CJ00447,2
CJ00455,2
CJ00460,2
CJ00464,2
CJ00469,2
CJ00472,2
CJ00474,2
CJ00487,2
CJ00488,2
CJ00489,2
CJ00490,2
CJ00492,2
CJ00494,2
CJ00501,2
CJ00503,2
CJ00509,2
CJ00513,2
CJ00514,2
CJ00518,2
CJ00519,2
CJ00524,2
CJ00540,2
CJ00541,2
CJ00543,2
CJ00568,2
CJ00569,2
CJ00571,2
CJ00582,2
CJ00594,2
CJ00598,2
CJ00603,2
CJ00622,2
CJ00624,2
CJ00629,2
CJ00651,2
CJ00666,2
CJ00682,2
CJ00701,2
CJ00720,2
CJ00721,2
CJ00723,2
CJ00739,2
CJ00740,2
CJ00751,2
CJ00752,2
CJ00754,2
CJ00794,2
CJ00800,2
CJ00821,2
CJ00838,2
CJ00846,2
CJ00851,2
CJ00852,2
CJ00858,2
CJ00865,2
CJ00876,2
CJ00877,2
CJ00887,2
CJ00896,2
CJ00918,2
CJ00928,2
CJ00968,2
CJ00998,2
CJ01007,2
CJ01009,2
CJ01011,2
CJ01013,2
CJ01015,2
CJ01017,2
CJ01057,2
CJ01094,2
CJ01131,2
CJ01165,2
CJ01185,2
CJ01203,2
CJ01204,2
CJ01247,2
CJ01266,2
CJ01269,2
CJ01282,2
CJ01311,2
CJ01350,2
CJ01351,2
CJ01359,2
CJ01406,2
CJ01440,2
CJ01468,2
CJ01471,2
CJ01515,2
CJ01517,2
CJ01593,2
CJ01594,2
CJ01618,2
CJ01640,2
CJ01658,2
CJ01665,2
CJ01681,2
CJ01687,2
CJ01690,2
CJ01696,2
CJ01697,2
CJ01698,2
CJ01700,2
CJ01701,2
CJ01706,2
CJ01711,2
CJ01712,2
CJ01713,2
CJ01716,2
CJ01719,2
CJ01720,2
CJ01721,2
CJ01724,2
CJ01726,2
CJ01727,2
CJ01730,2
CJ01732,2
CJ01736,2
CJ01738,2
CJ01739,2
CJ01741,2
CJ01743,2
CJ01745,2
CJ01747,2
CJ01750,2
CJ01752,2
CJ01756,2
CJ01782,2
CJ01784,2
CJ01809,2
CJ01822,2
CJ01840,2
CJ01843,2
CJ01846,2
CL00004,2
CL00008,2
CL00011,2
CL00026,2
CL00034,2
CL00039,2
CL00066,2
CL00067,2
CL00068,2
CL00074,2
CL00076,2
CL00077,2
CL00081,2
CL00088,2
CL00102,2
CL00104,2
CL00107,2
CL00114,2
CL00116,2
CL00117,2
CL00118,2
CL00119,2
CL00126,2
CL00134,2
CL00137,2
CL00142,2
CL00143,2
CL00146,2
CL00159,2
CL00162,2
CL00164,2
CL00171,2
CL00173,2
CL00175,2
CL00176,2
CL00177,2
CL00180,2
CL00181,2
CL00183,2
CL00184,2
CL00185,2
CL00186,2
CL00187,2
CL00191,2
CL00194,2
CL00205,2
CL00224,2
CL00225,2
CL00227,2
CL00228,2
CL00230,2
CL00236,2
CL00237,2
CL00239,2
CL00249,2
CL00252,2
CL00256,2
CL00272,2
CL00273,2
CL00276,2
CL00287,2
CL00295,2
CL00296,2
CL00307,2
CL00320,2
CL00323,2
CL00325,2
CL00340,2
CL00341,2
CL00342,2
CL00352,2
CL00353,2
CL00356,2
CL00362,2
CL00366,2
CL00372,2
CL00373,2
CL00374,2
CL00385,2
CL00386,2
CL00394,2
CL00399,2
CL00402,2
CL00422,2
CL00439,2
CL00443,2
CL00456,2
CL00461,2
CL00468,2
CL00469,2
CL00479,2
CL00492,2
CL00494,2
CL00507,2
CL00516,2
CL00519,2
CL00534,2
CL00535,2
CL00561,2
CL00579,2
CL00587,2
CL00609,2
CL00645,2
CL00647,2
CL00659,2
CL00662,2
CL00676,2
CL00677,2
CL00688,2
CL00690,2
CL00691,2
CL00692,2
CL00693,2
CL00696,2
CL00701,2
CL00709,2
CL00720,2
CL00737,2
CL00741,2
CL00746,2
CL00752,2
CL00760,2
CL00763,2
CL00766,2
CL00769,2
CL00770,2
CL00771,2
CL00774,2
CL00777,2
CL00779,2
CL00780,2
CL00790,2
CL00794,2
CL00803,2
CL00812,2
CL00813,2
CL00825,2
CL00826,2
CL00829,2
CL00831,2
CL00835,2
CL00844,2
CL00847,2
CL00857,2
CL00865,2
CL00871,2
CL00873,2
CL00882,2
CL00929,2
CL00932,2
CL00938,2
CL00939,2
CL00948,2
CL00989,2
CL00990,2
CL00991,2
CL00994,2
CL00998,2
CL01001,2
CL01004,2
CL01035,2
CL01063,2
CL01064,2
CL01074,2
CL01075,2
CL01077,2
CL01079,2
CL01081,2
CL01104,2
CL01121,2
CL01157,2
CL01158,2
CL01162,2
CL01167,2
CL01224,2
CL01238,2
CL01242,2
CL01245,2
CL01251,2
CL01265,2
CL01272,2
CL01277,2
CL01284,2
CL01338,2
CL01395,2
CL01402,2
CL01413,2
CL01415,2
CL01446,2
CL01450,2
CL01700,2
CL01701,2
CL01702,2
CL01705,2
CL01706,2
CL01708,2
CL01709,2
CL01711,2
CL01713,2
CL01714,2
CL01719,2
CL01721,2
CL01722,2
CL01726,2
CL01728,2
CL01730,2
CL01733,2
CL01734,2
CL01735,2
CL01737,2
CL01738,2
CL01739,2
CL01741,2
CL01742,2
CL01745,2
CL01746,2
CL01748,2
CL01749,2
CL01754,2
CL01756,2
CL01758,2
CL01759,2
CL01760,2
CL01763,2
CL01770,2
CL01772,2
CL01773,2
CL01776,2
CL01778,2
CL01782,2
CL01785,2
CL01790,2
CL01795,2
CL01800,2
CL01803,2
CL01805,2
CL01806,2
CL01813,2
CL01817,2
CL01824,2
CL01837,2
CL01841,2
CL01844,2
CL01851,2
CL01852,2
CL01854,2
CL01866,2
CL01867,2
CL01868,2
CL01892,2
CL01893,2
CL01903,2
CL01917,2
CL01922,2
CL01940,2
CL01942,2
CL01943,2
CL01954,2
CL01986,2
CL01987,2
CL01990,2
CL01993,2
DA00005,2
DA00006,2
DA00012,2
DA00016,2
DA00021,2
DA00022,2
DA00026,2
DA00053,2
DA00059,2
DA00064,2
DA00082,2
DA00085,2
DA00086,2
DA00089,2
DA00094,2
DA00095,2
DA00097,2
DA00118,2
DA00119,2
DA00120,2
DA00121,2
DA00156,2
DA00157,2
DA00158,2
DA00169,2
DA00177,2
DA00186,2
DA00190,2
DA00192,2
DA00194,2
DA00196,2
DA00197,2
DA00208,2
DA00210,2
DA00213,2
DA00235,2
DA00236,2
DA00237,2
DA00238,2
DA00240,2
DA00245,2
DA00249,2
DA00254,2
DA00255,2
DA00259,2
DA00260,2
DA00270,2
DA00271,2
DA00273,2
DA00278,2
DA00283,2
DA00284,2
DA00286,2
DA00288,2
DA00289,2
DA00290,2
DA00298,2
DA00300,2
DA00306,2
DA00307,2
DA00311,2
DA00312,2
DA00322,2
DA00323,2
DA00330,2
DA00336,2
DA00339,2
DA00340,2
DA00352,2
DA00357,2
DA00358,2
DA00359,2
DA00367,2
DA00379,2
DA00385,2
DA00386,2
DA00390,2
DA00394,2
DA00395,2
DA00404,2
DA00406,2
DA00408,2
DA00430,2
DA00436,2
DA00439,2
DA00440,2
DA00441,2
DA00451,2
DA00454,2
DA00457,2
DA00459,2
DA00463,2
DA00477,2
DA00479,2
DA00485,2
DA00486,2
DA00496,2
DA00497,2
DA00501,2
DA00502,2
DA00516,2
DA00520,2
DA00536,2
DA00541,2
DA00544,2
DA00547,2
DA00555,2
DA00556,2
DA00564,2
DA00571,2
DA00573,2
DA00577,2
DA00580,2
DA00582,2
DA00583,2
DA00585,2
DA00592,2
DA00596,2
DA00608,2
DA00618,2
DA00620,2
DA00622,2
DA00642,2
DA00662,2
DA00664,2
DA00666,2
DA00673,2
DA00689,2
DA00694,2
DA00701,2
DA00705,2
DA00709,2
DA00721,2
DA00724,2
DA00725,2
DA00732,2
DA00739,2
DA00755,2
DA00772,2
DA00793,2
DA00805,2
DA00816,2
DA00820,2
DA00840,2
DA00841,2
DA00846,2
DA00849,2
DA00851,2
DA00854,2
DA00857,2
DA00858,2
DA00864,2
DA00865,2
DA00867,2
DA00871,2
DA00875,2
DA00881,2
DA00882,2
DA00883,2
DA00884,2
DA00885,2
DA00886,2
DA00892,2
DA00893,2
DA00894,2
DA00900,2
DA00901,2
DA00903,2
DA00907,2
DA00908,2
DA00910,2
DA00911,2
DA00913,2
DA00914,2
DA00916,2
DA00919,2
DA00921,2
DA00922,2
DA00923,2
DA00924,2
DA00925,2
DA00928,2
DA00929,2
DA00930,2
DA00933,2
DA00935,2
DA00938,2
DA00945,2
DA00946,2
DA00947,2
DA00954,2
DA00955,2
DA00956,2
DA00959,2
DA00960,2
DA00966,2
DA00968,2
DA00970,2
DA00972,2
DA00973,2
DA00979,2
DA00987,2
DA00991,2
DA00997,2
DA01000,2
DA01052,2
DA01055,2
DA01063,2
DA01066,2
DA01079,2
DA01084,2
DA01094,2
DA01101,2
DA01105,2
DA01106,2
DA01109,2
DA01115,2
DA01122,2
DA01130,2
DA01132,2
DA01201,2
DA01248,2
DA01249,2
DA01250,2
DA01252,2
DA01260,2
DA01261,2
DA01287,2
DA01288,2
DA01290,2
DA01293,2
DA01296,2
DA01301,2
DA01304,2
DA01305,2
DA01307,2
DA01311,2
DA01312,2
DA01314,2
DA01320,2
DA01325,2
DA01328,2
DA01331,2
DA01332,2
DA01336,2
DA01337,2
DA01339,2
DA01341,2
DA01342,2
DA01345,2
DA01347,2
DA01348,2
DA01352,2
DA01354,2
DA01362,2
DA01369,2
DA01373,2
DA01380,2
DA01383,2
DA01393,2
DA01398,2
DA01399,2
DA01402,2
DA01403,2
DA01405,2
DA01407,2
DA01408,2
DA01413,2
DA01423,2
DA01441,2
DA01445,2
DA01446,2
DA01447,2
DA01453,2
DA01454,2
DA01457,2
DA01459,2
DA01466,2
DA01467,2
DA01472,2
DA01473,2
DA01476,2
DA01478,2
DA01480,2
DA01483,2
DA01484,2
DA01486,2
DA01491,2
DA01496,2
DA01498,2
DA01504,2
DA01508,2
DA01511,2
DA01513,2
DA01514,2
DA01522,2
DA01523,2
DA01527,2
DA01529,2
DA01531,2
DA01534,2
DA01537,2
DA01538,2
DA01540,2
DA01543,2
DA01544,2
DA01547,2
DA01557,2
DA01558,2
DA01561,2
DA01564,2
DA01565,2
DA01566,2
DA01567,2
DA01568,2
DA01577,2
DA01579,2
DA01580,2
DA01584,2
DA01585,2
DA01592,2
DA01593,2
DA01594,2
DA01596,2
DA01598,2
DA01604,2
DA01609,2
DA01611,2
DA01615,2
DA01619,2
DA01620,2
DA01621,2
DA01626,2
DA01628,2
DA01649,2
DA01650,2
DA03192,2
DA03538,2
DA03544,2
DA03583,2
DA03643,2
DA03704,2
DA03812,2
DA03860,2
DA03861,2
DA03863,2
DA03864,2
DA03867,2
DA03869,2
DA03872,2
DA03873,2
DA03877,2
DA03880,2
DA03883,2
DA03884,2
DA03887,2
DA03888,2
DA03896,2
DA03900,2
DA03902,2
DA03919,2
DA03924,2
DA03928,2
DA03930,2
DA03944,2
DA03947,2
DA03980,2
DB00072,2
DB00075,2
DB00077,2
DB00082,2
DB00084,2
DB00152,2
DB00173,2
DB00175,2
DB00184,2
DB00191,2
DB00195,2
DB00198,2
DB00206,2
DB00225,2
DB00243,2
DB00258,2
DB00262,2
DB00273,2
DB00283,2
DB00284,2
DB00296,2
DB00297,2
DB00301,2
DB00307,2
DB00315,2
DB00322,2
DB00325,2
DB00326,2
DB00327,2
DB00328,2
DB00335,2
DB00336,2
DB00348,2
DB00355,2
DB00358,2
DB00361,2
DB00362,2
DB00363,2
DB00364,2
DB00366,2
DB00372,2
DB00379,2
DB00382,2
DB00386,2
DB00390,2
DB00394,2
DB00395,2
DB00398,2
DB00399,2
DB00400,2
DB00405,2
DB00412,2
DB00416,2
DB00420,2
DB00421,2
DB00422,2
DB00424,2
DB00425,2
DB00427,2
DB00428,2
DB00434,2
DB00444,2
DB00462,2
DB00463,2
DB00465,2
DB00466,2
DB00467,2
DB00485,2
DB00489,2
DB00492,2
DB00497,2
DB00507,2
DB00508,2
DB00512,2
DB00529,2
DB00531,2
DB00542,2
DB00547,2
DB00550,2
DB00552,2
DB00556,2
DB00558,2
DB00569,2
DB00570,2
DB00571,2
DB00572,2
DB00577,2
DB00584,2
DB00586,2
DB00592,2
DB00593,2
DB00595,2
DB00600,2
DB00610,2
DB00626,2
DB00630,2
DB00642,2
DB00647,2
DB00651,2
DB00652,2
DB00655,2
DB00663,2
DB00667,2
DB00668,2
DB00670,2
DB00671,2
DB00674,2
DB00677,2
DB00679,2
DB00683,2
DB00686,2
DB00690,2
DB00691,2
DB00697,2
DB00703,2
DB00706,2
DB00709,2
DB00723,2
DB00728,2
DB00732,2
DB00733,2
DB00735,2
DB00736,2
DB00750,2
DB00754,2
DB00758,2
DB00759,2
DB00767,2
DB00769,2
DB00770,2
DB00778,2
DB00781,2
DB00783,2
DB00784,2
DB00803,2
DB00812,2
DB00820,2
DB00825,2
DB00836,2
DB00856,2
DB00858,2
DB00867,2
DB00889,2
DB00910,2
DB00911,2
DB00913,2
DB00914,2
DB00919,2
DB00920,2
DB00923,2
DB00936,2
DB00937,2
DB00943,2
DB00944,2
DB00946,2
DB00970,2
DB00971,2
DB00980,2
DB01007,2
DB01011,2
DB01019,2
DB01031,2
DB01037,2
DB01039,2
DB01040,2
DB01046,2
DB01061,2
DB01065,2
DB01068,2
DB01105,2
DB01111,2
DB01127,2
DB01141,2
DB01146,2
DB01147,2
DB01157,2
DB01158,2
DB01166,2
DB01179,2
DB01188,2
DB01190,2
DB01199,2
DB01200,2
DB01205,2
DB01213,2
DB01217,2
DB01225,2
DB01228,2
DB01247,2
DB01250,2
DB01251,2
DB01271,2
DB01282,2
DB01284,2
DB01285,2
DB01291,2
DB01301,2
DB01320,2
DB01324,2
DB01327,2
DB01328,2
DB01333,2
DB01337,2
DB01364,2
DB01371,2
DB01376,2
DB01386,2
DB01387,2
DB01397,2
DB01403,2
DB01409,2
DB01410,2
DB01426,2
DB01439,2
DB01469,2
DB01476,2
DB01477,2
DB01481,2
DB01482,2
DB01483,2
DB01485,2
DB01498,2
DB01507,2
DB01511,2
DB01526,2
DB01532,2
DB01534,2
DB01536,2
DB01537,2
DB01546,2
DB01547,2
DB01548,2
DB01549,2
DB01550,2
DB01558,2
DB01559,2
DB01561,2
DB01564,2
DB01565,2
DB01566,2
DB01570,2
DB01574,2
DB01575,2
DB01577,2
DB01578,2
DB01579,2
DB01588,2
DB01593,2
DB01597,2
DB01598,2
DB01602,2
DB01603,2
DB01608,2
DB01609,2
DB01610,2
DB01616,2
DB01617,2
DB01618,2
DB01619,2
DB01620,2
DB01621,2
DB01623,2
DB01624,2
DB01625,2
DB01628,2
DB01631,2
DB01636,2
DB01637,2
DB01641,2
DB01642,2
DB01644,2
DB01646,2
DB01648,2
DB01652,2
DB01664,2
DB01665,2
DB01676,2
DB01678,2
DB01679,2
DB01680,2
DB01681,2
DB01682,2
DB01685,2
DB01689,2
DB01691,2
DB01692,2
DB01693,2
DB01695,2
DB01697,2
DB01700,2
DB01702,2
DB01705,2
DB01712,2
DB01714,2
DB01715,2
DB01716,2
DB01717,2
DB01718,2
DB01720,2
DB01752,2
DB01753,2
DB01756,2
DB01781,2
DB01909,2
DB01916,2
DB01993,2
DB01995,2
DB01996,2
DB02006,2
DB02018,2
DB02031,2
DB02044,2
DB02051,2
DB02066,2
DB02084,2
DB02095,2
DB02104,2
DB02110,2
DB02117,2
DB02141,2
DB02175,2
DB02193,2
DB02194,2
DB02213,2
DB02214,2
DB02215,2
DB02216,2
DB02229,2
DB02269,2
DB02270,2
DB02272,2
DB02274,2
DB02275,2
DB02277,2
DB02279,2
DB02284,2
DB02287,2
DB02289,2
DB02290,2
DB02295,2
DB02300,2
DB02309,2
DB02311,2
DB02315,2
DB02317,2
DB02325,2
DB02329,2
DB02330,2
DB02334,2
DB02340,2
DB02341,2
DB02343,2
DB02344,2
DB02345,2
DB02346,2
DB02347,2
DB02352,2
DB02353,2
DB02355,2
DB02362,2
DB02364,2
DB02367,2
DB02371,2
DB02375,2
DB02378,2
DB02380,2
DB02389,2
DB02398,2
DB02399,2
DB02411,2
DB02412,2
DB02423,2
DB02439,2
DB02440,2
DB02447,2
DB02448,2
DB02459,2
DB02464,2
DB02465,2
DB02471,2
DB02473,2
DB02480,2
DB02484,2
DB02488,2
DB02493,2
DB02495,2
DB02500,2
DB02502,2
DB02512,2
DB02517,2
DB02518,2
DB02520,2
DB02532,2
DB02539,2
DB02543,2
DB02546,2
DB02547,2
DB02550,2
DB02551,2
DB02552,2
DB02555,2
DB02561,2
DB02563,2
DB02566,2
DB02573,2
DB02577,2
DB02579,2
DB02583,2
DB02584,2
DB02585,2
DB02586,2
DB02589,2
DB02593,2
DB02594,2
DB02595,2
DB02596,2
DB02604,2
DB02605,2
DB02609,2
DB02619,2
DB02629,2
DB02632,2
DB02637,2
DB02638,2
DB02639,2
DB02644,2
DB02646,2
DB02648,2
DB02649,2
DB02651,2
DB02662,2
DB02664,2
DB02665,2
DB02673,2
DB02675,2
DB02676,2
DB02714,2
DB02716,2
DB02721,2
DB02728,2
DB02755,2
DB02801,2
DB02879,2
DB02907,2
DB02924,2
DB02947,2
DB02954,2
DB02955,2
DB02956,2
DB02959,2
DB02960,2
DB02965,2
DB02966,2
DB02972,2
DB02977,2
DB02978,2
DB02986,2
DB02988,2
DB02990,2
DB02991,2
DB02992,2
DB02996,2
DB02999,2
DB03003,2
DB03005,2
DB03009,2
DB03013,2
DB03016,2
DB03024,2
DB03026,2
DB03027,2
DB03030,2
DB03037,2
DB03048,2
DB03056,2
DB03057,2
DB03064,2
DB03065,2
DB03066,2
DB03069,2
DB03074,2
DB03091,2
DB03096,2
DB03100,2
DB03106,2
DB03119,2
DB03179,2
DC00022,2
DC00030,2
DC00042,2
DC00063,2
DC00083,2
DC00111,2
DC00118,2
DC00132,2
DC00137,2
DC00147,2
DC00151,2
DC00160,2
DC00179,2
DC00181,2
DC00182,2
DC00183,2
DC00187,2
DC00193,2
DC00213,2
DC00224,2
DC00232,2
DC00244,2
DC00255,2
DC00262,2
DC00268,2
DC00275,2
DC00278,2
DC00280,2
DC00286,2
DC00287,2
DC00289,2
DC00291,2
DC00292,2
DC00294,2
DC00297,2
DC00311,2
DC00312,2
DC00321,2
DC00325,2
DC00327,2
DC00341,2
DC00343,2
DC00360,2
DC00361,2
DC00363,2
DC00365,2
DC00369,2
DC00374,2
DC00378,2
DC00380,2
DC00383,2
DC00385,2
DC00387,2
DC00388,2
DC00390,2
DC00395,2
DC00414,2
DC00417,2
DC00418,2
DC00422,2
DC00446,2
DC00453,2
DC00462,2
DC00476,2
DC00478,2
DC00480,2
DC00481,2
DC00501,2
DC00508,2
DC00554,2
DC00556,2
DC00624,2
DC00635,2
DC00650,2
DC00662,2
DC00663,2
DC00672,2
DC00678,2
DC00711,2
DC00745,2
DC00760,2
DC00769,2
DC00827,2
DC00843,2
DC00846,2
DC00856,2
DC00862,2
DC00866,2
DC00867,2
DC00877,2
DC00882,2
DC00889,2
DC00903,2
DC00910,2
DC00914,2
DC00915,2
DC00934,2
DC00947,2
DC00967,2
DC00972,2
DC01009,2
DC01014,2
DC01038,2
DC01048,2
DC01054,2
DC01063,2
DC01071,2
DC01074,2
DC01075,2
DC01076,2
DC01082,2
DC01094,2
DC01101,2
DC01102,2
DC01129,2
DC01133,2
DC01134,2
DC01162,2
DC01176,2
DC01179,2
DC01180,2
DC01186,2
DC01187,2
DC01210,2
DC01212,2
DC01215,2
DC01222,2
DC01225,2
DC01255,2
DC01256,2
DC01276,2
DC01287,2
DC01312,2
DC01313,2
DC01320,2
DC01329,2
DC01330,2
DC01333,2
DC01335,2
DC01336,2
DC01341,2
DC01342,2
DC01344,2
DC01347,2
DC01350,2
DC01351,2
DC01359,2
DC01361,2
DC01362,2
DC01370,2
DC01383,2
DC01392,2
DC01400,2
DC01403,2
DC01407,2
DC01408,2
DC01409,2
DC01410,2
DC01411,2
DC01414,2
DC01418,2
DC01419,2
DC01420,2
DC01427,2
DC01435,2
DC01442,2
DC01448,2
DC01449,2
DC01465,2
DC01468,2
DC01479,2
DC01480,2
DC01492,2
DC01495,2
DC01504,2
DC01508,2
DC01511,2
DC01580,2
DC01597,2
DC01608,2
DC01609,2
DC01628,2
DC01632,2
DC01633,2
DC01646,2
DC01650,2
DC01657,2
DC01659,2
DC01676,2
DC01692,2
DC01695,2
DC01696,2
DC01697,2
DC01698,2
DC01701,2
DC01706,2
DC01707,2
DC01718,2
DC01730,2
DC01735,2
DC01736,2
DC01740,2
DC01741,2
DC01745,2
DC01746,2
DC01747,2
DC01749,2
DC01750,2
DC01751,2
DC01752,2
DC01753,2
DC01754,2
DC01755,2
DC01765,2
DC01766,2
DC01768,2
DC01769,2
DC01770,2
DC01773,2
DC01776,2
DC01778,2
DC01779,2
DC01784,2
DC01792,2
DC01811,2
DC01813,2
DC01815,2
DC01816,2
DC01817,2
DC01823,2
DC01825,2
DC01831,2
DC01837,2
DC01852,2
DC01874,2
DC01875,2
DC01877,2
DC01919,2
DC01923,2
DC01936,2
DC01938,2
DC01939,2
DC01966,2
DC01967,2
DC01968,2
DC01990,2
DC01992,2
DC03451,2
DC03547,2
DC03553,2
DC03585,2
DC03601,2
DC03609,2
DC03639,2
DC03709,2
DC03722,2
DC03774,2
DC03785,2
DC03790,2
DC03800,2
DC03816,2
DC03830,2
DC03833,2
DC03857,2
DC03893,2
DC03954,2
DC04019,2
DC04151,2
DC04364,2
DC04444,2
DC04556,2
DC04558,2
DC04561,2
DC04562,2
DC04581,2
DC04589,2
DC04590,2
DC04591,2
DC04620,2
DC04645,2
DC04666,2
DD00017,2
DD00020,2
DD00031,2
DD00045,2
DD00058,2
DD00064,2
DD00065,2
DD00067,2
DD00069,2
DD00076,2
DD00090,2
DD00093,2
DD00094,2
DD00096,2
DD00103,2
DD00105,2
DD00116,2
DD00118,2
DD00121,2
DD00136,2
DD00143,2
DD00150,2
DD00157,2
DD00158,2
DD00185,2
DD00253,2
DD00255,2
DD00259,2
DD00272,2
DD00296,2
DD00328,2
DD00337,2
DD00342,2
DD00357,2
DD00372,2
DD00379,2
DD00386,2
DD00441,2
DD00447,2
DD00455,2
DD00456,2
DD00498,2
DD00541,2
DD00570,2
DD00571,2
DD00572,2
DD00582,2
DD00584,2
DD00589,2
DD00593,2
DD00602,2
DD00619,2
DD00620,2
DD00622,2
DD00655,2
DD00673,2
DD00674,2
DD00683,2
DD00686,2
DD00723,2
DD00728,2
DD00845,2
DD00881,2
DD03078,2
DD03518,2
DD04216,2
DD04549,2
DD04656,2
DD05067,2
DD05105,2
DD05204,2
DD05208,2
DD05288,2
DD05301,2
DD05500,2
DD05511,2
DD05514,2
DD05519,2
DD05584,2
DD05587,2
DD05589,2
DD05612,2
DD05614,2
DD05615,2
DD05618,2
DD05620,2
DD05621,2
DD05622,2
DD05632,2
DD05637,2
DE00042,2
DE00043,2
DE00050,2
DE00100,2
DE00123,2
DE00131,2
DE00134,2
DE00138,2
DE00139,2
DE00142,2
DE00151,2
DE00171,2
DE00174,2
DE00197,2
DE00210,2
DE00255,2
DE00272,2
DE00294,2
DE00302,2
DE00305,2
DE00307,2
DE00340,2
DE00359,2
DE00364,2
DE00372,2
DE00383,2
DE00389,2
DE00495,2
DE00509,2
DE00540,2
DE00622,2
DE01032,2
DE01067,2
DE03707,2
DE03718,2
DE03796,2
DE03859,2
DE03872,2
DE03879,2
DE03884,2
DE03889,2
DE03896,2
DE03910,2
DE03922,2
DF00010,2
DF00016,2
DF00017,2
DF00022,2
DF00023,2
DF00024,2
DF00028,2
DF00034,2
DF00037,2
DF00041,2
DF00043,2
DF00045,2
DF00047,2
DF00050,2
DF00053,2
DF00054,2
DF00056,2
DF00057,2
DF00064,2
DF00067,2
DF00070,2
DF00071,2
DF00079,2
DF00080,2
DF00081,2
DF00083,2
DF00096,2
DF00099,2
DF00100,2
DF00102,2
DF00115,2
DF00123,2
DF00140,2
DF00160,2
DF00175,2
DF00180,2
DF00181,2
DF00191,2
DF00221,2
DF00254,2
DF00258,2
DF00264,2
DF00272,2
DF00282,2
DF00284,2
DF00310,2
DF00352,2
DF00371,2
DF00403,2
DF00409,2
DF00410,2
DF00418,2
DF00419,2
DF00421,2
DF00423,2
DF00427,2
DF00429,2
DF00434,2
DF00437,2
DF00440,2
DF00443,2
DF00451,2
DF00460,2
DF00462,2
DF00470,2
DF00473,2
DF00474,2
DF00478,2
DF00479,2
DF00484,2
DH00024,2
DH00026,2
DH00029,2
DH00030,2
DH00033,2
DH00034,2
DH00037,2
DH00040,2
DH00043,2
DH00046,2
DH00048,2
DH00050,2
DH00053,2
DH00060,2
DH00061,2
DH00078,2
DH00080,2
DH00082,2
DH00093,2
DH00094,2
DH00097,2
DH00098,2
DH00100,2
DH00106,2
DH00115,2
DH00122,2
DH00123,2
DH00137,2
DH00142,2
DH00145,2
DH00146,2
DH00147,2
DH00166,2
DH00174,2
DH00208,2
DH00221,2
DH00229,2
DH00230,2
DH00231,2
DH00233,2
DH00235,2
DH00240,2
DH00241,2
DH00290,2
DH00296,2
DH00308,2
DH00311,2
DH00312,2
DH00315,2
DH00352,2
DH00379,2
DH00383,2
DH00390,2
DH00398,2
DH00400,2
DH00404,2
DH00443,2
DH00466,2
DH00471,2
DH00489,2
DH00505,2
DH00506,2
DH00533,2
DH00548,2
DH00552,2
DH00649,2
DH00660,2
DH00669,2
DH00671,2
DH00672,2
DH00676,2
DH00680,2
DH00682,2
DH00691,2
DH00692,2
DH00699,2
DH00707,2
DH00709,2
DH00718,2
DH00721,2
DH00725,2
DH00727,2
DH00728,2
DH00731,2
DH00732,2
DH00735,2
DH00738,2
DH00741,2
DH00743,2
DH00747,2
DH00771,2
DH00774,2
DH00775,2
DH00779,2
DH00781,2
DH00788,2
DH00793,2
DH00795,2
DH00802,2
DH00807,2
DH00829,2
DH00841,2
DH00847,2
DH00850,2
DH00867,2
DH00871,2
DH00896,2
DH00897,2
DH00924,2
DH00928,2
DH00958,2
DH00975,2
DJ00020,2
DJ00024,2
DJ00030,2
DJ00034,2
DJ00036,2
DJ00037,2
DJ00044,2
DJ00045,2
DJ00047,2
DJ00056,2
DJ00058,2
DJ00068,2
DJ00069,2
DJ00071,2
DJ00072,2
DJ00080,2
DJ00081,2
DJ00106,2
DJ00110,2
DJ00114,2
DJ00115,2
DJ00121,2
DJ00124,2
DJ00132,2
DJ00133,2
DJ00134,2
DJ00146,2
DJ00150,2
DJ00152,2
DJ00161,2
DJ00162,2
DJ00163,2
DJ00185,2
DJ00192,2
DJ00197,2
DJ00200,2
DJ00230,2
DJ00233,2
DJ00277,2
DJ00309,2
DJ00313,2
DJ00324,2
DJ00340,2
DJ00353,2
DJ00371,2
DJ00373,2
DJ00374,2
DJ00382,2
DJ00387,2
DJ00395,2
DJ00407,2
DL00035,2
DL00047,2
DL00058,2
DL00060,2
DL00062,2
DL00075,2
DL00076,2
DL00096,2
DL00111,2
DL00114,2
DL00119,2
DL00135,2
DL00136,2
DL00137,2
DL00147,2
DL00153,2
DL00172,2
DL00174,2
DL00181,2
DL00183,2
DL00184,2
DL00209,2
DL00282,2
DL00303,2
DL00317,2
DL00339,2
DL00348,2
DL00353,2
DL00374,2
DL00375,2
DL00392,2
DL00407,2
DL00419,2
DL00539,2
DL00542,2
DL00544,2
DL00547,2
DL00548,2
DL00560,2
DL00561,2
DL00564,2
DL00569,2
DL00580,2
DL00582,2
DL00583,2
DL00585,2
EA00005,2
EA00012,2
EA00022,2
EA00036,2
EA00037,2
EA00044,2
EA00048,2
EA00050,2
EA00062,2
EA00063,2
EA00066,2
EA00070,2
EA00074,2
EA00082,2
EA00089,2
EA00090,2
EA00098,2
EA00099,2
EA00107,2
EA00114,2
EA00115,2
EA00118,2
EA00121,2
EA00125,2
EA00128,2
EA00139,2
EA00141,2
EA00149,2
EA00150,2
EA00154,2
EA00156,2
EA00160,2
EA00173,2
EA00178,2
EA00185,2
EA00198,2
EA00201,2
EA00208,2
EA00212,2
EA00226,2
EA00228,2
EA00231,2
EA00235,2
EA00240,2
EA00241,2
EA00244,2
EA00247,2
EA00249,2
EA00257,2
EA00261,2
EA00271,2
EA00280,2
EA00285,2
EA00287,2
EA00298,2
EA00299,2
EA00308,2
EA00309,2
EA00311,2
EA00313,2
EA00329,2
EA00334,2
EA00338,2
EA00349,2
EA00358,2
EA00359,2
EA00361,2
EA00362,2
EA00364,2
EA00368,2
EA00372,2
EA00373,2
EA00374,2
EA00375,2
EA00376,2
EA00379,2
EA00380,2
EA00381,2
EA00383,2
EA00384,2
EA00386,2
EA00387,2
EA00388,2
EA00390,2
EA00396,2
EA00402,2
EA00404,2
EA00405,2
EA00411,2
EA00422,2
EA00423,2
EA00430,2
EA00431,2
EA00433,2
EA00435,2
EA00437,2
EA00439,2
EA00440,2
EA00442,2
EA00461,2
EA00466,2
EA00514,2
EA00525,2
EA00535,2
EA00542,2
EA00545,2
EA00547,2
EA00549,2
EA00550,2
EA00551,2
EA00553,2
EA00554,2
EA00555,2
EA00556,2
EA00558,2
EA00560,2
EA00561,2
EA00562,2
EA00563,2
EA00565,2
EA00567,2
EA00568,2
EA00569,2
EA00570,2
EA00573,2
EA00575,2
EA00576,2
EA00582,2
EA00586,2
EA00588,2
EA00590,2
EA00591,2
EA00592,2
EA00593,2
EA00595,2
EA00598,2
EA00604,2
EA00612,2
EA00615,2
EA00616,2
EA00619,2
EA00620,2
EA00621,2
EA00623,2
EA00624,2
EA00626,2
EA00627,2
EA00631,2
EA00632,2
EA00633,2
EA00634,2
EA00635,2
EA00640,2
EA00641,2
EA00642,2
EA00643,2
EA00644,2
EA00645,2
EA00646,2
EA00647,2
EA00648,2
EA00649,2
EA00650,2
EA00654,2
EA00657,2
EA00659,2
EA00660,2
EA00662,2
EA00663,2
EA00667,2
EA00668,2
EA00669,2
EA00670,2
EA00776,2
EA00782,2
EA00785,2
EA00787,2
EA00790,2
EA00792,2
EA00794,2
EA00797,2
EA00799,2
EA00808,2
EA00809,2
EA00811,2
EA00812,2
EA00813,2
EA00816,2
EA00819,2
EA00820,2
EA00822,2
EA00829,2
EA00835,2
EA00845,2
EA00848,2
EA00855,2
EA00856,2
EA00862,2
EA00863,2
EA00864,2
EA00880,2
EB00004,2
EB00007,2
EB00012,2
EB00017,2
EB00018,2
EB00020,2
EB00030,2
EB00032,2
EB00033,2
EB00038,2
EB00039,2
EB00044,2
EB00050,2
EB00061,2
EB00074,2
EB00081,2
EB00086,2
EB00092,2
EB00093,2
EB00096,2
EB00098,2
EB00099,2
EB00100,2
EB00101,2
EB00102,2
EB00103,2
EB00104,2
EB00106,2
EB00107,2
EB00108,2
EB00109,2
EB00110,2
EB00114,2
EB00115,2
EB00117,2
EB00118,2
EB00123,2
EB00125,2
EB00131,2
EB00132,2
EB00134,2
EB00137,2
EB00139,2
EB00140,2
EB00146,2
EB00148,2
EB00149,2
EB00150,2
EB00153,2
EB00155,2
EB00156,2
EB00157,2
EB00166,2
EB00167,2
EB00168,2
EB00171,2
EB00172,2
EB00175,2
EB00176,2
EB00177,2
EB00179,2
EB00180,2
EB00182,2
EB00183,2
EB00184,2
EB00185,2
EB00186,2
EB00187,2
EB00188,2
EB00198,2
EB00200,2
EB00201,2
EB00202,2
EB00203,2
EB00204,2
EB00205,2
EB00206,2
EB00207,2
EB00208,2
EB00209,2
EB00212,2
EB00213,2
EB00216,2
EB00222,2
EB00224,2
EB00225,2
EB00227,2
EB00228,2
EB00229,2
EB00244,2
EB00274,2
EB00275,2
EB00276,2
EB00277,2
EB00278,2
EB00279,2
EB00280,2
EB00284,2
EB00286,2
EB00289,2
EB00291,2
EB00299,2
EB00300,2
EB00301,2
EB00302,2
EB00307,2
EB00309,2
EB00314,2
EB00318,2
EB00322,2
EB00324,2
EB00325,2
EB00327,2
EB00328,2
EB00329,2
EB00330,2
EB00333,2
EB00334,2
EB00335,2
EB00336,2
EB00339,2
EB00345,2
EB00346,2
EB00350,2
EB00351,2
EB00358,2
EB00359,2
EB00360,2
EB00361,2
EB00362,2
EB00364,2
EB00368,2
EB00370,2
EB00377,2
EB00379,2
EB00381,2
EB00388,2
EB00389,2
EB00390,2
EB00391,2
EB00392,2
EB00393,2
EB00397,2
EB00400,2
EB00401,2
EB00402,2
EB00403,2
EB00410,2
EB00413,2
EB00423,2
EB00427,2
EC00003,2
EC00009,2
EC00011,2
EC00012,2
EC00013,2
EC00015,2
EC00016,2
EC00024,2
EC00032,2
EC00033,2
EC00035,2
EC00039,2
EC00045,2
EC00049,2
EC00050,2
EC00064,2
EC00065,2
EC00070,2
EC00072,2
EC00073,2
EC00074,2
EC00075,2
EC00076,2
EC00077,2
EC00078,2
EC00079,2
EC00081,2
EC00083,2
EC00088,2
EC00093,2
EC00101,2
EC00106,2
EC00113,2
EC00119,2
EL00010,2
EL00052,2
EL00075,2
EL00079,2
EL00138,2
EL00191,2
EL00194,2
EL00195,2
FA00001,2
FA00011,2
FA00014,2
FA00016,2
FA00017,2
FA00018,2
FA00020,2
FA00024,2
FA00040,2
FA00041,2
FA00042,2
FA00044,2
FA00049,2
FA00055,2
FA00059,2
FB00081,2
FB00083,2
FC00037,2
FC00060,2
FD00008,2
FD00023,2
FD00098,2
FE00011,2
AF01523,1
HA00001,1
HA00003,1
HA00009,1
HA00013,1
HA00015,1
HA00016,1
HA00020,1
HA00023,1
HA00025,1
HA00026,1
HA00027,1
HA00029,1
HA00034,1
HA00035,1
HA00037,1
HA00041,1
HA00044,1
HA00048,1
HA00049,1
HA00050,1
HA00053,1
HA00057,1
HA00062,1
HA00064,1
HA00068,1
HA00069,1
HA00072,1
HA00073,1
HA00074,1
HA00077,1
HA00079,1
HA00081,1
HA00083,1
HA00084,1
HA00089,1
HA00090,1
HA00091,1
HA00092,1
HA00094,1
HA00095,1
HA00097,1
HA00098,1
HA00101,1
HA00102,1
HA00111,1
HA00112,1
HA00113,1
HA00114,1
HA00116,1
HA00119,1
HA00121,1
HA00122,1
HA00123,1
HA00125,1
HA00127,1
HA00128,1
HA00129,1
HA00130,1
HA00131,1
HA00132,1
HA00133,1
HA00134,1
HA00141,1
HA00142,1
HA00145,1
HA00146,1
HA00147,1
HA00148,1
HA00149,1
HA00152,1
HA00154,1
HA00156,1
HA00159,1
HA00162,1
HA00163,1
HA00166,1
HA00167,1
HA00170,1
HA00173,1
HA00176,1
HA00177,1
HA00178,1
HA00180,1
HA00182,1
HA00185,1
HA00187,1
HA00188,1
HA00189,1
HA00190,1
HA00192,1
HA00193,1
HA00194,1
HA00195,1
HA00196,1
HA00197,1
HA00198,1
HA00199,1
HA00200,1
HA00201,1
HA00202,1
HA00204,1
HA00205,1
HA00207,1
HA00208,1
HA00209,1
HA00212,1
HA00214,1
HA00215,1
HA00217,1
HA00219,1
HA00220,1
HA00221,1
HA00222,1
HA00223,1
HA00224,1
HA00225,1
HA00226,1
HA00229,1
HA00233,1
HA00234,1
HA00236,1
HA00237,1
HA00238,1
HA00239,1
HA00242,1
HA00243,1
HA00244,1
HA00245,1
HA00247,1
HA00248,1
HA00249,1
HA00250,1
HA00252,1
HA00253,1
HA00254,1
HA00255,1
HA00256,1
HA00257,1
HA00258,1
HA00262,1
HA00263,1
HA00264,1
HA00265,1
HA00267,1
HA00268,1
HA00270,1
HA00271,1
HA00272,1
HA00273,1
HA00275,1
HA00277,1
HA00278,1
HA00279,1
HA00280,1
HA00283,1
HA00284,1
HA00285,1
HA00287,1
HA00288,1
HA00291,1
HA00292,1
HA00294,1
HA00295,1
HA00296,1
HA00298,1
HA00305,1
HA00307,1
HA00308,1
HA00310,1
HA00311,1
HA00312,1
HA00316,1
HA00317,1
HA00318,1
HA00319,1
HA00325,1
HA00327,1
HA00330,1
HA00331,1
HA00332,1
HA00334,1
HA00335,1
HA00336,1
HA00338,1
HA00341,1
HA00342,1
HA00345,1
HA00347,1
HA00349,1
HA00352,1
HA00353,1
HA00354,1
HA00355,1
HA00356,1
HA00357,1
HA00359,1
HA00360,1
HA00361,1
HA00362,1
HA00364,1
HA00366,1
HA00367,1
HA00368,1
HA00370,1
HA00372,1
HA00402,1
HA00404,1
HA00405,1
HA00406,1
HA00408,1
HA00409,1
HA00410,1
HA00411,1
HA00412,1
HA00413,1
HA00414,1
HA00416,1
HA00417,1
HA00418,1
HA00419,1
HA00421,1
HA00423,1
HA00426,1
HA00427,1
HA00428,1
HA00430,1
HA00432,1
HA00433,1
HA00434,1
HA00435,1
HA00436,1
HA00437,1
HA00438,1
HA00439,1
HA00440,1
HA00441,1
HA00442,1
HA00443,1
HA00447,1
HA00449,1
HA00450,1
HA00451,1
HA00452,1
HA00453,1
HA00454,1
HA00458,1
HA00459,1
HA00461,1
HA00462,1
HA00463,1
HA00464,1
HA00465,1
HA00466,1
HA00467,1
HA00472,1
HA00473,1
HA00474,1
HA00475,1
HA00476,1
HA00477,1
HA00478,1
HA00481,1
HA00484,1
HA00485,1
HA00486,1
HA00488,1
HA00490,1
HA00495,1
HA00499,1
HA00500,1
HA00503,1
HA00505,1
HA00507,1
HA00510,1
HA00511,1
HA00512,1
HA00516,1
HA00519,1
HA00523,1
HA00524,1
HA00525,1
HA00526,1
HA00527,1
HA00528,1
HA00529,1
HA00530,1
HA00535,1
HA00536,1
HA00537,1
HA00538,1
HA00539,1
HA00540,1
HA00542,1
HA00546,1
HA00551,1
HA00552,1
HA00555,1
HA00556,1
HA00557,1
HA00560,1
HA00562,1
HA00565,1
HA00568,1
HA00569,1
HA00572,1
HA00575,1
HA00577,1
HA00581,1
HA00584,1
HA00585,1
HA00587,1
HA00588,1
HA00594,1
HA00596,1
HA00599,1
HA00600,1
HA00601,1
HA00606,1
HA00608,1
HA00610,1
HA00611,1
HA00613,1
HA00614,1
HA00615,1
HA00616,1
HA00619,1
HA00620,1
HA00623,1
HA00630,1
HA00631,1
HA00632,1
HA00633,1
HA00634,1
HA00635,1
HA00637,1
HA00638,1
HA00643,1
HA00645,1
HA00646,1
HA00653,1
HA00655,1
HA00656,1
HA00660,1
HA00663,1
HA00664,1
HA00666,1
HA00671,1
HA00672,1
HA00675,1
HA00678,1
HA00679,1
HA00681,1
HA00682,1
HA00683,1
HA00686,1
HA00687,1
HA00688,1
HA00691,1
HA00693,1
HA00703,1
HA00707,1
HA00709,1
HA00711,1
HA00715,1
HA00716,1
HA00717,1
HA00718,1
HA00723,1
HA00727,1
HA00729,1
HA00730,1
HA00731,1
HA00732,1
HA00739,1
HA00744,1
HA00750,1
HA00758,1
HA00759,1
HA00760,1
HA00763,1
HA00764,1
HA00768,1
HA00775,1
HA00778,1
HA00779,1
HA00780,1
HA00781,1
HA00782,1
HA00787,1
HA00789,1
HA00792,1
HA00795,1
HA00797,1
HA00799,1
HA00801,1
HA00802,1
HA00804,1
HA00805,1
HA00806,1
HA00809,1
HA00810,1
HA00811,1
HA00812,1
HA00814,1
HA00821,1
HA00822,1
HA00824,1
HA00825,1
HA00829,1
HA00830,1
HA00833,1
HA00837,1
HA00840,1
HA00841,1
HA00844,1
HA00846,1
HA00848,1
HA00849,1
HA00851,1
HA00852,1
HA00854,1
HA00855,1
HA00856,1
HA00857,1
HA00858,1
HA00859,1
HA00860,1
HA00861,1
HA00862,1
HA00865,1
HA00866,1
HA00868,1
HA00870,1
HA00872,1
HA00874,1
HA00878,1
HA00879,1
HA00881,1
HA00882,1
HA00883,1
HA00884,1
HA00885,1
HA00886,1
HA00887,1
HA00888,1
HA00889,1
HA00890,1
HA00891,1
HA00892,1
HA00893,1
HA00895,1
HA00896,1
HA00897,1
HA00899,1
HA00900,1
HA00901,1
HA00902,1
HA00903,1
HA00904,1
HA00905,1
HA00906,1
HA00907,1
HA00908,1
HA00910,1
HA00911,1
HA00912,1
HA00915,1
HA00917,1
HA00918,1
HA00919,1
HA00920,1
HA00921,1
HA00922,1
HA00923,1
HA00925,1
HA00926,1
HA00927,1
HA00929,1
HA00930,1
HA00931,1
HA00933,1
HA00934,1
HA00935,1
HA00936,1
HA00937,1
HA00938,1
HA00939,1
HA00940,1
HA00941,1
HA00942,1
HA00943,1
HA00944,1
HA00946,1
HA00947,1
HA00948,1
HA00949,1
HA00950,1
HA00951,1
HA00953,1
HA00954,1
HA00956,1
HA00957,1
HA00958,1
HA00960,1
HA00961,1
HA00962,1
HA00963,1
HA00964,1
HA00965,1
HA00967,1
HA00968,1
HA00969,1
HA00970,1
HA00972,1
HA00973,1
HA00975,1
HA00976,1
HA00979,1
HA00980,1
HA00982,1
HA00983,1
HA00984,1
HA00985,1
HA00986,1
HA00988,1
HA00989,1
HA00990,1
HA00991,1
HA00992,1
HA00993,1
HA00994,1
HA00995,1
HA00996,1
HA00999,1
HA01000,1
HA01001,1
HA01002,1
HA01003,1
HA01005,1
HA01006,1
HA01007,1
HA01008,1
HA01009,1
HA01010,1
HA01011,1
HA01013,1
HA01014,1
HA01015,1
HA01016,1
HA01017,1
HA01018,1
HA01019,1
HA01024,1
HA01025,1
HA01026,1
HA01027,1
HA01028,1
HA01029,1
HA01030,1
HA01031,1
HA01032,1
HA01033,1
HA01034,1
HA01035,1
HA01036,1
HA01037,1
HA01038,1
HA01039,1
HA01040,1
HA01041,1
HA01042,1
HA01043,1
HA01044,1
HA01046,1
HA01047,1
HA01048,1
HA01049,1
HA01050,1
HA01051,1
HA01052,1
HA01053,1
HA01054,1
HA01055,1
HA01056,1
HA01057,1
HA01058,1
HA01059,1
HA01060,1
HA01061,1
HA01062,1
HA01063,1
HA01064,1
HA01066,1
HA01067,1
HA01068,1
HA01070,1
HA01071,1
HA01075,1
HA01076,1
HA01077,1
HA01078,1
HA01079,1
HA01080,1
HA01081,1
HA01082,1
HA01083,1
HA01085,1
HA01086,1
HA01088,1
HA01089,1
HA01090,1
HA01091,1
HA01092,1
HA01093,1
HA01094,1
HA01095,1
HA01096,1
HA01097,1
HA01098,1
HA01099,1
HA01100,1
HA01101,1
HA01102,1
HA01103,1
HA01104,1
HA01105,1
HA01106,1
HA01107,1
HA01108,1
HA01109,1
HA01110,1
HA01112,1
HA01113,1
HA01114,1
HA01115,1
HA01116,1
HA01117,1
HA01118,1
HA01119,1
HA01120,1
HA01121,1
HA01122,1
HA01123,1
HA01125,1
HA01127,1
HA01128,1
HA01129,1
HA01130,1
HA01131,1
HA01132,1
HA01133,1
HA01134,1
HA01135,1
HA01136,1
HA01137,1
HA01138,1
HA01139,1
HA01141,1
HA01142,1
HA01143,1
HA01144,1
HA01146,1
HA01147,1
HA01148,1
HA01149,1
HA01150,1
HA01151,1
HA01152,1
HA01153,1
HA01154,1
HA01155,1
HA01156,1
HA01157,1
HA01158,1
HA01159,1
HA01160,1
HA01161,1
HA01162,1
HA01163,1
HA01165,1
HA01166,1
HA01167,1
HA01168,1
HA01169,1
HA01170,1
HA01171,1
HA01172,1
HA01173,1
HA01174,1
HA01175,1
HA01176,1
HA01177,1
HA01178,1
HA01179,1
HA01180,1
HA01181,1
HA01182,1
HA01183,1
HA01184,1
HA01185,1
HA01186,1
HA01188,1
HA01189,1
HA01190,1
HA01191,1
HA01192,1
HA01193,1
HA01194,1
HA01195,1
HA01196,1
HA01197,1
HA01199,1
HA01200,1
HA01204,1
HA01205,1
HA01206,1
HA01207,1
HA01208,1
HA01209,1
HA01210,1
HA01212,1
HA01213,1
HA01214,1
HA01215,1
HA01217,1
HA01219,1
HA01220,1
HA01221,1
HA01222,1
HA01223,1
HA01301,1
HA01302,1
HA01303,1
HA01304,1
HA01305,1
HA01306,1
HA01307,1
HA01308,1
HA01309,1
HA01310,1
HA01312,1
HA01313,1
HA01315,1
HA01316,1
HA01317,1
HA01318,1
HA01319,1
HA01320,1
HA01321,1
HA01323,1
HA01324,1
HA01325,1
HA01326,1
HA01327,1
HA01330,1
HA01331,1
HA01332,1
HA01333,1
HA01334,1
HA01336,1
HA01337,1
HA01338,1
HA01339,1
HA01340,1
HA01342,1
HA01343,1
HA01344,1
HA01347,1
HA01348,1
HA01349,1
HA01350,1
HA01351,1
HA01352,1
HA01353,1
HA01354,1
HA01355,1
HA01358,1
HA01359,1
HA01360,1
HA01361,1
HA01362,1
HA01363,1
HA01364,1
HA01365,1
HA01366,1
HA01367,1
HA01368,1
HA01370,1
HA01371,1
HA01373,1
HA01374,1
HA01375,1
HA01376,1
HA01380,1
HA01382,1
HA01384,1
HA01385,1
HA01386,1
HA01387,1
HA01388,1
HA01389,1
HA01390,1
HA01391,1
HA01392,1
HA01393,1
HA01394,1
HA01395,1
HA01396,1
HA01397,1
HA01398,1
HA01399,1
HA01400,1
HA01401,1
HA01402,1
HA01403,1
HA01404,1
HA01405,1
HA01406,1
HA01407,1
HA01408,1
HA01409,1
HA01411,1
HA01412,1
HA01413,1
HA01414,1
HA01415,1
HA01416,1
HA01418,1
HA01420,1
HA01421,1
HA01423,1
HA01424,1
HA01425,1
HA01426,1
HA01427,1
HA01428,1
HA01429,1
HA01430,1
HA01431,1
HA01432,1
HA01433,1
HA01434,1
HA01435,1
HA01436,1
HA01438,1
HA01439,1
HA01440,1
HA01441,1
HA01442,1
HA01444,1
HA01445,1
HA01451,1
HA01452,1
HA01453,1
HA01454,1
HA01456,1
HA01457,1
HA01459,1
HA01460,1
HA01462,1
HA01463,1
HA01464,1
HA01465,1
HA01466,1
HA01468,1
HA01469,1
HA01470,1
HA01471,1
HA01472,1
HA01473,1
HA01474,1
HA01475,1
HA01476,1
HA01477,1
HA01478,1
HA01479,1
HA01480,1
HA01481,1
HA01482,1
HA01483,1
HA01484,1
HA01486,1
HA01487,1
HA01488,1
HA01489,1
HA01491,1
HA01492,1
HA01493,1
HA01494,1
HA01495,1
HA01496,1
HA01497,1
HA01498,1
HA01501,1
HA01502,1
HA01503,1
HA01504,1
HA01507,1
HA01510,1
HA01511,1
HA01515,1
HA01516,1
HA01517,1
HA01518,1
HA01520,1
HA01521,1
HA01523,1
HA01524,1
HA01526,1
HA01528,1
HA01529,1
HA01530,1
HA01531,1
HA01532,1
HA01533,1
HA01534,1
HA01535,1
HA01539,1
HA01543,1
HA01544,1
HA01545,1
HA01546,1
HA01549,1
HA01550,1
HA01551,1
HA01554,1
HA01555,1
HA01556,1
HA01557,1
HA01558,1
HA01559,1
HA01560,1
HA01561,1
HA01564,1
HA01565,1
HA01567,1
HA01568,1
HA01569,1
HA01571,1
HA01572,1
HA01573,1
HA01576,1
HA01577,1
HA01578,1
HA01580,1
HA01582,1
HA01589,1
HA01591,1
HA01592,1
HA01593,1
HA01594,1
HA01597,1
HA01598,1
HA01600,1
HA01604,1
HA01606,1
HA01607,1
HA01609,1
HA01610,1
HA01611,1
HA01612,1
HA01613,1
HA01614,1
HA01615,1
HA01616,1
HA01617,1
HA01618,1
HA01620,1
HA01624,1
HA01625,1
HA01634,1
HA01638,1
HA01639,1
HA01641,1
HA01645,1
HA01646,1
HA01647,1
HA01653,1
HA01656,1
HA01657,1
HA01661,1
HA01666,1
HA01667,1
HA01668,1
HA01670,1
HA01671,1
HA01672,1
HA01675,1
HA01676,1
HA01677,1
HA01678,1
HA01679,1
HA01680,1
HA01682,1
HA01683,1
HA01684,1
HA01685,1
HA01686,1
HA01687,1
HA01688,1
HA01689,1
HA01691,1
HA01697,1
HA01698,1
HA01703,1
HA01705,1
HA01707,1
HA01714,1
HA01715,1
HA01721,1
HA01729,1
HA01736,1
HA01744,1
HA01746,1
HA01749,1
HA01752,1
HA01756,1
HA01759,1
HA01761,1
HA01762,1
HA01766,1
HA01767,1
HA01771,1
HA01772,1
HA01777,1
HA01786,1
HA01787,1
HA01788,1
HA01790,1
HA01792,1
HA01796,1
HA01797,1
HA01803,1
HA01804,1
HA01812,1
HA01825,1
HA01831,1
HA01832,1
HA01833,1
HA01838,1
HA01847,1
HA01848,1
HA01850,1
HA01851,1
HA01858,1
HA01864,1
HA01869,1
HA01870,1
HA01873,1
HA01875,1
HA01876,1
HA01896,1
HA01910,1
HA01919,1
HA01926,1
HA01956,1
HA01962,1
HA01963,1
HA01966,1
HA01969,1
HA01973,1
HA01977,1
HA01978,1
HB00001,1
HB00008,1
HB00009,1
HB00019,1
HB00024,1
HB00025,1
HB00030,1
HB00031,1
HB00033,1
HB00034,1
HB00038,1
HB00041,1
HB00042,1
HB00044,1
HB00051,1
HB00053,1
HB00056,1
HB00057,1
HB00062,1
HB00064,1
HB00068,1
HB00069,1
HB00071,1
HB00074,1
HB00075,1
HB00076,1
HB00078,1
HB00079,1
HB00080,1
HB00082,1
HB00084,1
HB00087,1
HB00090,1
HB00092,1
HB00094,1
HB00102,1
HB00103,1
HB00104,1
HB00105,1
HB00108,1
HB00109,1
HB00110,1
HB00112,1
HB00115,1
HB00117,1
HB00121,1
HB00124,1
HB00128,1
HB00130,1
HB00134,1
HB00135,1
HB00138,1
HB00139,1
HB00141,1
HB00142,1
HB00143,1
HB00144,1
HB00145,1
HB00146,1
HB00149,1
HB00151,1
HB00153,1
HB00160,1
HB00162,1
HB00168,1
HB00171,1
HB00174,1
HB00178,1
HB00179,1
HB00180,1
HB00181,1
HB00182,1
HB00184,1
HB00185,1
HB00188,1
HB00193,1
HB00196,1
HB00197,1
HB00198,1
HB00204,1
HB00205,1
HB00208,1
HB00210,1
HB00211,1
HB00213,1
HB00215,1
HB00216,1
HB00218,1
HB00219,1
HB00220,1
HB00221,1
HB00222,1
HB00231,1
HB00233,1
HB00234,1
HB00236,1
HB00237,1
HB00238,1
HB00239,1
HB00242,1
HB00243,1
HB00244,1
HB00245,1
HB00246,1
HB00247,1
HB00248,1
HB00251,1
HB00252,1
HB00254,1
HB00255,1
HB00256,1
HB00260,1
HB00263,1
HB00266,1
HB00267,1
HB00271,1
HB00272,1
HB00273,1
HB00275,1
HB00279,1
HB00280,1
HB00286,1
HB00288,1
HB00289,1
HB00290,1
HB00295,1
HB00296,1
HB00301,1
HB00303,1
HB00306,1
HB00307,1
HB00308,1
HB00309,1
HB00311,1
HB00315,1
HB00316,1
HB00319,1
HB00320,1
HB00322,1
HB00323,1
HB00325,1
HB00327,1
HB00328,1
HB00329,1
HB00332,1
HB00334,1
HB00335,1
HB00338,1
HB00339,1
HB00340,1
HB00343,1
HB00344,1
HB00347,1
HB00348,1
HB00349,1
HB00350,1
HB00353,1
HB00355,1
HB00359,1
HB00362,1
HB00363,1
HB00364,1
HB00365,1
HB00367,1
HB00374,1
HB00377,1
HB00378,1
HB00379,1
HB00381,1
HB00382,1
HB00384,1
HB00385,1
HB00386,1
HB00387,1
HB00389,1
HB00390,1
HB00394,1
HB00395,1
HB00397,1
HB00398,1
HB00401,1
HB00402,1
HB00403,1
HB00406,1
HB00410,1
HB00411,1
HB00412,1
HB00413,1
HB00414,1
HB00415,1
HB00416,1
HB00417,1
HB00418,1
HB00419,1
HB00420,1
HB00426,1
HB00427,1
HB00428,1
HB00430,1
HB00433,1
HB00434,1
HB00435,1
HB00436,1
HB00439,1
HB00440,1
HB00441,1
HB00443,1
HB00444,1
HB00445,1
HB00446,1
HB00447,1
HB00448,1
HB00449,1
HB00450,1
HB00454,1
HB00457,1
HB00459,1
HB00460,1
HB00463,1
HB00470,1
HB00473,1
HB00474,1
HB00475,1
HB00479,1
HB00480,1
HB00482,1
HB00485,1
HB00486,1
HB00489,1
HB00491,1
HB00492,1
HB00493,1
HB00494,1
HB00495,1
HB00496,1
HB00497,1
HB00505,1
HB00507,1
HB00510,1
HB00511,1
HB00512,1
HB00513,1
HB00518,1
HB00520,1
HB00521,1
HB00522,1
HB00523,1
HB00524,1
HB00526,1
HB00527,1
HB00529,1
HB00533,1
HB00537,1
HB00539,1
HB00540,1
HB00541,1
HB00543,1
HB00545,1
HB00550,1
HB00559,1
HB00564,1
HB00570,1
HB00573,1
HB00576,1
HB00584,1
HB00587,1
HB00588,1
HB00592,1
HB00593,1
HB00598,1
HB00599,1
HB00600,1
HB00603,1
HB00608,1
HB00609,1
HB00610,1
HB00611,1
HB00612,1
HB00614,1
HB00615,1
HB00616,1
HB00617,1
HB00618,1
HB00619,1
HB00623,1
HB00628,1
HB00629,1
HB00630,1
HB00631,1
HB00632,1
HB00633,1
HB00634,1
HB00635,1
HB00636,1
HB00639,1
HB00641,1
HB00642,1
HB00643,1
HB00646,1
HB00647,1
HB00649,1
HB00652,1
HB00653,1
HB00658,1
HB00659,1
HB00660,1
HB00661,1
HB00662,1
HB00664,1
HB00667,1
HB00671,1
HB00673,1
HB00674,1
HB00675,1
HB00676,1
HB00678,1
HB00679,1
HB00680,1
HB00681,1
HB00685,1
HB00687,1
HB00688,1
HB00690,1
HB00692,1
HB00694,1
HB00695,1
HB00699,1
HB00700,1
HB00703,1
HB00707,1
HB00718,1
HB00721,1
HB00723,1
HB00726,1
HB00727,1
HB00728,1
HB00729,1
HB00730,1
HB00731,1
HB00732,1
HB00735,1
HB00737,1
HB00739,1
HB00740,1
HB00741,1
HB00742,1
HB00744,1
HB00753,1
HB00756,1
HB00757,1
HB00758,1
HB00761,1
HB00762,1
HB00764,1
HB00766,1
HB00767,1
HB00769,1
HB00774,1
HB00775,1
HB00776,1
HB00778,1
HB00779,1
HB00781,1
HB00782,1
HB00784,1
HB00785,1
HB00786,1
HB00787,1
HB00788,1
HB00790,1
HB00791,1
HB00792,1
HB00793,1
HB00799,1
HB00802,1
HB00805,1
HB00810,1
HB00814,1
HB00816,1
HB00818,1
HB00819,1
HB00820,1
HB00823,1
HB00824,1
HB00827,1
HB00828,1
HB00829,1
HB00830,1
HB00831,1
HB00833,1
HB00834,1
HB00837,1
HB00838,1
HB00843,1
HB00844,1
HB00846,1
HB00848,1
HB00849,1
HB00850,1
HB00851,1
HB00856,1
HB00857,1
HB00858,1
HB00861,1
HB00864,1
HB00865,1
HB00866,1
HB00867,1
HB00869,1
HB00870,1
HB00872,1
HB00874,1
HB00875,1
HB00876,1
HB00877,1
HB00879,1
HB00880,1
HB00881,1
HB00883,1
HB00884,1
HB00885,1
HB00886,1
HB00887,1
HB00890,1
HB00891,1
HB00892,1
HB00893,1
HB00898,1
HB00899,1
HB00901,1
HB00909,1
HB00910,1
HB00911,1
HB00912,1
HB00914,1
HB00915,1
HB00916,1
HB00917,1
HB00918,1
HB00921,1
HB00922,1
HB00924,1
HB00925,1
HB00926,1
HB00927,1
HB00928,1
HB00930,1
HB00931,1
HB00936,1
HB00937,1
HB00938,1
HB00940,1
HB00942,1
HB00943,1
HB00944,1
HB00945,1
HB00946,1
HB00947,1
HB00949,1
HB00950,1
HB00951,1
HB00952,1
HB00953,1
HB00954,1
HB00955,1
HB00956,1
HB00957,1
HB00958,1
HB00959,1
HB00960,1
HB00961,1
HB00962,1
HB00963,1
HB00964,1
HB00965,1
HB00966,1
HB00967,1
HB00968,1
HB00969,1
HB00970,1
HB00971,1
HB00972,1
HB00973,1
HB00974,1
HB00975,1
HB00976,1
HB00977,1
HB00978,1
HB00982,1
HB00983,1
HB00984,1
HB00987,1
HB00988,1
HB00990,1
HB00993,1
HB00997,1
HB01002,1
HB01007,1
HB01008,1
HB01009,1
HB01010,1
HB01012,1
HB01013,1
HB01014,1
HB01015,1
HB01017,1
HB01018,1
HB01019,1
HB01020,1
HB01021,1
HB01022,1
HB01023,1
HB01024,1
HB01025,1
HB01028,1
HB01030,1
HB01032,1
HB01033,1
HB01035,1
HB01036,1
HB01037,1
HB01039,1
HB01040,1
HB01041,1
HB01042,1
HB01044,1
HB01045,1
HB01046,1
HB01048,1
HB01049,1
HB01051,1
HB01052,1
HB01053,1
HB01054,1
HB01055,1
HB01056,1
HB01060,1
HB01061,1
HB01062,1
HB01063,1
HB01064,1
HB01065,1
HB01066,1
HB01067,1
HB01068,1
HB01069,1
HB01070,1
HB01071,1
HB01072,1
HB01073,1
HB01074,1
HB01075,1
HB01077,1
HB01078,1
HB01080,1
HB01082,1
HB01083,1
HB01084,1
HB01085,1
HB01086,1
HB01088,1
HB01089,1
HB01090,1
HB01092,1
HB01093,1
HB01094,1
HB01095,1
HB01096,1
HB01097,1
HB01098,1
HB01100,1
HB01101,1
HB01102,1
HB01103,1
HB01104,1
HB01105,1
HB01108,1
HB01109,1
HB01110,1
HB01111,1
HB01112,1
HB01115,1
HB01123,1
HB01124,1
HB01128,1
HB01132,1
HB01137,1
HB01142,1
HB01144,1
HB01148,1
HB01150,1
HB01152,1
HB01156,1
HB01159,1
HB01161,1
HB01162,1
HB01167,1
HB01168,1
HB01171,1
HB01174,1
HB01180,1
HB01182,1
HB01183,1
HB01185,1
HB01190,1
HB01191,1
HB01194,1
HB01196,1
HB01204,1
HB01208,1
HB01211,1
HB01212,1
HB01230,1
HB01232,1
HB01235,1
HB01238,1
HB01239,1
HB01240,1
HB01241,1
HB01242,1
HB01243,1
HB01247,1
HB01248,1
HB01249,1
HB01250,1
HB01252,1
HB01253,1
HB01255,1
HB01256,1
HB01257,1
HB01259,1
HB01260,1
HB01262,1
HB01263,1
HB01264,1
HB01266,1
HB01268,1
HB01269,1
HB01270,1
HB01274,1
HB01276,1
HB01277,1
HB01278,1
HB01281,1
HB01282,1
HB01283,1
HB01284,1
HB01285,1
HB01286,1
HB01288,1
HB01290,1
HB01291,1
HB01292,1
HB01294,1
HB01295,1
HB01297,1
HB01299,1
HB01300,1
HB01301,1
HB01302,1
HB01303,1
HB01304,1
HB01305,1
HB01306,1
HB01307,1
HB01308,1
HB01309,1
HB01310,1
HB01311,1
HB01312,1
HB01313,1
HB01314,1
HB01315,1
HB01316,1
HB01317,1
HB01318,1
HB01319,1
HB01320,1
HB01323,1
HB01324,1
HB01325,1
HB01326,1
HB01327,1
HB01328,1
HB01329,1
HB01330,1
HB01331,1
HB01332,1
HB01333,1
HB01334,1
HB01335,1
HB01337,1
HB01338,1
HB01339,1
HB01340,1
HB01342,1
HB01343,1
HB01344,1
HB01345,1
HB01346,1
HB01347,1
HB01348,1
HB01349,1
HB01350,1
HB01353,1
HB01354,1
HB01355,1
HB01356,1
HB01358,1
HB01359,1
HB01361,1
HB01362,1
HB01363,1
HB01364,1
HB01369,1
HB01370,1
HB01373,1
HB01374,1
HB01375,1
HB01376,1
HB01377,1
HB01378,1
HB01380,1
HB01381,1
HB01382,1
HB01384,1
HB01385,1
HB01386,1
HB01387,1
HB01389,1
HB01392,1
HB01393,1
HB01394,1
HB01395,1
HB01396,1
HB01397,1
HB01398,1
HB01399,1
HB01400,1
HB01401,1
HB01402,1
HB01403,1
HB01404,1
HB01405,1
HB01406,1
HB01407,1
HB01408,1
HB01410,1
HB01411,1
HB01413,1
HB01414,1
HB01415,1
HB01418,1
HB01419,1
HB01422,1
HB01424,1
HB01425,1
HB01429,1
HB01431,1
HB01432,1
HB01438,1
HB01439,1
HB01440,1
HB01441,1
HB01442,1
HB01443,1
HB01445,1
HB01446,1
HB01449,1
HB01450,1
HB01451,1
HB01453,1
HB01454,1
HB01455,1
HB01457,1
HB01458,1
HB01459,1
HB01460,1
HB01461,1
HB01462,1
HB01464,1
HB01468,1
HB01471,1
HB01472,1
HB01473,1
HB01475,1
HB01476,1
HB01477,1
HB01478,1
HB01479,1
HB01480,1
HB01481,1
HB01483,1
HB01484,1
HB01486,1
HB01487,1
HB01489,1
HB01490,1
HB01491,1
HB01492,1
HB01493,1
HB01494,1
HB01495,1
HB01496,1
HB01497,1
HB01498,1
HB01499,1
HB01504,1
HB01505,1
HB01507,1
HB01508,1
HB01509,1
HB01512,1
HB01516,1
HB01518,1
HB01519,1
HB01521,1
HB01522,1
HB01523,1
HB01524,1
HB01525,1
HB01526,1
HB01527,1
HB01528,1
HB01529,1
HB01530,1
HB01531,1
HB01532,1
HB01533,1
HB01534,1
HB01535,1
HB01538,1
HB01539,1
HB01540,1
HB01541,1
HB01542,1
HB01543,1
HB01544,1
HB01545,1
HB01546,1
HB01548,1
HB01549,1
HB01550,1
HB01551,1
HB01552,1
HB01553,1
HB01554,1
HB01555,1
HB01556,1
HB01557,1
HB01558,1
HB01559,1
HB01560,1
HB01561,1
HB01563,1
HB01564,1
HB01565,1
HB01566,1
HB01567,1
HB01568,1
HB01569,1
HB01570,1
HB01571,1
HB01572,1
HB01573,1
HB01574,1
HB01577,1
HB01578,1
HB01579,1
HB01580,1
HB01581,1
HB01584,1
HB01586,1
HB01587,1
HB01588,1
HB01589,1
HB01590,1
HB01592,1
HB01593,1
HB01594,1
HB01595,1
HB01598,1
HB01599,1
HB01600,1
HB01602,1
HB01604,1
HB01607,1
HB01608,1
HB01609,1
HB01610,1
HB01611,1
HB01612,1
HB01613,1
HB01616,1
HB01617,1
HB01618,1
HB01619,1
HB01623,1
HB01626,1
HB01628,1
HB01630,1
HB01631,1
HB01633,1
HB01634,1
HB01635,1
HB01638,1
HB01639,1
HB01642,1
HB01643,1
HB01646,1
HB01648,1
HB01650,1
HB01651,1
HB01653,1
HB01654,1
HB01655,1
HB01656,1
HB01657,1
HB01659,1
HB01660,1
HB01661,1
HB01663,1
HB01664,1
HB01665,1
HB01666,1
HB01667,1
HB01669,1
HB01670,1
HB01671,1
HB01673,1
HB01674,1
HB01675,1
HB01676,1
HB01677,1
HB01678,1
HB01679,1
HB01680,1
HB01681,1
HB01682,1
HB01686,1
HB01687,1
HB01688,1
HB01690,1
HB01695,1
HB01696,1
HB01697,1
HB01698,1
HB01699,1
HB01700,1
HB01701,1
HB01702,1
HB01703,1
HB01705,1
HB01706,1
HB01707,1
HB01708,1
HB01709,1
HB01710,1
HB01711,1
HB01712,1
HB01713,1
HB01715,1
HB01716,1
HB01718,1
HB01719,1
HB01720,1
HB01721,1
HB01722,1
HB01723,1
HB01724,1
HB01725,1
HB01726,1
HB01727,1
HB01728,1
HB01729,1
HB01731,1
HB01734,1
HB01739,1
HB01752,1
HB01753,1
HB01756,1
HB01757,1
HB01758,1
HB01759,1
HB01763,1
HB01764,1
HB01765,1
HB01766,1
HB01772,1
HB01777,1
HB01783,1
HB01784,1
HB01786,1
HB01788,1
HB01800,1
HB01801,1
HB01806,1
HB01809,1
HB01819,1
HB01820,1
HB01821,1
HB01822,1
HB01825,1
HB01826,1
HB01828,1
HB01830,1
HB01831,1
HB01835,1
HB01836,1
HB01839,1
HB01840,1
HB01841,1
HB01852,1
HB01853,1
HB01854,1
HB01855,1
HB01856,1
HB01862,1
HB01863,1
HB01865,1
HB01870,1
HB01871,1
HB01872,1
HB01873,1
HB01874,1
HB01875,1
HB01876,1
HB01877,1
HB01878,1
HB01879,1
HB01880,1
HB01881,1
HB01882,1
HB01883,1
HB01884,1
HB01885,1
HB01886,1
HB01888,1
HB01890,1
HB01891,1
HB01894,1
HB01895,1
HB01897,1
HB01898,1
HB01899,1
HB01900,1
HB01902,1
HB01905,1
HB01907,1
HB02002,1
HB02004,1
HB02005,1
HB02006,1
HB02007,1
HB02013,1
HB02014,1
HB02015,1
HB02016,1
HB02017,1
HB02018,1
HB02019,1
HB02022,1
HB02024,1
HB02027,1
HB02030,1
HB02038,1
HB02040,1
HB02045,1
HB02046,1
HB02047,1
HB02050,1
HB02052,1
HB02054,1
HB02056,1
HB02060,1
HB02063,1
HB02072,1
HB02076,1
HB02077,1
HB02080,1
HB02082,1
HB02083,1
HB02084,1
HB02101,1
HB02103,1
HB02105,1
HB02106,1
HB02109,1
HB02112,1
HB02113,1
HB02114,1
HB02115,1
HB02116,1
HB02117,1
HB02118,1
HB02119,1
HB02120,1
HB02121,1
HB02122,1
HB02123,1
HB02124,1
HB02125,1
HB02126,1
HB02127,1
HB02129,1
HB02130,1
HB02132,1
HB02133,1
HB02134,1
HB02136,1
HB02137,1
HB02139,1
HB02140,1
HB02141,1
HB02142,1
HB02143,1
HB02144,1
HB02145,1
HB02146,1
HB02147,1
HB02148,1
HB02149,1
HB02150,1
HB02151,1
HB02152,1
HB02155,1
HB02156,1
HB02157,1
HB02159,1
HB02160,1
HB02161,1
HB02162,1
HB02163,1
HB02164,1
HB02165,1
HB02167,1
HB02168,1
HB02169,1
HB02170,1
HB02171,1
HB02172,1
HB02176,1
HB02177,1
HB02178,1
HB02179,1
HB02180,1
HB02181,1
HB02182,1
HB02183,1
HB02185,1
HB02188,1
HB02190,1
HB02193,1
HB02203,1
HB02204,1
HB02206,1
HB02207,1
HB02208,1
HB02209,1
HB02211,1
HB02214,1
HB02216,1
HB02217,1
HB02218,1
HB02225,1
HB02226,1
HB02227,1
HB02229,1
HB02230,1
HB02231,1
HB02238,1
HB02240,1
HB02246,1
HB02247,1
HB02250,1
HB02261,1
HB02267,1
HB02268,1
HB02269,1
HB02270,1
HB02275,1
HB02276,1
HB02277,1
HB02278,1
HB02282,1
HB02287,1
HB02288,1
HB02289,1
HB02290,1
HB02294,1
HB02297,1
HB02301,1
HB02302,1
HB02303,1
HB02304,1
HB02305,1
HB02307,1
HB02311,1
HB02312,1
HB02313,1
HB02317,1
HB02328,1
HB02329,1
HB02334,1
HB02341,1
HB02344,1
HB02345,1
HB02346,1
HB02347,1
HB02350,1
HB02351,1
HB02354,1
HB02355,1
HB02356,1
HB02357,1
HB02361,1
HB02365,1
HB02366,1
HB02367,1
HB02368,1
HB02369,1
HB02370,1
HB02371,1
HB02372,1
HB02374,1
HB02375,1
HB02378,1
HB02379,1
HB02384,1
HB02385,1
HB02386,1
HB02387,1
HB02388,1
HB02389,1
HB02390,1
HB02391,1
HB02392,1
HB02394,1
HB02395,1
HB02396,1
HB02397,1
HB02398,1
HB02400,1
HB02401,1
HB02403,1
HB02404,1
HB02405,1
HB02406,1
HB02407,1
HB02411,1
HB02414,1
HB02415,1
HB02416,1
HB02420,1
HB02422,1
HB02423,1
HB02424,1
HB02425,1
HB02427,1
HB02431,1
HB02432,1
HB02433,1
HB02435,1
HB02437,1
HB02439,1
HB02441,1
HB02442,1
HB02443,1
HB02445,1
HB02446,1
HB02449,1
HB02453,1
HB02454,1
HB02455,1
HB02456,1
HB02457,1
HB02458,1
HB02459,1
HB02460,1
HB02462,1
HB02463,1
HB02464,1
HB02466,1
HB02468,1
HB02469,1
HB02471,1
HB02472,1
HB02473,1
HB02474,1
HB02475,1
HB02477,1
HB02478,1
HB02479,1
HB02481,1
HB02483,1
HB02489,1
HB02498,1
HB02499,1
HB02501,1
HB02503,1
HB02505,1
HB02508,1
HB02513,1
HB02516,1
HB02517,1
HB02519,1
HB02522,1
HB02524,1
HB02526,1
HB02527,1
HB02538,1
HB02539,1
HB02540,1
HB02541,1
HB02542,1
HB02543,1
HB02547,1
HB02548,1
HB02550,1
HB02551,1
HB02552,1
HB02553,1
HB02554,1
HB02555,1
HB02556,1
HB02557,1
HB02558,1
HB02559,1
HB02560,1
HB02564,1
HB02575,1
HB05289,1
HB05305,1
HB05322,1
HB05325,1
HB05326,1
HB05327,1
HB05332,1
HB05334,1
HB05350,1
HB05353,1
HB05359,1
HB05370,1
HB05377,1
HB05380,1
HB05382,1
HB05390,1
HB05403,1
HB05405,1
HB05406,1
HB05409,1
HB05413,1
HB05417,1
HB05425,1
HB05426,1
HB05429,1
HB05455,1
HB05465,1
HB05473,1
HB05475,1
HB05476,1
HB05477,1
HB05479,1
HB05480,1
HB05485,1
HB05487,1
HB05491,1
HB05502,1
HB05516,1
HB05519,1
HB05522,1
HB05525,1
HC00010,1
HC00011,1
HC00013,1
HC00014,1
HC00016,1
HC00017,1
HC00020,1
HC00024,1
HC00025,1
HC00026,1
HC00027,1
HC00030,1
HC00034,1
HC00035,1
HC00037,1
HC00038,1
HC00040,1
HC00043,1
HC00044,1
HC00045,1
HC00047,1
HC00048,1
HC00049,1
HC00050,1
HC00051,1
HC00054,1
HC00055,1
HC00056,1
HC00059,1
HC00060,1
HC00061,1
HC00063,1
HC00065,1
HC00066,1
HC00067,1
HC00070,1
HC00071,1
HC00072,1
HC00073,1
HC00075,1
HC00087,1
HC00089,1
HC00090,1
HC00091,1
HC00096,1
HC00101,1
HC00114,1
HC00115,1
HC00116,1
HC00117,1
HC00118,1
HC00119,1
HC00122,1
HC00128,1
HC00129,1
HC00132,1
HC00133,1
HC00134,1
HC00138,1
HC00142,1
HC00145,1
HC00146,1
HC00147,1
HC00150,1
HC00152,1
HC00156,1
HC00157,1
HC00158,1
HC00169,1
HC00172,1
HC00176,1
HC00177,1
HC00178,1
HC00179,1
HC00182,1
HC00184,1
HC00188,1
HC00191,1
HC00193,1
HC00194,1
HC00196,1
HC00199,1
HC00205,1
HC00206,1
HC00211,1
HC00219,1
HC00221,1
HC00224,1
HC00233,1
HC00234,1
HC00235,1
HC00237,1
HC00239,1
HC00243,1
HC00246,1
HC00255,1
HC00258,1
HC00259,1
HC00263,1
HC00264,1
HC00268,1
HC00275,1
HC00276,1
HC00277,1
HC00279,1
HC00280,1
HC00281,1
HC00282,1
HC00283,1
HC00285,1
HC00287,1
HC00288,1
HC00289,1
HC00290,1
HC00291,1
HC00292,1
HC00293,1
HC00294,1
HC00297,1
HC00298,1
HC00300,1
HC00301,1
HC00302,1
HC00305,1
HC00306,1
HC00308,1
HC00309,1
HC00311,1
HC00315,1
HC00318,1
HC00319,1
HC00320,1
HC00321,1
HC00323,1
HC00324,1
HC00326,1
HC00327,1
HC00328,1
HC00329,1
HC00331,1
HC00332,1
HC00334,1
HC00335,1
HC00336,1
HC00338,1
HC00339,1
HC00341,1
HC00342,1
HC00343,1
HC00344,1
HC00345,1
HC00346,1
HC00347,1
HC00348,1
HC00351,1
HC00352,1
HC00353,1
HC00354,1
HC00355,1
HC00356,1
HC00357,1
HC00358,1
HC00359,1
HC00360,1
HC00361,1
HC00363,1
HC00365,1
HC00366,1
HC00368,1
HC00369,1
HC00370,1
HC00371,1
HC00374,1
HC00375,1
HC00376,1
HC00377,1
HC00380,1
HC00381,1
HC00384,1
HC00385,1
HC00386,1
HC00387,1
HC00388,1
HC00390,1
HC00392,1
HC00394,1
HC00398,1
HC00399,1
HC00400,1
HC00402,1
HC00403,1
HC00405,1
HC00406,1
HC00407,1
HC00408,1
HC00409,1
HC00411,1
HC00412,1
HC00413,1
HC00414,1
HC00415,1
HC00416,1
HC00417,1
HC00418,1
HC00419,1
HC00420,1
HC00421,1
HC00423,1
HC00424,1
HC00425,1
HC00426,1
HC00427,1
HC00430,1
HC00431,1
HC00432,1
HC00434,1
HC00435,1
HC00436,1
HC00437,1
HC00439,1
HC00440,1
HC00441,1
HC00443,1
HC00447,1
HC00448,1
HC00450,1
HC00451,1
HC00452,1
HC00453,1
HC00456,1
HC00457,1
HC00459,1
HC00461,1
HC00464,1
HC00465,1
HC00466,1
HC00467,1
HC00468,1
HC00469,1
HC00470,1
HC00472,1
HC00474,1
HC00475,1
HC00476,1
HC00478,1
HC00481,1
HC00483,1
HC00484,1
HC00485,1
HC00486,1
HC00487,1
HC00488,1
HC00489,1
HC00490,1
HC00491,1
HC00492,1
HC00493,1
HC00494,1
HC00495,1
HC00496,1
HC00497,1
HC00498,1
HC00500,1
HC00501,1
HC00502,1
HC00503,1
HC00504,1
HC00506,1
HC00507,1
HC00509,1
HC00510,1
HC00511,1
HC00512,1
HC00513,1
HC00514,1
HC00515,1
HC00516,1
HC00517,1
HC00519,1
HC00520,1
HC00521,1
HC00522,1
HC00523,1
HC00525,1
HC00526,1
HC00527,1
HC00528,1
HC00529,1
HC00530,1
HC00531,1
HC00532,1
HC00535,1
HC00541,1
HC00543,1
HC00545,1
HC00546,1
HC00547,1
HC00549,1
HC00553,1
HC00555,1
HC00556,1
HC00557,1
HC00559,1
HC00560,1
HC00561,1
HC00562,1
HC00563,1
HC00564,1
HC00565,1
HC00567,1
HC00568,1
HC00569,1
HC00571,1
HC00572,1
HC00573,1
HC00575,1
HC00576,1
HC00578,1
HC00579,1
HC00581,1
HC00583,1
HC00584,1
HC00586,1
HC00587,1
HC00588,1
HC00590,1
HC00593,1
HC00594,1
HC00595,1
HC00596,1
HC00597,1
HC00598,1
HC00599,1
HC00600,1
HC00601,1
HC00602,1
HC00604,1
HC00606,1
HC00607,1
HC00608,1
HC00609,1
HC00610,1
HC00611,1
HC00612,1
HC00613,1
HC00614,1
HC00616,1
HC00617,1
HC00618,1
HC00619,1
HC00620,1
HC00621,1
HC00622,1
HC00625,1
HC00626,1
HC00627,1
HC00631,1
HC00632,1
HC00634,1
HC00635,1
HC00636,1
HC00638,1
HC00640,1
HC00641,1
HC00646,1
HC00648,1
HC00649,1
HC00650,1
HC00652,1
HC00655,1
HC00656,1
HC00657,1
HC00659,1
HC00660,1
HC00661,1
HC00663,1
HC00664,1
HC00666,1
HC00668,1
HC00669,1
HC00671,1
HC00672,1
HC00675,1
HC00676,1
HC00677,1
HC00678,1
HC00680,1
HC00681,1
HC00687,1
HC00688,1
HC00689,1
HC00691,1
HC00693,1
HC00694,1
HC00697,1
HC00698,1
HC00699,1
HC00702,1
HC00703,1
HC00705,1
HC00706,1
HC00710,1
HC00713,1
HC00714,1
HC00715,1
HC00716,1
HC00717,1
HC00719,1
HC00720,1
HC00721,1
HC00722,1
HC00724,1
HC00726,1
HC00727,1
HC00728,1
HC00729,1
HC00730,1
HC00731,1
HC00733,1
HC00736,1
HC00738,1
HC00739,1
HC00741,1
HC00744,1
HC00745,1
HC00746,1
HC00748,1
HC00749,1
HC00750,1
HC00751,1
HC00752,1
HC00753,1
HC00754,1
HC00756,1
HC00758,1
HC00760,1
HC00761,1
HC00764,1
HC00767,1
HC00769,1
HC00770,1
HC00772,1
HC00777,1
HC00778,1
HC00779,1
HC00780,1
HC00781,1
HC00782,1
HC00783,1
HC00788,1
HC00789,1
HC00791,1
HC00795,1
HC00797,1
HC00798,1
HC00800,1
HC00803,1
HC00804,1
HC00805,1
HC00806,1
HC00807,1
HC00808,1
HC00812,1
HC00813,1
HC00814,1
HC00815,1
HC00816,1
HC00817,1
HC00818,1
HC00821,1
HC00822,1
HC00823,1
HC00824,1
HC00825,1
HC00826,1
HC00827,1
HC00828,1
HC00830,1
HC00831,1
HC00832,1
HC00833,1
HC00834,1
HC00836,1
HC00837,1
HC00839,1
HC00840,1
HC00841,1
HC00842,1
HC00843,1
HC00845,1
HC00847,1
HC00848,1
HC00850,1
HC00851,1
HC00852,1
HC00853,1
HC00854,1
HC00855,1
HC00856,1
HC00857,1
HC00858,1
HC00863,1
HC00865,1
HC00866,1
HC00868,1
HC00869,1
HC00870,1
HC00871,1
HC00872,1
HC00873,1
HC00874,1
HC00875,1
HC00876,1
HC00877,1
HC00878,1
HC00880,1
HC00881,1
HC00882,1
HC00883,1
HC00886,1
HC00887,1
HC00888,1
HC00889,1
HC00890,1
HC00891,1
HC00892,1
HC00893,1
HC00895,1
HC00896,1
HC00897,1
HC00898,1
HC00899,1
HC00907,1
HC00911,1
HC00913,1
HC00916,1
HC00917,1
HC00922,1
HC00923,1
HC00924,1
HC00928,1
HC00929,1
HC00931,1
HC00937,1
HC00938,1
HC00940,1
HC00941,1
HC00942,1
HC00943,1
HC00944,1
HC00946,1
HC00949,1
HC00950,1
HC00951,1
HC00958,1
HC00959,1
HC00960,1
HC00963,1
HC00964,1
HC00965,1
HC00966,1
HC00969,1
HC00971,1
HC00972,1
HC00973,1
HC00974,1
HC00975,1
HC00976,1
HC00977,1
HC00978,1
HC00980,1
HC00981,1
HC00984,1
HC00985,1
HC00986,1
HC00987,1
HC00989,1
HC00990,1
HC00991,1
HC00992,1
HC00993,1
HC00994,1
HC00995,1
HC00997,1
HC00998,1
HC00999,1
HC01000,1
HC01001,1
HC01004,1
HC01005,1
HC01009,1
HC01010,1
HC01011,1
HC01012,1
HC01013,1
HC01014,1
HC01016,1
HC01018,1
HC01019,1
HC01020,1
HC01022,1
HC01023,1
HC01024,1
HC01026,1
HC01027,1
HC01030,1
HC01032,1
HC01035,1
HC01036,1
HC01037,1
HC01039,1
HC01040,1
HC01042,1
HC01043,1
HC01044,1
HC01045,1
HC01046,1
HC01048,1
HC01049,1
HC01050,1
HC01051,1
HC01055,1
HC01057,1
HC01058,1
HC01059,1
HC01060,1
HC01061,1
HC01062,1
HC01063,1
HC01068,1
HC01069,1
HC01070,1
HC01072,1
HC01073,1
HC01074,1
HC01076,1
HC01077,1
HC01078,1
HC01079,1
HC01081,1
HC01083,1
HC01084,1
HC01085,1
HC01087,1
HC01088,1
HC01089,1
HC01090,1
HC01091,1
HC01092,1
HC01095,1
HC01096,1
HC01097,1
HC01100,1
HC01102,1
HC01104,1
HC01105,1
HC01106,1
HC01107,1
HC01108,1
HC01110,1
HC01111,1
HC01112,1
HC01114,1
HC01120,1
HC01121,1
HC01122,1
HC01125,1
HC01131,1
HC01133,1
HC01134,1
HC01137,1
HC01139,1
HC01140,1
HC01141,1
HC01147,1
HC01148,1
HC01152,1
HC01155,1
HC01157,1
HC01160,1
HC01163,1
HC01165,1
HC01172,1
HC01185,1
HC01193,1
HC01195,1
HC01228,1
HC01237,1
HC01241,1
HC01242,1
HC01250,1
HC01251,1
HD00003,1
HD00005,1
HD00006,1
HD00007,1
HD00008,1
HD00009,1
HD00011,1
HD00013,1
HD00022,1
HD00023,1
HD00024,1
HD00029,1
HD00030,1
HD00047,1
HD00048,1
HD00049,1
HD00056,1
HD00069,1
HD00079,1
HD00084,1
HD00086,1
HD00088,1
HD00089,1
HD00091,1
HD00092,1
HD00099,1
HD00105,1
HD00109,1
HD00113,1
HD00114,1
HD00120,1
HD00123,1
HD00124,1
HD00127,1
HD00128,1
HD00129,1
HD00134,1
HD00136,1
HD00139,1
HD00148,1
HD00150,1
HD00155,1
HD00159,1
HD00164,1
HD00168,1
HD00172,1
HD00175,1
HD00178,1
HD00182,1
HD00188,1
HD00198,1
HD00200,1
HD00205,1
HD00207,1
HD00209,1
HD00215,1
HD00217,1
HD00221,1
HD00222,1
HD00225,1
HD00229,1
HD00231,1
HD00236,1
HD00239,1
HD00241,1
HD00243,1
HD00244,1
HD00245,1
HD00250,1
HD00253,1
HD00254,1
HD00255,1
HD00260,1
HD00261,1
HD00262,1
HD00264,1
HD00268,1
HD00270,1
HD00275,1
HD00277,1
HD00280,1
HD00282,1
HD00283,1
HD00284,1
HD00287,1
HD00288,1
HD00290,1
HD00293,1
HD00295,1
HD00296,1
HD00297,1
HD00298,1
HD00300,1
HD00303,1
HD00304,1
HD00312,1
HD00313,1
HD00314,1
HD00315,1
HD00316,1
HD00318,1
HD00325,1
HD00326,1
HD00327,1
HD00333,1
HD00334,1
HD00339,1
HD00342,1
HD00349,1
HD00350,1
HD00353,1
HD00354,1
HD00356,1
HD00358,1
HD00360,1
HD00361,1
HD00362,1
HD00363,1
HD00364,1
HD00366,1
HD00370,1
HD00374,1
HD00384,1
HD00386,1
HD00388,1
HD00389,1
HD00391,1
HD00393,1
HD00394,1
HD00396,1
HD00406,1
HD00415,1
HD00416,1
HD00419,1
HD00421,1
HD00422,1
HD00423,1
HD00424,1
HD00426,1
HD00427,1
HD00428,1
HD00429,1
HD00430,1
HD00431,1
HD00436,1
HD00442,1
HD00443,1
HD00445,1
HD00446,1
HD00448,1
HD00450,1
HD00451,1
HD00455,1
HD00456,1
HD00460,1
HD00467,1
HD00469,1
HD00470,1
HD00471,1
HD00473,1
HD00475,1
HD00477,1
HD00479,1
HD00483,1
HD00484,1
HD00485,1
HD00486,1
HD00488,1
HD00491,1
HD00492,1
HD00493,1
HD00494,1
HD00496,1
HD00497,1
HD00499,1
HD00501,1
HD00504,1
HD00505,1
HD00508,1
HD00510,1
HD00512,1
HD00513,1
HD00514,1
HD00516,1
HD00517,1
HD00518,1
HD00519,1
HD00520,1
HD00528,1
HD00531,1
HD00542,1
HD00543,1
HD00544,1
HD00548,1
HD00551,1
HD00553,1
HD00554,1
HD00556,1
HD00557,1
HD00558,1
HD00559,1
HD00562,1
HD00564,1
HD00565,1
HD00566,1
HD00568,1
HD00569,1
HD00570,1
HD00571,1
HD00575,1
HD00576,1
HD00578,1
HD00579,1
HD00580,1
HD00581,1
HD00583,1
HD00586,1
HD00590,1
HD00591,1
HD00593,1
HD00594,1
HD00595,1
HD00597,1
HD00599,1
HD00600,1
HD00602,1
HD00603,1
HD00604,1
HD00606,1
HD00607,1
HD00609,1
HD00610,1
HD00611,1
HD00614,1
HD00616,1
HD00618,1
HD00619,1
HD00620,1
HD00626,1
HD00627,1
HD00628,1
HD00629,1
HD00630,1
HD00631,1
HD00632,1
HD00634,1
HD00635,1
HD00639,1
HD00640,1
HD00641,1
HD00643,1
HD00645,1
HD00647,1
HD00648,1
HD00650,1
HD00651,1
HD00654,1
HD00656,1
HD00657,1
HD00660,1
HD00666,1
HD00667,1
HD00669,1
HD00670,1
HD00671,1
HD00673,1
HD00674,1
HD00677,1
HD00678,1
HD00682,1
HD00688,1
HD00689,1
HD00692,1
HD00694,1
HD00696,1
HD00698,1
HD00700,1
HD00701,1
HD00705,1
HD00710,1
HD00714,1
HD00717,1
HD00720,1
HD00733,1
HD00734,1
HD00736,1
HD00740,1
HD00745,1
HD00754,1
HD00757,1
HD00758,1
HD00763,1
HD00764,1
HD00766,1
HD00768,1
HD00770,1
HD00771,1
HD00772,1
HD00773,1
HD00775,1
HD00777,1
HD00780,1
HD00782,1
HD00789,1
HD00790,1
HD00793,1
HD00797,1
HD00798,1
HD00799,1
HD00801,1
HD00802,1
HD00804,1
HD00809,1
HD00811,1
HD00812,1
HD00815,1
HD00816,1
HD00817,1
HD00818,1
HD00819,1
HD00820,1
HD00822,1
HD00823,1
HD00825,1
HD00826,1
HD00827,1
HD00834,1
HD00837,1
HD00838,1
HD00839,1
HD00841,1
HD00842,1
HD00844,1
HD00847,1
HD00848,1
HD00851,1
HD00853,1
HD00854,1
HD00855,1
HD00856,1
HD00857,1
HD00863,1
HD00869,1
HD00870,1
HD00882,1
HD00883,1
HD00890,1
HD00891,1
HD00893,1
HD00899,1
HD00900,1
HD00902,1
HD00903,1
HD00904,1
HD00906,1
HD00907,1
HD00908,1
HD00909,1
HD00911,1
HD00913,1
HD00917,1
HD00918,1
HD00921,1
HD00924,1
HD00928,1
HD00930,1
HD00931,1
HD00932,1
HD00937,1
HD00942,1
HD00944,1
HD00947,1
HD00948,1
HD00951,1
HD00955,1
HD00957,1
HD00959,1
HD00961,1
HD00964,1
HD00965,1
HD00968,1
HD00970,1
HD00972,1
HD00973,1
HD00977,1
HD00980,1
HD00983,1
HD00984,1
HD00987,1
HD00991,1
HD00992,1
HD00993,1
HD00996,1
HD00998,1
HD00999,1
HD01002,1
HD01003,1
HD01005,1
HD01006,1
HD01007,1
HD01008,1
HD01009,1
HD01014,1
HD01017,1
HD01018,1
HD01021,1
HD01022,1
HD01023,1
HD01025,1
HD01026,1
HD01028,1
HD01030,1
HD01033,1
HD01034,1
HD01035,1
HD01038,1
HD01040,1
HD01043,1
HD01046,1
HD01051,1
HD01052,1
HD01053,1
HD01054,1
HD01056,1
HD01057,1
HD01060,1
HD01062,1
HD01063,1
HD01064,1
HD01069,1
HD01071,1
HD01073,1
HD01074,1
HD01076,1
HD01077,1
HD01078,1
HD01079,1
HD01080,1
HD01081,1
HD01082,1
HD01083,1
HD01084,1
HD01085,1
HD01087,1
HD01090,1
HD01091,1
HD01094,1
HD01101,1
HD01102,1
HD01109,1
HD01110,1
HD01111,1
HD01113,1
HD01115,1
HD01116,1
HD01117,1
HD01121,1
HD01127,1
HD01129,1
HD01130,1
HD01131,1
HD01132,1
HD01133,1
HD01134,1
HD01137,1
HD01138,1
HD01140,1
HD01141,1
HD01142,1
HD01143,1
HD01144,1
HD01145,1
HD01146,1
HD01147,1
HD01148,1
HD01150,1
HD01151,1
HD01152,1
HD01153,1
HD01154,1
HD01156,1
HD01157,1
HD01158,1
HD01159,1
HD01161,1
HD01162,1
HD01164,1
HD01165,1
HD01166,1
HD01167,1
HD01168,1
HD01169,1
HD01170,1
HD01172,1
HD01173,1
HD01175,1
HD01178,1
HD01179,1
HD01181,1
HD01188,1
HD01189,1
HD01190,1
HD01191,1
HD01192,1
HD01193,1
HD01202,1
HD01204,1
HD01205,1
HD01206,1
HD01212,1
HD01213,1
HD01214,1
HD01215,1
HD01216,1
HD01217,1
HD01218,1
HD01219,1
HD01220,1
HD01221,1
HD01222,1
HD01223,1
HD01224,1
HD01226,1
HD01227,1
HD01231,1
HD01232,1
HD01233,1
HD01234,1
HD01239,1
HD01246,1
HD01247,1
HD01250,1
HD01253,1
HD01255,1
HD01256,1
HD01257,1
HD01258,1
HD01259,1
HD01261,1
HD01266,1
HD01271,1
HD01274,1
HD01277,1
HD01280,1
HD01281,1
HD01283,1
HD01284,1
HD01286,1
HD01287,1
HD01291,1
HD01293,1
HD01294,1
HD01295,1
HD01296,1
HD01297,1
HD01300,1
HD01303,1
HD01304,1
HD01308,1
HD01309,1
HD01310,1
HD01311,1
HD01318,1
HD01325,1
HD01327,1
HD01328,1
HD01329,1
HD01330,1
HD01333,1
HD01335,1
HD01336,1
HD01337,1
HD01339,1
HD01340,1
HD01341,1
HD01347,1
HD01350,1
HD01351,1
HD01354,1
HD01361,1
HD01364,1
HD01365,1
HD01371,1
HD01375,1
HD01378,1
HD01381,1
HD01389,1
HD01392,1
HD01400,1
HD01404,1
HD01406,1
HD01408,1
HD01410,1
HD01413,1
HD01416,1
HD01419,1
HD01420,1
HD01422,1
HD01423,1
HD01424,1
HD01425,1
HD01433,1
HD01435,1
HD01442,1
HD01443,1
HD01447,1
HD01448,1
HD01450,1
HD01458,1
HD01461,1
HD01463,1
HD01465,1
HD01473,1
HD01474,1
HD01476,1
HD01481,1
HD01483,1
HD01486,1
HD01487,1
HD01489,1
HD01490,1
HD01500,1
HD01501,1
HD01502,1
HD01505,1
HD01506,1
HD01508,1
HD01509,1
HD01512,1
HD01514,1
HD01515,1
HD01516,1
HD01517,1
HD01518,1
HD01519,1
HD01521,1
HD01535,1
HD01536,1
HD01539,1
HD01540,1
HD01543,1
HD01545,1
HD01547,1
HD01548,1
HD01549,1
HD01552,1
HD01553,1
HD01554,1
HD01555,1
HD01556,1
HD01558,1
HD01562,1
HD01564,1
HD01565,1
HD01568,1
HD01569,1
HD01570,1
HD01571,1
HD01573,1
HD01576,1
HD01579,1
HD01581,1
HD01586,1
HD01590,1
HD01593,1
HD01594,1
HD01596,1
HD01601,1
HD01602,1
HD01603,1
HD01606,1
HD01607,1
HD01610,1
HD01613,1
HD01615,1
HD01617,1
HD01618,1
HD01625,1
HD01626,1
HD01627,1
HD01628,1
HD01630,1
HD01631,1
HD01635,1
HD01636,1
HD01640,1
HD01643,1
HD01644,1
HD01645,1
HD01646,1
HD01647,1
HD01649,1
HD01650,1
HD01653,1
HD01656,1
HD01657,1
HD01664,1
HD01665,1
HD01667,1
HD01669,1
HD01671,1
HD01675,1
HD01678,1
HD01679,1
HD01680,1
HD01681,1
HD01682,1
HD01683,1
HD01684,1
HD01688,1
HD01689,1
HD01690,1
HD01691,1
HD01692,1
HD01693,1
HD01696,1
HD01697,1
HD01698,1
HD01699,1
HD01700,1
HD01702,1
HD01703,1
HD01704,1
HD01706,1
HD01707,1
HD01708,1
HD01709,1
HD01710,1
HD01711,1
HD01714,1
HD01716,1
HD01719,1
HD01720,1
HD01722,1
HD01723,1
HD01724,1
HD01725,1
HD01726,1
HD01729,1
HD01730,1
HD01736,1
HD01738,1
HD01739,1
HD01740,1
HD01741,1
HD01742,1
HD01743,1
HD01744,1
HD01745,1
HD01748,1
HD01749,1
HD01751,1
HD01753,1
HD01754,1
HD01755,1
HD01756,1
HD01758,1
HD01759,1
HD01761,1
HD01762,1
HD01764,1
HD01768,1
HD01769,1
HD01770,1
HD01771,1
HD01773,1
HD01774,1
HD01775,1
HD01779,1
HD01780,1
HD01785,1
HD01786,1
HD01787,1
HD01789,1
HD01790,1
HD01791,1
HD01798,1
HD01800,1
HD01801,1
HD01802,1
HD01803,1
HD01804,1
HD01805,1
HD01807,1
HD01808,1
HD01809,1
HD01811,1
HD01812,1
HD01814,1
HD01815,1
HD01816,1
HD01817,1
HD01819,1
HD01820,1
HD01822,1
HD01826,1
HD01827,1
HD01831,1
HD01832,1
HD01834,1
HD01835,1
HD01837,1
HD01840,1
HD01842,1
HD01843,1
HD01846,1
HD01848,1
HD01849,1
HD01850,1
HD01851,1
HD01852,1
HD01853,1
HD01857,1
HD01858,1
HD01859,1
HD01860,1
HD01861,1
HD01862,1
HD01863,1
HD01868,1
HD01871,1
HD01872,1
HD01873,1
HD01874,1
HD01877,1
HD01878,1
HD01879,1
HD01880,1
HD01881,1
HD01882,1
HD01883,1
HD01884,1
HD01885,1
HD01886,1
HD01888,1
HD01892,1
HD01895,1
HD01896,1
HD01897,1
HD01899,1
HD01900,1
HD01901,1
HD01902,1
HD01903,1
HD01905,1
HD01907,1
HD01908,1
HD01909,1
HD01910,1
HD01911,1
HD01913,1
HD01914,1
HD01917,1
HD01919,1
HD01921,1
HD01922,1
HD01923,1
HD01924,1
HD01925,1
HD01930,1
HD01931,1
HD01933,1
HD01934,1
HD01938,1
HD01940,1
HD01941,1
HD01942,1
HD01944,1
HD01945,1
HD01946,1
HD01947,1
HD01948,1
HD01949,1
HD01950,1
HD01952,1
HD01953,1
HD01955,1
HD01956,1
HD01957,1
HD01960,1
HD01962,1
HD01963,1
HD01964,1
HD01966,1
HD01967,1
HD01970,1
HD01977,1
HD01978,1
HD01979,1
HD01981,1
HD01983,1
HD01987,1
HD01988,1
HD01989,1
HD01990,1
HD01991,1
HD01994,1
HD01995,1
HD01996,1
HD01997,1
HD01998,1
HD01999,1
HD02000,1
HD02001,1
HD02009,1
HD02010,1
HD02014,1
HD02015,1
HD02016,1
HD02017,1
HD02019,1
HD02023,1
HD02026,1
HD02027,1
HD02029,1
HD02030,1
HD02031,1
HD02032,1
HD02033,1
HD02034,1
HD02035,1
HD02037,1
HD02038,1
HD02039,1
HD02040,1
HD02041,1
HD02042,1
HD02043,1
HD02044,1
HD02045,1
HD02046,1
HD02047,1
HD02048,1
HD02049,1
HD02050,1
HD02052,1
HD02053,1
HD02054,1
HD02056,1
HD02058,1
HD02062,1
HD02063,1
HD02065,1
HD02067,1
HD02068,1
HD02069,1
HD02072,1
HD02075,1
HD02076,1
HD02078,1
HD02079,1
HD02080,1
HD02082,1
HD02084,1
HD02085,1
HD02086,1
HD02088,1
HD02089,1
HD02090,1
HD02091,1
HD02094,1
HD02097,1
HD02098,1
HD02099,1
HD02100,1
HD02101,1
HD02102,1
HD02103,1
HD02107,1
HD02108,1
HD02109,1
HD02110,1
HD02113,1
HD02114,1
HD02115,1
HD02117,1
HD02118,1
HD02119,1
HD02120,1
HD02121,1
HD02122,1
HD02123,1
HD02125,1
HD02126,1
HD02127,1
HD02128,1
HD02129,1
HD02130,1
HD02131,1
HD02132,1
HD02135,1
HD02136,1
HD02138,1
HD02141,1
HD02144,1
HD02145,1
HD02146,1
HD02147,1
HD02148,1
HD02149,1
HD02150,1
HD02152,1
HD02153,1
HD02154,1
HD02155,1
HD02157,1
HD02158,1
HD02159,1
HD02161,1
HD02162,1
HD02164,1
HD02165,1
HD02166,1
HD02167,1
HD02168,1
HD02171,1
HD02172,1
HD02173,1
HD02175,1
HD02176,1
HD02178,1
HD02181,1
HD02183,1
HD02184,1
HD02185,1
HD02186,1
HD02188,1
HD02190,1
HD02191,1
HD02192,1
HD02193,1
HD02194,1
HD02195,1
HD02197,1
HD02198,1
HD02201,1
HD02202,1
HD02204,1
HD02205,1
HD02206,1
HD02207,1
HD02208,1
HD02211,1
HD02212,1
HD02214,1
HD02215,1
HD02217,1
HD02218,1
HD02219,1
HD02220,1
HD02222,1
HD02223,1
HD02224,1
HD02225,1
HD02226,1
HD02227,1
HD02230,1
HD02231,1
HD02234,1
HD02235,1
HD02236,1
HD02239,1
HD02240,1
HD02243,1
HD02244,1
HD02245,1
HD02246,1
HD02247,1
HD02248,1
HD02249,1
HD02250,1
HD02251,1
HD02252,1
HD02253,1
HD02254,1
HD02255,1
HD02256,1
HD02258,1
HD02259,1
HD02261,1
HD02262,1
HD02263,1
HD02265,1
HD02267,1
HD02268,1
HD02269,1
HD02271,1
HD02272,1
HD02274,1
HD02276,1
HD02277,1
HD02278,1
HD02279,1
HD02281,1
HD02282,1
HD02283,1
HD02285,1
HD02286,1
HD02287,1
HD02288,1
HD02289,1
HD02291,1
HD02292,1
HD02293,1
HD02297,1
HD02298,1
HD02299,1
HD02300,1
HD02301,1
HD02302,1
HD02303,1
HD02304,1
HD02307,1
HD02308,1
HD02309,1
HD02310,1
HD02311,1
HD02312,1
HD02313,1
HD02314,1
HD02319,1
HD02321,1
HD02322,1
HD02324,1
HD02326,1
HD02327,1
HD02328,1
HD02329,1
HD02330,1
HD02331,1
HD02332,1
HD02334,1
HD02335,1
HD02336,1
HD02339,1
HD02340,1
HD02341,1
HD02342,1
HD02343,1
HD02345,1
HD02346,1
HD02348,1
HD02349,1
HD02351,1
HD02352,1
HD02353,1
HD02354,1
HD02355,1
HD02356,1
HD02357,1
HD02358,1
HD02363,1
HD02366,1
HD02367,1
HD02368,1
HD02372,1
HD02374,1
HD02375,1
HD02376,1
HD02377,1
HD02378,1
HD02379,1
HD02380,1
HD02384,1
HD02387,1
HD02389,1
HD02391,1
HD02392,1
HD02393,1
HD02394,1
HD02395,1
HD02397,1
HD02399,1
HD02401,1
HD02402,1
HD02403,1
HD02405,1
HD02407,1
HD02410,1
HD02411,1
HD02413,1
HD02415,1
HD02416,1
HD02417,1
HD02419,1
HD02420,1
HD02421,1
HD02422,1
HD02423,1
HD02425,1
HD02426,1
HD02427,1
HD02430,1
HD02431,1
HD02432,1
HD02433,1
HD02434,1
HD02435,1
HD02436,1
HD02437,1
HD02438,1
HD02440,1
HD02441,1
HD02442,1
HD02445,1
HD02446,1
HD02448,1
HD02449,1
HD02450,1
HD02451,1
HD02452,1
HD02454,1
HD02456,1
HD02458,1
HD02459,1
HD02460,1
HD02463,1
HD02465,1
HD02466,1
HD02467,1
HD02469,1
HD02470,1
HD02471,1
HD02472,1
HD02473,1
HD02474,1
HD02476,1
HD02478,1
HD02480,1
HD02481,1
HD02482,1
HD02483,1
HD02485,1
HD02486,1
HD02488,1
HD02491,1
HD02493,1
HD02494,1
HD02495,1
HD02496,1
HD02500,1
HD02501,1
HD02503,1
HD02504,1
HD02505,1
HD02506,1
HD02510,1
HD02511,1
HD02515,1
HD02517,1
HD02518,1
HD02519,1
HD02520,1
HD02522,1
HD02523,1
HD02524,1
HD02525,1
HD02526,1
HD02528,1
HD02529,1
HD02530,1
HD02531,1
HD02532,1
HD02533,1
HD02534,1
HD02535,1
HD02536,1
HD02537,1
HD02539,1
HD02540,1
HD02541,1
HD02542,1
HD02543,1
HD02544,1
HD02546,1
HD02548,1
HD02552,1
HD02553,1
HD02554,1
HD02555,1
HD02556,1
HD02558,1
HD02559,1
HD02560,1
HD02561,1
HD02562,1
HD02563,1
HD02565,1
HD02567,1
HD02568,1
HD02569,1
HD02570,1
HD02571,1
HD02572,1
HD02573,1
HD02574,1
HD02577,1
HD02579,1
HD02580,1
HD02581,1
HD02582,1
HD02584,1
HD02585,1
HD02587,1
HD02588,1
HD02589,1
HD02591,1
HD02592,1
HD02594,1
HD02595,1
HD02596,1
HD02597,1
HD02598,1
HD02599,1
HD02600,1
HD02602,1
HD02603,1
HD02604,1
HD02605,1
HD02606,1
HD02607,1
HD02609,1
HD02610,1
HD02611,1
HD02612,1
HD02613,1
HD02614,1
HD02615,1
HD02616,1
HD02617,1
HD02618,1
HD02619,1
HD02620,1
HD02621,1
HD02623,1
HD02624,1
HD02625,1
HD02626,1
HD02627,1
HD02628,1
HD02629,1
HD02630,1
HD02631,1
HD02632,1
HD02634,1
HD02635,1
HD02637,1
HD02639,1
HD02640,1
HD02641,1
HD02645,1
HD02646,1
HD02647,1
HD02648,1
HD02649,1
HD02650,1
HD02653,1
HD02654,1
HD02655,1
HD02656,1
HD02657,1
HD02658,1
HD02659,1
HD02660,1
HD02663,1
HD02664,1
HD02667,1
HD02669,1
HD02670,1
HD02671,1
HD02672,1
HD02673,1
HD02674,1
HD02675,1
HD02676,1
HD02678,1
HD02679,1
HD02682,1
HD02683,1
HD02685,1
HD02686,1
HD02687,1
HD02688,1
HD02689,1
HD02690,1
HD02691,1
HD02692,1
HD02693,1
HD02694,1
HD02695,1
HD02696,1
HD02697,1
HD02699,1
HD02701,1
HD02703,1
HD02704,1
HD02706,1
HD02707,1
HD02708,1
HD02709,1
HD02710,1
HD02716,1
HD02720,1
HD02721,1
HD02722,1
HD02723,1
HD02724,1
HD02725,1
HD02726,1
HD02727,1
HD02729,1
HD02731,1
HD02733,1
HD02734,1
HD02735,1
HD02737,1
HD02738,1
HD02740,1
HD02741,1
HD02742,1
HD02743,1
HD02746,1
HD02747,1
HD02748,1
HD02749,1
HD02750,1
HD02751,1
HD02752,1
HD02753,1
HD02754,1
HD02755,1
HD02756,1
HD02757,1
HD02758,1
HD02762,1
HD02763,1
HD02765,1
HD02766,1
HD02769,1
HD02770,1
HD02772,1
HD02773,1
HD02774,1
HD02775,1
HD02776,1
HD02778,1
HD02779,1
HD02780,1
HD02781,1
HD02782,1
HD02783,1
HD02784,1
HD02785,1
HD02788,1
HD02789,1
HD02790,1
HD02792,1
HD02793,1
HD02795,1
HD02796,1
HD02797,1
HD02798,1
HD02801,1
HD02802,1
HD02804,1
HD02806,1
HD02808,1
HD02809,1
HD02810,1
HD02811,1
HD02813,1
HD02814,1
HD02815,1
HD02816,1
HD02817,1
HD02819,1
HD02822,1
HD02824,1
HD02825,1
HD02826,1
HD02827,1
HD02829,1
HD02830,1
HD02831,1
HD02832,1
HD02833,1
HD02838,1
HD02839,1
HD02843,1
HD02844,1
HD02845,1
HD02846,1
HD02847,1
HD02848,1
HD02850,1
HD02851,1
HD02852,1
HD02853,1
HD02854,1
HD02856,1
HD02859,1
HD02860,1
HD02862,1
HD02863,1
HD02864,1
HD02865,1
HD02866,1
HD02868,1
HD02869,1
HD02870,1
HD02871,1
HD02872,1
HD02873,1
HD02875,1
HD02877,1
HD02878,1
HD02880,1
HD02881,1
HD02882,1
HD02883,1
HD02887,1
HD02888,1
HD02889,1
HD02890,1
HD02892,1
HD02893,1
HD02894,1
HD02895,1
HD02896,1
HD02897,1
HD02898,1
HD02901,1
HD02902,1
HD02903,1
HD02904,1
HD02905,1
HD02906,1
HD02911,1
HD02912,1
HD02913,1
HD02914,1
HD02916,1
HD02917,1
HD02918,1
HD02919,1
HD02920,1
HD02921,1
HD02922,1
HD02923,1
HD02925,1
HD02928,1
HD02929,1
HD02930,1
HD02932,1
HD02933,1
HD02934,1
HD02938,1
HD02940,1
HD02941,1
HD02942,1
HD02943,1
HD02944,1
HD02945,1
HD02946,1
HD02947,1
HD02949,1
HD02950,1
HD02951,1
HD02952,1
HD02953,1
HD02955,1
HD02956,1
HD02958,1
HD02963,1
HD02964,1
HD02965,1
HD02966,1
HD02967,1
HD02968,1
HD02969,1
HD02970,1
HD02971,1
HD02972,1
HD02973,1
HD02975,1
HD02976,1
HD02977,1
HD02978,1
HD02979,1
HD02980,1
HD02981,1
HD02983,1
HD02984,1
HD02985,1
HD02986,1
HD02988,1
HD02989,1
HD02990,1
HD02991,1
HD02992,1
HD02993,1
HD02994,1
HD02995,1
HD02996,1
HD02997,1
HD02999,1
HD03000,1
HD03001,1
HD03002,1
HD03003,1
HD03004,1
HD03005,1
HD03006,1
HD03007,1
HD03008,1
HD03009,1
HD03010,1
HD03011,1
HD03012,1
HD03013,1
HD03014,1
HD03015,1
HD03016,1
HD03017,1
HD03018,1
HD03019,1
HD03020,1
HD03021,1
HD03022,1
HD03023,1
HD03024,1
HD03025,1
HD03026,1
HD03027,1
HD03028,1
HD03029,1
HD03030,1
HD03031,1
HD03032,1
HD03033,1
HD03034,1
HD03035,1
HD03036,1
HD03037,1
HD03038,1
HD03039,1
HD03040,1
HD03042,1
HD03043,1
HD03044,1
HD03046,1
HD03047,1
HD03048,1
HD03049,1
HD03050,1
HD03051,1
HD03054,1
HD03055,1
HD03056,1
HD03057,1
HD03058,1
HD03059,1
HD03060,1
HD03061,1
HD03063,1
HD03064,1
HD03065,1
HD03066,1
HD03067,1
HD03068,1
HD03070,1
HD03072,1
HD03073,1
HD03074,1
HD03076,1
HD03077,1
HD03078,1
HD03079,1
HD03080,1
HD03083,1
HD03084,1
HD03085,1
HD03086,1
HD03088,1
HD03089,1
HD03090,1
HD03091,1
HD03092,1
HD03094,1
HD03097,1
HD03098,1
HD03099,1
HD03100,1
HD03101,1
HD03102,1
HD03105,1
HD03106,1
HD03108,1
HD03110,1
HD03111,1
HD03112,1
HD03113,1
HD03114,1
HD03115,1
HD03116,1
HD03117,1
HD03119,1
HD03121,1
HD03122,1
HD03125,1
HD03126,1
HD03127,1
HD03128,1
HD03130,1
HD03132,1
HD03134,1
HD03135,1
HD03136,1
HD03137,1
HD03138,1
HD03139,1
HD03140,1
HD03142,1
HD03143,1
HD03145,1
HD03148,1
HD03151,1
HD03152,1
HD03153,1
HD03154,1
HD03155,1
HD03156,1
HD03158,1
HD03159,1
HD03160,1
HD03161,1
HD03162,1
HD03163,1
HD03164,1
HD03166,1
HD03167,1
HD03168,1
HD03170,1
HD03172,1
HD03176,1
HD03178,1
HD03179,1
HD03180,1
HD03181,1
HD03182,1
HD03183,1
HD03184,1
HD03185,1
HD03187,1
HD03188,1
HD03189,1
HD03190,1
HD03191,1
HD03192,1
HD03193,1
HD03194,1
HD03195,1
HD03196,1
HD03197,1
HD03198,1
HD03199,1
HD03200,1
HD03201,1
HD03202,1
HD03203,1
HD03204,1
HD03205,1
HD03206,1
HD03207,1
HD03210,1
HD03211,1
HD03212,1
HD03213,1
HD03214,1
HD03215,1
HD03216,1
HD03217,1
HD03218,1
HD03219,1
HD03221,1
HD03223,1
HD03224,1
HD03225,1
HD03226,1
HD03228,1
HD03229,1
HD03230,1
HD03231,1
HD03232,1
HD03233,1
HD03235,1
HD03236,1
HD03237,1
HD03238,1
HD03240,1
HD03241,1
HD03244,1
HD03246,1
HD03247,1
HD03248,1
HD03249,1
HD03250,1
HD03251,1
HD03252,1
HD03253,1
HD03254,1
HD03256,1
HD03257,1
HD03258,1
HD03259,1
HD03260,1
HD03261,1
HD03262,1
HD03263,1
HD03264,1
HD03266,1
HD03267,1
HD03269,1
HD03270,1
HD03271,1
HD03272,1
HD03274,1
HD03275,1
HD03276,1
HD03277,1
HD03278,1
HD03279,1
HD03280,1
HD03281,1
HD03282,1
HD03283,1
HD03284,1
HD03285,1
HD03287,1
HD03290,1
HD03292,1
HD03293,1
HD03294,1
HD03295,1
HD03296,1
HD03297,1
HD03298,1
HD03299,1
HD03300,1
HD03301,1
HD03302,1
HD03303,1
HD03304,1
HD03305,1
HD03308,1
HD03309,1
HD03310,1
HD03312,1
HD03313,1
HD03315,1
HD03316,1
HD03317,1
HD03318,1
HD03319,1
HD03321,1
HD03322,1
HD03323,1
HD03324,1
HD03325,1
HD03326,1
HD03327,1
HD03328,1
HD03330,1
HD03331,1
HD03332,1
HD03333,1
HD03334,1
HD03335,1
HD03337,1
HD03338,1
HD03339,1
HD03340,1
HD03341,1
HD03342,1
HD03343,1
HD03344,1
HD03345,1
HD03346,1
HD03347,1
HD03350,1
HD03351,1
HD03352,1
HD03353,1
HD03354,1
HD03355,1
HD03356,1
HD03357,1
HD03358,1
HD03360,1
HD03361,1
HD03362,1
HD03366,1
HD03369,1
HD03370,1
HD03371,1
HD03372,1
HD03373,1
HD03374,1
HD03375,1
HD03376,1
HD03377,1
HD03378,1
HD03379,1
HD03380,1
HD03381,1
HD03383,1
HD03385,1
HD03386,1
HD03387,1
HD03388,1
HD03389,1
HD03390,1
HD03391,1
HD03392,1
HD03393,1
HD03394,1
HD03395,1
HD03396,1
HD03397,1
HD03398,1
HD03399,1
HD03400,1
HD03401,1
HD03402,1
HD03403,1
HD03404,1
HD03405,1
HD03406,1
HD03407,1
HD03408,1
HD03409,1
HD03411,1
HD03414,1
HD03415,1
HD03416,1
HD03417,1
HD03418,1
HD03419,1
HD03424,1
HD03425,1
HD03426,1
HD03428,1
HD03429,1
HD03430,1
HD03432,1
HD03433,1
HD03436,1
HD03437,1
HD03438,1
HD03439,1
HD03440,1
HD03441,1
HD03442,1
HD03443,1
HD03444,1
HD03445,1
HD03446,1
HD03447,1
HD03448,1
HD03454,1
HD03456,1
HD03457,1
HD03458,1
HD03459,1
HD03460,1
HD03461,1
HD03462,1
HD03463,1
HD03466,1
HD03467,1
HD03469,1
HD03471,1
HD03473,1
HD03474,1
HD03476,1
HD03479,1
HD03481,1
HD03482,1
HD03484,1
HD03485,1
HD03486,1
HD03487,1
HD03488,1
HD03489,1
HD03490,1
HD03492,1
HD03493,1
HD03494,1
HD03495,1
HD03497,1
HD03499,1
HD03500,1
HD03502,1
HD03504,1
HD03509,1
HD03510,1
HD03513,1
HD03514,1
HD03521,1
HD03522,1
HD03525,1
HD03526,1
HD03527,1
HD03529,1
HD03531,1
HD03533,1
HD03534,1
HD03535,1
HD03536,1
HD03541,1
HD03542,1
HD03547,1
HD03550,1
HD03551,1
HD03555,1
HD03557,1
HD03560,1
HD03561,1
HD03563,1
HD03565,1
HD03566,1
HD03567,1
HD03568,1
HD03573,1
HD03575,1
HD03576,1
HD03579,1
HD03580,1
HD03581,1
HD03582,1
HD03585,1
HD03586,1
HD03589,1
HD03590,1
HD03591,1
HD03592,1
HD03596,1
HD03597,1
HD03598,1
HD03600,1
HD03601,1
HD03603,1
HD03604,1
HD03606,1
HD03607,1
HD03608,1
HD03609,1
HD03610,1
HD03612,1
HD03620,1
HD03623,1
HD03624,1
HD03626,1
HD03629,1
HD03631,1
HD03634,1
HD03639,1
HD03640,1
HD03641,1
HD03642,1
HD03644,1
HD03649,1
HD03650,1
HD03651,1
HD03652,1
HD03653,1
HD03654,1
HD03655,1
HD03657,1
HD03658,1
HD03659,1
HD03660,1
HD03662,1
HD03663,1
HD03664,1
HD03665,1
HD03666,1
HD03667,1
HD03671,1
HD03672,1
HD03673,1
HD03674,1
HD03675,1
HD03676,1
HD03677,1
HD03678,1
HD03679,1
HD03680,1
HD03682,1
HD03683,1
HD03684,1
HD03685,1
HD03687,1
HD03688,1
HD03689,1
HD03690,1
HD03691,1
HD03693,1
HD03695,1
HD03697,1
HD03698,1
HD03699,1
HD03700,1
HD03701,1
HD03702,1
HD03704,1
HD03705,1
HD03706,1
HD03710,1
HD03711,1
HD03712,1
HD03714,1
HD03717,1
HD03719,1
HD03720,1
HD03721,1
HD03722,1
HD03723,1
HD03724,1
HD03725,1
HD03726,1
HD03727,1
HD03732,1
HD03733,1
HD03736,1
HD03737,1
HD03738,1
HD03739,1
HD03740,1
HD03741,1
HD03743,1
HD03745,1
HD03750,1
HD03751,1
HD03752,1
HD03753,1
HD03754,1
HD03756,1
HD03757,1
HD03758,1
HD03759,1
HD03761,1
HD03763,1
HD03764,1
HD03768,1
HD03770,1
HD03771,1
HD03772,1
HD03773,1
HD03775,1
HD03776,1
HD03777,1
HD03778,1
HD03779,1
HD03780,1
HD03781,1
HD03782,1
HD03787,1
HD03788,1
HD03789,1
HD03792,1
HD03794,1
HD03795,1
HD03796,1
HD03797,1
HD03798,1
HD03799,1
HD03800,1
HD03801,1
HD03804,1
HD03806,1
HD03807,1
HD03808,1
HD03809,1
HD03810,1
HD03812,1
HD03813,1
HD03815,1
HD03818,1
HD03820,1
HD03821,1
HD03822,1
HD03823,1
HD03824,1
HD03826,1
HD03828,1
HD03829,1
HD03831,1
HD03832,1
HD03833,1
HD03834,1
HD03835,1
HD03836,1
HD03837,1
HD03838,1
HD03839,1
HD03840,1
HD03842,1
HD03843,1
HD03844,1
HD03845,1
HD03846,1
HD03847,1
HD03848,1
HD03850,1
HD03853,1
HD03855,1
HD03856,1
HD03857,1
HD03858,1
HD03859,1
HD03860,1
HD03861,1
HD03862,1
HD03863,1
HD03864,1
HD03866,1
HD03867,1
HD03868,1
HD03869,1
HD03870,1
HD03871,1
HD03872,1
HD03873,1
HD03874,1
HD03875,1
HD03877,1
HD03879,1
HD03880,1
HD03882,1
HD03886,1
HD03889,1
HD03891,1
HD03892,1
HD03894,1
HD03895,1
HD03896,1
HD03897,1
HD03899,1
HD03901,1
HD03909,1
HD03913,1
HD03914,1
HD03917,1
HD03919,1
HD03927,1
HD03943,1
HD03959,1
HD03966,1
HD03976,1
HD03980,1
HD03987,1
HD04005,1
HD04006,1
HD04010,1
HD04011,1
HD04038,1
HD04056,1
HD04058,1
HD04084,1
HD04108,1
HD04113,1
HD04114,1
HD04132,1
HD04133,1
HD04134,1
HD04205,1
HD04216,1
HD04217,1
HD04219,1
HD04220,1
HD04221,1
HD04222,1
HD04235,1
HD04236,1
HD04237,1
HD04238,1
HD04239,1
HD04240,1
HD04241,1
HD04244,1
HD04245,1
HD04246,1
HD04248,1
HD04249,1
HD04250,1
HD04251,1
HD04252,1
HD04255,1
HD04257,1
HD04262,1
HD04265,1
HD04266,1
HD04267,1
HD04269,1
HD04270,1
HD04271,1
HD04272,1
HD04273,1
HD04274,1
HD04275,1
HD04276,1
HD04277,1
HD04278,1
HD04279,1
HD04280,1
HD04281,1
HD04282,1
HD04283,1
HD04284,1
HD04285,1
HD04286,1
HD04287,1
HD04290,1
HD04291,1
HD04292,1
HD04294,1
HD04295,1
HD04296,1
HD04298,1
HD04299,1
HD04300,1
HD04301,1
HD04302,1
HD04303,1
HD04304,1
HD04306,1
HD04307,1
HD04308,1
HD04310,1
HD04311,1
HD04312,1
HD04314,1
HD04315,1
HD04316,1
HD04317,1
HD04318,1
HD04319,1
HD04320,1
HD04326,1
HD04329,1
HD04330,1
HD04331,1
HD04332,1
HD04333,1
HD04334,1
HD04335,1
HD04337,1
HD04338,1
HD04339,1
HD04340,1
HD04341,1
HD04342,1
HD04343,1
HD04344,1
HD04345,1
HD04346,1
HD04347,1
HD04348,1
HD04349,1
HD04350,1
HD04351,1
HD04352,1
HD04353,1
HD04354,1
HD04357,1
HD04358,1
HD04360,1
HD04361,1
HD04362,1
HD04363,1
HD04364,1
HD04365,1
HD04366,1
HD04367,1
HD04369,1
HD04370,1
HD04371,1
HD04373,1
HD04377,1
HD04380,1
HD04381,1
HD04382,1
HD04383,1
HD04384,1
HD04385,1
HD04386,1
HD04387,1
HD04388,1
HD04389,1
HD04390,1
HD04391,1
HD04392,1
HD04393,1
HD04394,1
HD04395,1
HD04399,1
HD04401,1
HD04402,1
HD04403,1
HD04404,1
HD04405,1
HD04407,1
HD04408,1
HD04409,1
HD04410,1
HD04412,1
HD04413,1
HD04414,1
HD04416,1
HD04418,1
HD04419,1
HD04420,1
HD04424,1
HD04425,1
HD04426,1
HD04431,1
HD04433,1
HD04434,1
HD04435,1
HD04439,1
HD04440,1
HD04441,1
HD04442,1
HD04443,1
HD04444,1
HD04445,1
HD04446,1
HD04447,1
HD04449,1
HD04450,1
HD04453,1
HD04454,1
HD04455,1
HD04457,1
HD04458,1
HD04460,1
HD04463,1
HD04464,1
HD04465,1
HD04466,1
HD04467,1
HD04468,1
HD04469,1
HD04470,1
HD04471,1
HD04472,1
HD04473,1
HD04476,1
HD04477,1
HD04478,1
HD04482,1
HD04483,1
HD04486,1
HD04488,1
HD04489,1
HD04493,1
HD04495,1
HD04498,1
HD04499,1
HD04505,1
HD04507,1
HD04508,1
HD04511,1
HD04512,1
HD04513,1
HD04514,1
HD04515,1
HD04517,1
HD04520,1
HD04521,1
HD04522,1
HD04524,1
HD04525,1
HD04530,1
HD04534,1
HD04535,1
HD04536,1
HD04537,1
HD04545,1
HD04548,1
HD04550,1
HD04555,1
HD04556,1
HD04557,1
HD04560,1
HD04562,1
HD04564,1
HD04565,1
HD04567,1
HD04568,1
HD04569,1
HD04570,1
HD04571,1
HD04572,1
HD04573,1
HD04574,1
HD04576,1
HD04577,1
HD04583,1
HD04584,1
HD04588,1
HD04589,1
HD04593,1
HD04595,1
HD04597,1
HD04598,1
HD04599,1
HD04600,1
HD04601,1
HD04602,1
HD04603,1
HD04604,1
HD04607,1
HD04608,1
HD04609,1
HD04610,1
HD04614,1
HD04616,1
HD04617,1
HD04618,1
HD04619,1
HD04620,1
HD04625,1
HD04626,1
HD04627,1
HD04629,1
HD04632,1
HD04633,1
HD04637,1
HD04640,1
HD04641,1
HD04642,1
HD04643,1
HD04644,1
HD04647,1
HD04649,1
HD04650,1
HD04651,1
HD04652,1
HD04654,1
HD04655,1
HD04656,1
HD04658,1
HD04661,1
HD04664,1
HD04666,1
HD04673,1
HD04677,1
HD04679,1
HD04683,1
HD04686,1
HD04687,1
HD04688,1
HD04694,1
HD04695,1
HD04696,1
HD04697,1
HD04700,1
HD04706,1
HD04709,1
HD04713,1
HD04715,1
HD04716,1
HD04717,1
HD04719,1
HD04720,1
HD04723,1
HD04725,1
HD04727,1
HD04728,1
HD04729,1
HD04730,1
HD04733,1
HD04734,1
HD04736,1
HD04737,1
HD04739,1
HD04740,1
HD04741,1
HD04742,1
HD04744,1
HD04748,1
HD04752,1
HD04755,1
HD04757,1
HD04758,1
HD04761,1
HD04764,1
HD04765,1
HD04766,1
HD04768,1
HD04771,1
HD04776,1
HD04779,1
HD04780,1
HD04781,1
HD04782,1
HD04785,1
HD04787,1
HD04788,1
HD04789,1
HD04790,1
HD04791,1
HD04792,1
HD04793,1
HD04794,1
HD04796,1
HD04797,1
HD04799,1
HD04800,1
HD04801,1
HD04804,1
HD04805,1
HD04806,1
HD04807,1
HD04808,1
HD04809,1
HD04810,1
HD04811,1
HD04812,1
HD04813,1
HD04814,1
HD04815,1
HD04816,1
HD04817,1
HD04818,1
HD04824,1
HD04825,1
HD04826,1
HD04827,1
HD04828,1
HD04829,1
HD04830,1
HD04832,1
HD04835,1
HD04836,1
HD04837,1
HD04838,1
HD04844,1
HD04845,1
HD04846,1
HD04847,1
HD04848,1
HD04849,1
HD04850,1
HD04854,1
HD04855,1
HD04856,1
HD04857,1
HD04858,1
HD04860,1
HD04861,1
HD04862,1
HD04863,1
HD04864,1
HD04865,1
HD04866,1
HD04869,1
HD04877,1
HD04878,1
HD04879,1
HD04881,1
HD04886,1
HD04888,1
HD04889,1
HD04890,1
HD04891,1
HD04892,1
HD04896,1
HD04897,1
HD04899,1
HD04900,1
HD04905,1
HD04906,1
HD04907,1
HD04909,1
HD04910,1
HD04912,1
HD04913,1
HD04915,1
HD04916,1
HD04917,1
HD04918,1
HD04921,1
HD04922,1
HD04924,1
HD04926,1
HD04927,1
HD04928,1
HD04929,1
HD04930,1
HD04931,1
HD04933,1
HD04934,1
HD04936,1
HD04937,1
HD04938,1
HD04939,1
HD04940,1
HD04941,1
HD04943,1
HD04944,1
HD04945,1
HD04948,1
HD04949,1
HD04951,1
HD04952,1
HD04953,1
HD04954,1
HD04955,1
HD04956,1
HD04957,1
HD04958,1
HD04959,1
HD04960,1
HD04961,1
HD04962,1
HD04964,1
HD04965,1
HD04966,1
HD04967,1
HD04969,1
HD04974,1
HD04975,1
HD04976,1
HD04977,1
HD04978,1
HD04979,1
HD04980,1
HD04981,1
HD04982,1
HD04983,1
HD04984,1
HD04986,1
HD04987,1
HD04989,1
HD04993,1
HD04994,1
HD04995,1
HD04997,1
HD04998,1
HD05000,1
HD05006,1
HD05007,1
HD05008,1
HD05009,1
HD05010,1
HD05012,1
HD05014,1
HD05015,1
HD05017,1
HD05018,1
HD05019,1
HD05020,1
HD05021,1
HD05022,1
HD05024,1
HD05025,1
HD05029,1
HD05031,1
HD05033,1
HD05034,1
HD05035,1
HD05040,1
HD05041,1
HD05045,1
HD05046,1
HD05047,1
HD05049,1
HD05050,1
HD05051,1
HD05053,1
HD05055,1
HD05057,1
HD05059,1
HD05061,1
HD05062,1
HD05063,1
HD05064,1
HD05065,1
HD05066,1
HD05067,1
HD05068,1
HD05070,1
HD05071,1
HD05072,1
HD05073,1
HD05075,1
HD05076,1
HD05077,1
HD05078,1
HD05079,1
HD05080,1
HD05081,1
HD05083,1
HD05084,1
HD05086,1
HD05088,1
HD05091,1
HD05092,1
HD05093,1
HD05094,1
HD05096,1
HD05102,1
HD05103,1
HD05106,1
HD05108,1
HD05109,1
HD05110,1
HD05111,1
HD05112,1
HD05114,1
HD05117,1
HD05119,1
HD05120,1
HD05128,1
HD05129,1
HD05132,1
HD05137,1
HD05138,1
HD05139,1
HD05141,1
HD05144,1
HD05145,1
HD05146,1
HD05147,1
HD05148,1
HD05149,1
HD05151,1
HD05157,1
HD05158,1
HD05159,1
HD05161,1
HD05164,1
HD05169,1
HD05170,1
HD05171,1
HD05173,1
HD05177,1
HD05178,1
HD05180,1
HD05182,1
HD05184,1
HD05185,1
HD05187,1
HD05188,1
HD05189,1
HD05191,1
HD05193,1
HD05198,1
HD05202,1
HD05203,1
HD05204,1
HD05206,1
HD05209,1
HD05210,1
HD05211,1
HD05212,1
HD05213,1
HD05214,1
HD05215,1
HD05216,1
HD05218,1
HD05219,1
HD05220,1
HD05221,1
HD05222,1
HD05223,1
HD05224,1
HD05225,1
HD05227,1
HD05228,1
HD05231,1
HD05234,1
HD05235,1
HD05236,1
HD05237,1
HD05238,1
HD05240,1
HD05241,1
HD05242,1
HD05243,1
HD05245,1
HD05247,1
HD05248,1
HD05249,1
HD05255,1
HD05257,1
HD05259,1
HD05261,1
HD05263,1
HD05269,1
HD05270,1
HD05271,1
HD05272,1
HD05273,1
HD05274,1
HD05275,1
HD05276,1
HD05277,1
HD05279,1
HD05280,1
HD05281,1
HD05282,1
HD05289,1
HD05291,1
HD05293,1
HD05294,1
HD05295,1
HD05296,1
HD05297,1
HD05298,1
HD05302,1
HD05303,1
HD05304,1
HD05305,1
HD05306,1
HD05307,1
HD05308,1
HD05309,1
HD05310,1
HD05311,1
HD05312,1
HD05314,1
HD05316,1
HD05317,1
HD05318,1
HD05320,1
HD05322,1
HD05325,1
HD05330,1
HD05332,1
HD05333,1
HD05335,1
HD05336,1
HD05338,1
HD05339,1
HD05340,1
HD05341,1
HD05343,1
HD05346,1
HD05347,1
HD05348,1
HD05350,1
HD05353,1
HD05355,1
HD05356,1
HD05358,1
HD05359,1
HD05364,1
HD05365,1
HD05366,1
HD05367,1
HD05370,1
HD05372,1
HD05373,1
HD05374,1
HD05375,1
HD05376,1
HD05377,1
HD05378,1
HD05379,1
HD05380,1
HD05382,1
HD05386,1
HD05392,1
HD05393,1
HD05395,1
HD05397,1
HD05398,1
HD05399,1
HD05400,1
HD05401,1
HD05402,1
HD05403,1
HD05404,1
HD05405,1
HD05409,1
HD05411,1
HD05413,1
HD05414,1
HD05415,1
HD05416,1
HD05417,1
HD05418,1
HD05422,1
HD05423,1
HD05424,1
HD05425,1
HD05426,1
HD05427,1
HD05428,1
HD05430,1
HD05431,1
HD05432,1
HD05435,1
HD05436,1
HD05437,1
HD05438,1
HD05440,1
HD05441,1
HD05445,1
HD05447,1
HD05449,1
HD05452,1
HD05455,1
HD05459,1
HD05460,1
HD05462,1
HD05463,1
HD05465,1
HD05466,1
HD05467,1
HD05469,1
HD05472,1
HD05474,1
HD05475,1
HD05476,1
HD05477,1
HD05478,1
HD05481,1
HD05484,1
HD05490,1
HD05492,1
HD05499,1
HD05500,1
HD05506,1
HD05507,1
HD05508,1
HD05509,1
HD05510,1
HD05511,1
HD05512,1
HD05514,1
HD05515,1
HD05516,1
HD05517,1
HD05518,1
HD05521,1
HD05525,1
HD05532,1
HD05534,1
HD05537,1
HD05538,1
HD05539,1
HD05540,1
HD05541,1
HD05542,1
HD05543,1
HD05544,1
HD05545,1
HD05546,1
HD05547,1
HD05548,1
HD05549,1
HD05550,1
HD05551,1
HD05552,1
HD05555,1
HD05559,1
HD05564,1
HD05566,1
HD05567,1
HD05568,1
HD05569,1
HD05570,1
HD05571,1
HD05572,1
HD05573,1
HD05574,1
HD05578,1
HD05579,1
HD05580,1
HD05582,1
HD05583,1
HD05599,1
HD05600,1
HD05602,1
HD05607,1
HD05615,1
HD05619,1
HD05620,1
HD05622,1
HD05623,1
HD05627,1
HD05628,1
HD05629,1
HD05630,1
HD05631,1
HD05633,1
HD05634,1
HD05635,1
HD05636,1
HD05637,1
HD05639,1
HD05640,1
HD05641,1
HD05643,1
HD05644,1
HD05645,1
HD05646,1
HD05653,1
HD05654,1
HD05660,1
HD05661,1
HD05681,1
HD05684,1
HD05685,1
HD05686,1
HD05687,1
HD05688,1
HD05694,1
HD05697,1
HD05703,1
HD05706,1
HD05707,1
HD05710,1
HD05711,1
HD05713,1
HD05729,1
HD05730,1
HD05731,1
HD05746,1
HD05748,1
HD05755,1
HD05756,1
HD05758,1
HD05759,1
HD05760,1
HD05764,1
HD05766,1
HD05768,1
HD05769,1
HD05770,1
HD05771,1
HD05772,1
HD05773,1
HD05778,1
HD05782,1
HD05787,1
HD05788,1
HD05789,1
HD05791,1
HD05793,1
HD05798,1
HD05814,1
HD05815,1
HD05816,1
HD05817,1
HD05818,1
HD05819,1
HD05820,1
HD05823,1
HD05834,1
HD05835,1
HD05836,1
HD05837,1
HD05838,1
HD05839,1
HD05840,1
HD05841,1
HD05844,1
HD05845,1
HD05846,1
HD05847,1
HD05848,1
HD05850,1
HD05851,1
HD05852,1
HD05853,1
HD05856,1
HD05857,1
HD05859,1
HD05868,1
HD05869,1
HD05873,1
HD05874,1
HD05875,1
HD05876,1
HD05877,1
HD05878,1
HD05887,1
HD05888,1
HD05894,1
HD05901,1
HD05903,1
HD05915,1
HD05916,1
HD05917,1
HD05929,1
HD05934,1
HD05935,1
HD05939,1
HD05945,1
HD05947,1
HD05948,1
HD05951,1
HD05952,1
HD05961,1
HD05967,1
HD05973,1
HD05974,1
HD05975,1
HD05976,1
HD05979,1
HD05980,1
HD05981,1
HD05985,1
HD05986,1
HD05990,1
HD05991,1
HD05993,1
HD05995,1
HD05999,1
HD06006,1
HD06008,1
HD06009,1
HD06010,1
HD06011,1
HD06017,1
HD06018,1
HD06019,1
HD06020,1
HD06021,1
HD06022,1
HD06024,1
HD06025,1
HD06026,1
HD06027,1
HD06029,1
HD06037,1
HD06050,1
HD06052,1
HD06053,1
HD06054,1
HD06068,1
HD06070,1
HD06072,1
HD06073,1
HD06076,1
HD06077,1
HD06078,1
HD06079,1
HD06081,1
HD06087,1
HD06097,1
HD06098,1
HD06099,1
HD06100,1
HD06106,1
HD06107,1
HD06109,1
HD06112,1
HD06116,1
HD06121,1
HD06129,1
HD06143,1
HD06144,1
HD06146,1
HD06148,1
HD06150,1
HD06151,1
HD06153,1
HD06154,1
HD06157,1
HD06158,1
HD06170,1
HD06171,1
HD06172,1
HD06173,1
HD06174,1
HD06175,1
HD06176,1
HD06179,1
HD06184,1
HD06187,1
HD06188,1
HD06203,1
HD06205,1
HD06207,1
HD06208,1
HD06209,1
HD06210,1
HD06211,1
HD06212,1
HD06214,1
HD06215,1
HD06216,1
HD06220,1
HD06226,1
HD06245,1
HD06252,1
HD06287,1
HD06329,1
HD06331,1
HD06334,1
HD06354,1
HD06355,1
HD06372,1
HD06385,1
HD06386,1
HD06390,1
HD06394,1
HD06395,1
HD06415,1
HD06417,1
HD06420,1
HD06427,1
HD06428,1
HD06433,1
HD06463,1
HD06492,1
HD06513,1
HD06541,1
HD06551,1
HD06553,1
HD06561,1
HD06563,1
HD06571,1
HD06575,1
HD06577,1
HD06578,1
HD06579,1
HD06580,1
HD06582,1
HDX11293,1
HE00002,1
HE00003,1
HE00005,1
HE00006,1
HE00007,1
HE00008,1
HE00011,1
HE00014,1
HE00015,1
HE00017,1
HE00019,1
HE00021,1
HE00024,1
HE00025,1
HE00026,1
HE00031,1
HE00032,1
HE00034,1
HE00038,1
HE00039,1
HE00040,1
HE00046,1
HE00047,1
HE00048,1
HE00053,1
HE00054,1
HE00057,1
HE00058,1
HE00059,1
HE00060,1
HE00063,1
HE00064,1
HE00065,1
HE00067,1
HE00069,1
HE00072,1
HE00075,1
HE00076,1
HE00080,1
HE00082,1
HE00084,1
HE00087,1
HE00088,1
HE00089,1
HE00091,1
HE00092,1
HE00093,1
HE00095,1
HE00098,1
HE00099,1
HE00103,1
HE00108,1
HE00109,1
HE00111,1
HE00113,1
HE00115,1
HE00116,1
HE00118,1
HE00121,1
HE00127,1
HE00129,1
HE00131,1
HE00132,1
HE00134,1
HE00135,1
HE00137,1
HE00138,1
HE00139,1
HE00140,1
HE00141,1
HE00142,1
HE00143,1
HE00144,1
HE00146,1
HE00147,1
HE00148,1
HE00150,1
HE00154,1
HE00156,1
HE00157,1
HE00159,1
HE00162,1
HE00164,1
HE00166,1
HE00167,1
HE00170,1
HE00173,1
HE00178,1
HE00179,1
HE00180,1
HE00183,1
HE00184,1
HE00185,1
HE00186,1
HE00187,1
HE00191,1
HE00192,1
HE00199,1
HE00201,1
HE00202,1
HE00206,1
HE00208,1
HE00209,1
HE00211,1
HE00212,1
HE00214,1
HE00215,1
HE00219,1
HE00223,1
HE00227,1
HE00228,1
HE00229,1
HE00231,1
HE00233,1
HE00239,1
HE00240,1
HE00241,1
HE00249,1
HE00251,1
HE00252,1
HE00254,1
HE00256,1
HE00259,1
HE00261,1
HE00262,1
HE00263,1
HE00264,1
HE00266,1
HE00268,1
HE00274,1
HE00278,1
HE00281,1
HE00283,1
HE00285,1
HE00286,1
HE00287,1
HE00288,1
HE00289,1
HE00290,1
HE00291,1
HE00295,1
HE00298,1
HE00299,1
HE00300,1
HE00301,1
HE00302,1
HE00306,1
HE00307,1
HE00308,1
HE00310,1
HE00311,1
HE00312,1
HE00315,1
HE00316,1
HE00317,1
HE00318,1
HE00319,1
HE00320,1
HE00327,1
HE00328,1
HE00330,1
HE00331,1
HE00332,1
HE00333,1
HE00334,1
HE00336,1
HE00337,1
HE00338,1
HE00339,1
HE00343,1
HE00344,1
HE00345,1
HE00346,1
HE00347,1
HE00348,1
HE00349,1
HE00350,1
HE00351,1
HE00352,1
HE00353,1
HE00355,1
HE00356,1
HE00357,1
HE00358,1
HE00359,1
HE00360,1
HE00362,1
HE00363,1
HE00364,1
HE00365,1
HE00367,1
HE00368,1
HE00369,1
HE00370,1
HE00371,1
HE00372,1
HE00373,1
HE00374,1
HE00375,1
HE00376,1
HE00378,1
HE00379,1
HE00380,1
HE00381,1
HE00383,1
HE00384,1
HE00385,1
HE00386,1
HE00388,1
HE00390,1
HE00391,1
HE00392,1
HE00393,1
HE00394,1
HE00395,1
HE00396,1
HE00397,1
HE00398,1
HE00399,1
HE00400,1
HE00401,1
HE00402,1
HE00405,1
HE00406,1
HE00409,1
HE00410,1
HE00412,1
HE00413,1
HE00418,1
HE00419,1
HE00420,1
HE00421,1
HE00422,1
HE00427,1
HE00429,1
HE00430,1
HE00431,1
HE00432,1
HE00433,1
HE00434,1
HE00435,1
HE00436,1
HE00437,1
HE00438,1
HE00440,1
HE00441,1
HE00442,1
HE00443,1
HE00444,1
HE00445,1
HE00446,1
HE00447,1
HE00448,1
HE00449,1
HE00450,1
HE00451,1
HE00452,1
HE00453,1
HE00455,1
HE00456,1
HE00459,1
HE00460,1
HE00461,1
HE00462,1
HE00463,1
HE00464,1
HE00467,1
HE00471,1
HE00472,1
HE00473,1
HE00474,1
HE00475,1
HE00476,1
HE00477,1
HE00478,1
HE00480,1
HE00481,1
HE00482,1
HE00483,1
HE00485,1
HE00486,1
HE00487,1
HE00488,1
HE00489,1
HE00490,1
HE00491,1
HE00492,1
HE00494,1
HE00495,1
HE00496,1
HE00498,1
HE00499,1
HE00500,1
HE00501,1
HE00503,1
HE00504,1
HE00507,1
HE00508,1
HE00511,1
HE00512,1
HE00514,1
HE00517,1
HE00518,1
HE00519,1
HE00520,1
HE00521,1
HE00522,1
HE00523,1
HE00524,1
HE00525,1
HE00527,1
HE00528,1
HE00530,1
HE00531,1
HE00532,1
HE00533,1
HE00534,1
HE00535,1
HE00536,1
HE00540,1
HE00541,1
HE00544,1
HE00546,1
HE00547,1
HE00548,1
HE00550,1
HE00551,1
HE00552,1
HE00553,1
HE00554,1
HE00555,1
HE00558,1
HE00563,1
HE00564,1
HE00565,1
HE00569,1
HE00570,1
HE00572,1
HE00573,1
HE00576,1
HE00578,1
HE00579,1
HE00580,1
HE00581,1
HE00582,1
HE00585,1
HE00586,1
HE00587,1
HE00590,1
HE00593,1
HE00594,1
HE00595,1
HE00596,1
HE00597,1
HE00598,1
HE00599,1
HE00601,1
HE00602,1
HE00605,1
HE00606,1
HE00608,1
HE00609,1
HE00610,1
HE00612,1
HE00614,1
HE00615,1
HE00616,1
HE00617,1
HE00619,1
HE00624,1
HE00625,1
HE00626,1
HE00633,1
HE00634,1
HE00635,1
HE00636,1
HE00637,1
HE00639,1
HE00640,1
HE00641,1
HE00642,1
HE00643,1
HE00645,1
HE00646,1
HE00648,1
HE00649,1
HE00650,1
HE00651,1
HE00652,1
HE00653,1
HE00655,1
HE00656,1
HE00657,1
HE00658,1
HE00659,1
HE00660,1
HE00662,1
HE00664,1
HE00665,1
HE00666,1
HE00667,1
HE00668,1
HE00670,1
HE00671,1
HE00673,1
HE00674,1
HE00675,1
HE00676,1
HE00677,1
HE00678,1
HE00679,1
HE00682,1
HE00683,1
HE00684,1
HE00685,1
HE00686,1
HE00687,1
HE00688,1
HE00689,1
HE00690,1
HE00691,1
HE00692,1
HE00693,1
HE00694,1
HE00695,1
HE00696,1
HE00698,1
HE00699,1
HE00700,1
HE00701,1
HE00702,1
HE00703,1
HE00704,1
HE00705,1
HE00706,1
HE00707,1
HE00708,1
HE00709,1
HE00710,1
HE00713,1
HE00715,1
HE00716,1
HE00717,1
HE00719,1
HE00720,1
HE00722,1
HE00723,1
HE00726,1
HE00727,1
HE00728,1
HE00729,1
HE00730,1
HE00731,1
HE00732,1
HE00733,1
HE00735,1
HE00736,1
HE00737,1
HE00741,1
HE00742,1
HE00743,1
HE00744,1
HE00745,1
HE00746,1
HE00748,1
HE00750,1
HE00754,1
HE00755,1
HE00757,1
HE00759,1
HE00762,1
HE00763,1
HE00766,1
HE00767,1
HE00772,1
HE00775,1
HE00776,1
HE00777,1
HE00779,1
HE00780,1
HE00784,1
HE00785,1
HE00786,1
HE00788,1
HE00791,1
HE00792,1
HE00793,1
HE00794,1
HE00795,1
HE00796,1
HE00799,1
HE00800,1
HE00803,1
HE00805,1
HE00806,1
HE00807,1
HE00808,1
HE00810,1
HE00811,1
HE00812,1
HE00813,1
HE00814,1
HE00815,1
HE00817,1
HE00821,1
HE00823,1
HE00826,1
HE00827,1
HE00828,1
HE00829,1
HE00830,1
HE00832,1
HE00833,1
HE00834,1
HE00835,1
HE00836,1
HE00838,1
HE00839,1
HE00840,1
HE00841,1
HE00843,1
HE00844,1
HE00845,1
HE00849,1
HE00850,1
HE00851,1
HE00852,1
HE00853,1
HE00854,1
HE00855,1
HE00856,1
HE00858,1
HE00859,1
HE00861,1
HE00862,1
HE00863,1
HE00865,1
HE00866,1
HE00867,1
HE00875,1
HE00877,1
HE00878,1
HE00879,1
HE00884,1
HE00885,1
HE00887,1
HE00888,1
HE00892,1
HE00899,1
HE00900,1
HE00902,1
HE00904,1
HE00905,1
HE00908,1
HE00912,1
HE00913,1
HE00914,1
HE00917,1
HE00918,1
HE00920,1
HE00921,1
HE00922,1
HE00923,1
HE00925,1
HE00926,1
HE00930,1
HE00933,1
HE00934,1
HE00938,1
HE00939,1
HE00940,1
HE00941,1
HE00942,1
HE00945,1
HE00946,1
HE00947,1
HE00949,1
HE00950,1
HE00954,1
HE00955,1
HE00956,1
HE00957,1
HE00959,1
HE00961,1
HE00963,1
HE00964,1
HE00965,1
HE00967,1
HE00969,1
HE00972,1
HE00973,1
HE00975,1
HE00976,1
HE00978,1
HE00979,1
HE00980,1
HE00981,1
HE00982,1
HE00983,1
HE00984,1
HE00985,1
HE00987,1
HE00988,1
HE00990,1
HE00991,1
HE00993,1
HE00995,1
HE00997,1
HE00998,1
HE01001,1
HE01002,1
HE01003,1
HE01004,1
HE01005,1
HE01006,1
HE01007,1
HE01008,1
HE01014,1
HE01018,1
HE01021,1
HE01022,1
HE01023,1
HE01028,1
HE01029,1
HE01030,1
HE01031,1
HE01034,1
HE01035,1
HE01038,1
HE01039,1
HE01040,1
HE01041,1
HE01042,1
HE01043,1
HE01044,1
HE01048,1
HE01049,1
HE01050,1
HE01051,1
HE01055,1
HE01056,1
HE01057,1
HE01059,1
HE01060,1
HE01061,1
HE01062,1
HE01063,1
HE01064,1
HE01066,1
HE01067,1
HE01069,1
HE01070,1
HE01072,1
HE01073,1
HE01074,1
HE01075,1
HE01083,1
HE01084,1
HE01085,1
HE01087,1
HE01088,1
HE01089,1
HE01090,1
HE01091,1
HE01092,1
HE01093,1
HE01094,1
HE01095,1
HE01097,1
HE01098,1
HE01099,1
HE01100,1
HE01101,1
HE01102,1
HE01103,1
HE01104,1
HE01105,1
HE01106,1
HE01110,1
HE01111,1
HE01112,1
HE01113,1
HE01114,1
HE01115,1
HE01116,1
HE01117,1
HE01118,1
HE01119,1
HE01120,1
HE01121,1
HE01122,1
HE01125,1
HE01126,1
HE01128,1
HE01130,1
HE01131,1
HE01132,1
HE01133,1
HE01134,1
HE01135,1
HE01136,1
HE01137,1
HE01138,1
HE01139,1
HE01141,1
HE01142,1
HE01143,1
HE01144,1
HE01145,1
HE01146,1
HE01147,1
HE01149,1
HE01150,1
HE01151,1
HE01154,1
HE01156,1
HE01158,1
HE01159,1
HE01161,1
HE01163,1
HE01166,1
HE01167,1
HE01170,1
HE01172,1
HE01175,1
HE01177,1
HE01178,1
HE01179,1
HE01180,1
HE01181,1
HE01182,1
HE01186,1
HE01187,1
HE01188,1
HE01190,1
HE01192,1
HE01194,1
HE01196,1
HE01197,1
HE01199,1
HE01200,1
HE01204,1
HE01205,1
HE01213,1
HE01215,1
HE01219,1
HE01222,1
HE01224,1
HE01226,1
HE01231,1
HE01232,1
HE01234,1
HE01239,1
HE01240,1
HE01244,1
HE01245,1
HE01246,1
HE01251,1
HE01252,1
HE01253,1
HE01256,1
HE01257,1
HE01261,1
HE01262,1
HE01264,1
HE01267,1
HE01270,1
HE01271,1
HE01272,1
HE01274,1
HE01276,1
HE01277,1
HE01279,1
HE01280,1
HE01283,1
HE01292,1
HE01296,1
HE01297,1
HE01303,1
HE01305,1
HE01311,1
HE01313,1
HE01315,1
HE01321,1
HE01335,1
HE01337,1
HE01340,1
HE01342,1
HE01349,1
HE01353,1
HE01362,1
HE01364,1
HE01369,1
HE01370,1
HE01375,1
HE01381,1
HE01391,1
HE01393,1
HE01398,1
HE01400,1
HE01404,1
HE01405,1
HE01406,1
HE01407,1
HE01409,1
HE01410,1
HE01413,1
HE01415,1
HE01416,1
HE01423,1
HE01426,1
HE01427,1
HE01428,1
HE01430,1
HE01432,1
HE01433,1
HE01434,1
HE01435,1
HE01436,1
HE01441,1
HE01443,1
HE01445,1
HE01446,1
HE01449,1
HE01450,1
HE01452,1
HE01455,1
HE01456,1
HE01457,1
HE01458,1
HE01459,1
HE01462,1
HE01464,1
HE01466,1
HE01467,1
HE01470,1
HE01474,1
HE01482,1
HE01483,1
HE01484,1
HE01493,1
HE01497,1
HE01499,1
HE01501,1
HE01502,1
HE01503,1
HE01505,1
HE01506,1
HE01507,1
HE01508,1
HE01513,1
HE01514,1
HE01517,1
HE01518,1
HE01519,1
HE01520,1
HE01522,1
HE01523,1
HE01524,1
HE01525,1
HE01526,1
HE01529,1
HE01530,1
HE01538,1
HE01539,1
HE01543,1
HE01544,1
HE01545,1
HE01546,1
HE01547,1
HE01550,1
HE01554,1
HE01556,1
HE01558,1
HE01560,1
HE01561,1
HE01562,1
HE01563,1
HE01564,1
HE01565,1
HE01566,1
HE01567,1
HE01568,1
HE01569,1
HE01570,1
HE01571,1
HE01572,1
HE01573,1
HE01574,1
HE01575,1
HE01576,1
HE01579,1
HE01583,1
HE01584,1
HE01587,1
HE01588,1
HE01589,1
HE01590,1
HE01591,1
HE01593,1
HE01596,1
HE01605,1
HE01611,1
HE01613,1
HE01617,1
HE01618,1
HE01619,1
HE01623,1
HE01624,1
HE01626,1
HE01627,1
HE01636,1
HE01639,1
HE01644,1
HE01645,1
HE01652,1
HE01653,1
HE01654,1
HE01655,1
HE01659,1
HE01660,1
HE01661,1
HE01662,1
HE01663,1
HE01664,1
HE01672,1
HE01673,1
HE01674,1
HE01675,1
HE01678,1
HE01679,1
HE01680,1
HE01682,1
HE01687,1
HE01688,1
HE01689,1
HE01690,1
HE01691,1
HE01693,1
HE01700,1
HE01701,1
HE01706,1
HE01707,1
HE01711,1
HE01715,1
HE01718,1
HE01719,1
HE01721,1
HE01724,1
HE01728,1
HE01729,1
HE01732,1
HE01733,1
HE01737,1
HE01741,1
HE01743,1
HE01744,1
HE01746,1
HE01749,1
HE01751,1
HE01752,1
HE01758,1
HE01759,1
HE01761,1
HE01762,1
HE01765,1
HE01766,1
HE01767,1
HE01768,1
HE01769,1
HE01773,1
HE01774,1
HE01775,1
HE01779,1
HE01780,1
HE01781,1
HE01785,1
HE01788,1
HE01790,1
HE01792,1
HE01794,1
HE01795,1
HE01796,1
HE01797,1
HE01799,1
HE01801,1
HE01802,1
HE01804,1
HE01805,1
HE01807,1
HE01809,1
HE01810,1
HE01813,1
HE01815,1
HE01817,1
HE01818,1
HE01819,1
HE01820,1
HE01821,1
HE01822,1
HE01824,1
HE01826,1
HE01827,1
HE01828,1
HE01829,1
HE01830,1
HE01831,1
HE01832,1
HE01833,1
HE01837,1
HE01839,1
HE01842,1
HE01843,1
HE01844,1
HE01845,1
HE01846,1
HE01847,1
HE01848,1
HE01849,1
HE01853,1
HE01854,1
HE01859,1
HE01860,1
HE01861,1
HE01862,1
HE01872,1
HE01874,1
HE01884,1
HE01887,1
HE01891,1
HE01893,1
HE01894,1
HE01895,1
HE01897,1
HE01898,1
HE01900,1
HE01901,1
HE01905,1
HE01906,1
HE01907,1
HE01908,1
HE01910,1
HE01911,1
HE01912,1
HE01914,1
HE01917,1
HE01918,1
HE01922,1
HE01930,1
HE01932,1
HE01933,1
HE01937,1
HE01940,1
HE01941,1
HE01942,1
HE01944,1
HE01947,1
HE01948,1
HE01955,1
HE01958,1
HE01959,1
HE01961,1
HE01962,1
HE01966,1
HE01967,1
HE01968,1
HE01969,1
HE01971,1
HE01972,1
HE01974,1
HE01975,1
HE01976,1
HE01978,1
HE01980,1
HE01981,1
HE01982,1
HE01983,1
HE01987,1
HE01988,1
HE01990,1
HE01991,1
HE01992,1
HE01993,1
HE01998,1
HE02000,1
HE02001,1
HE02002,1
HE02005,1
HE02008,1
HE02009,1
HE02012,1
HE02014,1
HE02017,1
HE02021,1
HE02022,1
HE02024,1
HE02027,1
HE02030,1
HE02032,1
HE02035,1
HE02037,1
HE02038,1
HE02044,1
HE02045,1
HE02049,1
HE02050,1
HE02051,1
HE02053,1
HE02054,1
HE02055,1
HE02059,1
HE02060,1
HE02061,1
HE02062,1
HE02063,1
HE02064,1
HE02065,1
HE02066,1
HE02070,1
HE02072,1
HE02073,1
HE02074,1
HE02079,1
HE02081,1
HE02083,1
HE02085,1
HE02086,1
HE02087,1
HE02094,1
HE02095,1
HE02096,1
HE02097,1
HE02099,1
HE02100,1
HE02101,1
HE02108,1
HE02109,1
HE02110,1
HE02114,1
HE02115,1
HE02116,1
HE02119,1
HE02120,1
HE02123,1
HE02124,1
HE02125,1
HE02130,1
HE02131,1
HE02133,1
HE02136,1
HE02139,1
HE02142,1
HE02143,1
HE02145,1
HE02155,1
HE02156,1
HE02160,1
HE02162,1
HE02163,1
HE02164,1
HE02165,1
HE02167,1
HE02168,1
HE02170,1
HE02171,1
HE02176,1
HE02177,1
HE02178,1
HE02180,1
HE02186,1
HE02187,1
HE02190,1
HE02191,1
HE02192,1
HE02194,1
HE02195,1
HE02196,1
HE02197,1
HE02198,1
HE02200,1
HE02201,1
HE02202,1
HE02205,1
HE02206,1
HE02207,1
HE02208,1
HE02209,1
HE02211,1
HE02213,1
HE02214,1
HE02215,1
HE02216,1
HE02218,1
HE02219,1
HE02221,1
HE02222,1
HE02232,1
HE02233,1
HE02238,1
HE02239,1
HE02240,1
HE02241,1
HE02244,1
HE02245,1
HE02246,1
HE02248,1
HE02254,1
HE02255,1
HE02257,1
HE02261,1
HE02266,1
HE02267,1
HE02268,1
HE02269,1
HE02273,1
HE02275,1
HE02277,1
HE02278,1
HE02282,1
HE02283,1
HE02284,1
HE02285,1
HE02287,1
HE02288,1
HE02290,1
HE02292,1
HE02293,1
HE02294,1
HE02296,1
HE02297,1
HE02298,1
HE02301,1
HE02302,1
HE02303,1
HE02304,1
HE02305,1
HE02308,1
HE02311,1
HE02312,1
HE02313,1
HE02314,1
HE02315,1
HE02317,1
HE02318,1
HE02319,1
HE02320,1
HE02321,1
HE02324,1
HE02325,1
HE02326,1
HE02327,1
HE02330,1
HE02332,1
HE02333,1
HE02334,1
HE02335,1
HE02337,1
HE02340,1
HE02341,1
HE02345,1
HE02346,1
HE02352,1
HE02353,1
HE02354,1
HE02356,1
HE02363,1
HE02365,1
HE02375,1
HE02379,1
HE02380,1
HE02383,1
HE02384,1
HE02385,1
HE02387,1
HE02389,1
HE02390,1
HE02392,1
HE02395,1
HE02397,1
HE02398,1
HE02399,1
HE02401,1
HE02402,1
HE02404,1
HE02405,1
HE02407,1
HE02409,1
HE02414,1
HE02417,1
HE02418,1
HE02419,1
HE02422,1
HE02427,1
HE02428,1
HE02431,1
HE02432,1
HE02434,1
HE02435,1
HE02436,1
HE02438,1
HE02443,1
HE02451,1
HE02454,1
HE02459,1
HE02460,1
HE02462,1
HE02464,1
HE02466,1
HE02479,1
HE02480,1
HE02487,1
HE02488,1
HE02493,1
HE02499,1
HE02500,1
HE02501,1
HE02502,1
HE02512,1
HE02513,1
HE02514,1
HE02515,1
HE02519,1
HE02522,1
HE02525,1
HE02530,1
HE02531,1
HE02535,1
HE02547,1
HE02553,1
HE02580,1
HE02582,1
HE02589,1
HE02590,1
HE02595,1
HE02597,1
HE02606,1
HE02607,1
HE02608,1
HE02613,1
HE02615,1
HE02618,1
HE02620,1
HE02628,1
HE02629,1
HE02638,1
HE02641,1
HE02642,1
HE02643,1
HE02644,1
HE02645,1
HE02667,1
HE02668,1
HE02670,1
HE02680,1
HE02682,1
HE02685,1
HE02687,1
HE02689,1
HE02691,1
HE02692,1
HE02693,1
HE02694,1
HE02695,1
HE02697,1
HE02700,1
HE02701,1
HE02703,1
HE02705,1
HE02902,1
HE02912,1
HE02915,1
HE02917,1
HE02923,1
HE02924,1
HE02925,1
HE02926,1
HE02929,1
HE02930,1
HE02949,1
HE02986,1
HE03022,1
HE03023,1
HE03065,1
HE03103,1
HE03107,1
HE03137,1
HE03163,1
HE03176,1
HE03177,1
HE03201,1
HE03207,1
HE03208,1
HE03211,1
HE03218,1
HE03222,1
HE03223,1
HE03256,1
HE03257,1
HE03261,1
HE03262,1
HE03314,1
HE03316,1
HE03317,1
HE03326,1
HF00001,1
HF00002,1
HF00003,1
HF00012,1
HF00014,1
HF00018,1
HF00020,1
HF00021,1
HF00024,1
HF00025,1
HF00026,1
HF00029,1
HF00030,1
HF00031,1
HF00032,1
HF00033,1
HF00035,1
HF00038,1
HF00040,1
HF00041,1
HF00045,1
HF00046,1
HF00047,1
HF00049,1
HF00050,1
HF00052,1
HF00055,1
HF00056,1
HF00057,1
HF00059,1
HF00060,1
HF00065,1
HF00067,1
HF00070,1
HF00071,1
HF00073,1
HF00074,1
HF00076,1
HF00078,1
HF00081,1
HF00082,1
HF00084,1
HF00086,1
HF00087,1
HF00088,1
HF00090,1
HF00091,1
HF00094,1
HF00095,1
HF00096,1
HF00097,1
HF00098,1
HF00099,1
HF00100,1
HF00101,1
HF00102,1
HF00103,1
HF00105,1
HF00106,1
HF00108,1
HF00109,1
HF00110,1
HF00111,1
HF00112,1
HF00116,1
HF00117,1
HF00118,1
HF00120,1
HF00121,1
HF00122,1
HF00125,1
HF00127,1
HF00128,1
HF00129,1
HF00132,1
HF00133,1
HF00134,1
HF00135,1
HF00136,1
HF00138,1
HF00139,1
HF00140,1
HF00141,1
HF00143,1
HF00147,1
HF00148,1
HF00149,1
HF00154,1
HF00156,1
HF00157,1
HF00158,1
HF00161,1
HF00162,1
HF00163,1
HF00166,1
HF00169,1
HF00170,1
HF00172,1
HF00173,1
HF00177,1
HF00178,1
HF00181,1
HF00182,1
HF00183,1
HF00185,1
HF00186,1
HF00187,1
HF00188,1
HF00195,1
HF00197,1
HF00199,1
HF00200,1
HF00202,1
HF00204,1
HF00205,1
HF00207,1
HF00211,1
HF00214,1
HF00215,1
HF00218,1
HF00219,1
HF00220,1
HF00221,1
HF00226,1
HF00228,1
HF00230,1
HF00232,1
HF00234,1
HF00235,1
HF00239,1
HF00243,1
HF00244,1
HF00248,1
HF00250,1
HF00252,1
HF00253,1
HF00254,1
HF00260,1
HF00264,1
HF00265,1
HF00267,1
HF00270,1
HF00276,1
HF00277,1
HF00278,1
HF00285,1
HF00286,1
HF00296,1
HF00297,1
HF00298,1
HF00299,1
HF00301,1
HF00302,1
HF00304,1
HF00307,1
HF00308,1
HF00310,1
HF00311,1
HF00312,1
HF00313,1
HF00315,1
HF00317,1
HF00318,1
HF00319,1
HF00320,1
HF00321,1
HF00322,1
HF00323,1
HF00326,1
HF00327,1
HF00330,1
HF00331,1
HF00332,1
HF00333,1
HF00334,1
HF00337,1
HF00339,1
HF00341,1
HF00342,1
HF00343,1
HF00344,1
HF00347,1
HF00348,1
HF00349,1
HF00350,1
HF00352,1
HF00353,1
HF00354,1
HF00356,1
HF00358,1
HF00359,1
HF00360,1
HF00361,1
HF00362,1
HF00363,1
HF00364,1
HF00365,1
HF00367,1
HF00368,1
HF00370,1
HF00371,1
HF00372,1
HF00373,1
HF00375,1
HF00376,1
HF00377,1
HF00378,1
HF00379,1
HF00380,1
HF00381,1
HF00383,1
HF00385,1
HF00387,1
HF00388,1
HF00389,1
HF00392,1
HF00394,1
HF00395,1
HF00396,1
HF00402,1
HF00403,1
HF00404,1
HF00405,1
HF00406,1
HF00407,1
HF00409,1
HF00410,1
HF00412,1
HF00413,1
HF00415,1
HF00416,1
HF00418,1
HF00419,1
HF00421,1
HF00426,1
HF00427,1
HF00428,1
HF00430,1
HF00431,1
HF00435,1
HF00436,1
HF00437,1
HF00438,1
HF00439,1
HF00440,1
HF00442,1
HF00443,1
HF00444,1
HF00445,1
HF00446,1
HF00447,1
HF00448,1
HF00449,1
HF00450,1
HF00451,1
HF00452,1
HF00453,1
HF00455,1
HF00456,1
HF00458,1
HF00459,1
HF00460,1
HF00461,1
HF00462,1
HF00463,1
HF00465,1
HF00467,1
HF00469,1
HF00470,1
HF00472,1
HF00473,1
HF00476,1
HF00479,1
HF00480,1
HF00482,1
HF00483,1
HF00484,1
HF00486,1
HF00487,1
HF00488,1
HF00490,1
HF00491,1
HF00492,1
HF00494,1
HF00495,1
HF00496,1
HF00499,1
HF00500,1
HF00502,1
HF00503,1
HF00504,1
HF00505,1
HF00506,1
HF00510,1
HF00513,1
HF00514,1
HF00516,1
HF00517,1
HF00520,1
HF00521,1
HF00523,1
HF00524,1
HF00526,1
HF00527,1
HF00528,1
HF00529,1
HF00530,1
HF00532,1
HF00533,1
HF00534,1
HF00535,1
HF00539,1
HF00540,1
HF00541,1
HF00542,1
HF00543,1
HF00544,1
HF00550,1
HF00551,1
HF00552,1
HF00553,1
HF00557,1
HF00558,1
HF00560,1
HF00561,1
HF00562,1
HF00563,1
HF00565,1
HF00567,1
HF00568,1
HF00570,1
HF00571,1
HF00576,1
HF00577,1
HF00578,1
HF00579,1
HF00580,1
HF00581,1
HF00582,1
HF00583,1
HF00584,1
HF00586,1
HF00587,1
HF00588,1
HF00589,1
HF00591,1
HF00593,1
HF00594,1
HF00595,1
HF00597,1
HF00598,1
HF00599,1
HF00600,1
HF00601,1
HF00602,1
HF00603,1
HF00605,1
HF00608,1
HF00609,1
HF00610,1
HF00611,1
HF00612,1
HF00613,1
HF00614,1
HF00615,1
HF00631,1
HF00632,1
HF00634,1
HF00635,1
HF00636,1
HF00637,1
HF00639,1
HF00640,1
HF00641,1
HF00642,1
HF00643,1
HF00659,1
HF00660,1
HF00665,1
HF00666,1
HF00669,1
HF00671,1
HF00680,1
HF00687,1
HF00688,1
HF00689,1
HF00690,1
HF00693,1
HF00699,1
HF00701,1
HF00703,1
HF00704,1
HF00712,1
HF00713,1
HF00714,1
HF00715,1
HF00716,1
HF00717,1
HF00718,1
HF00720,1
HF00722,1
HF00725,1
HF00726,1
HF00729,1
HF00732,1
HF00733,1
HF00735,1
HF00736,1
HF00737,1
HF00738,1
HF00740,1
HF00742,1
HF00743,1
HF00744,1
HF00745,1
HF00746,1
HF00747,1
HF00749,1
HF00750,1
HF00751,1
HF00752,1
HF00753,1
HF00755,1
HF00756,1
HF00757,1
HF00758,1
HF00759,1
HF00760,1
HF00761,1
HF00762,1
HF00763,1
HF00764,1
HF00765,1
HF00766,1
HF00770,1
HF00771,1
HF00772,1
HF00773,1
HF00774,1
HF00775,1
HF00776,1
HF00778,1
HF00779,1
HF00780,1
HF00781,1
HF00782,1
HF00783,1
HF00784,1
HF00785,1
HF00786,1
HF00787,1
HF00788,1
HF00789,1
HF00791,1
HF00792,1
HF00793,1
HF00794,1
HF00795,1
HF00796,1
HF00797,1
HF00798,1
HF00800,1
HF00802,1
HF00803,1
HF00805,1
HF00807,1
HF00809,1
HF00814,1
HF00816,1
HF00817,1
HF00818,1
HF00819,1
HF00820,1
HF00822,1
HF00824,1
HF00825,1
HF00826,1
HF00827,1
HF00828,1
HF00829,1
HF00830,1
HF00831,1
HF00832,1
HF00834,1
HF00836,1
HF00837,1
HF00838,1
HF00844,1
HF00849,1
HF00851,1
HF00852,1
HF00853,1
HF00857,1
HF00858,1
HF00859,1
HF00860,1
HF00862,1
HF00863,1
HF00864,1
HF00866,1
HF00868,1
HF00869,1
HF00870,1
HF00873,1
HF00874,1
HF00876,1
HF00877,1
HF00879,1
HF00880,1
HF00882,1
HF00883,1
HF00885,1
HF00886,1
HF00887,1
HF00888,1
HF00889,1
HF00890,1
HF00891,1
HF00892,1
HF00893,1
HF00894,1
HF00895,1
HF00897,1
HF00898,1
HF00899,1
HF00900,1
HF00901,1
HF00902,1
HF00903,1
HF00904,1
HF00905,1
HF00909,1
HF00910,1
HF00911,1
HF00912,1
HF00913,1
HF00916,1
HF00917,1
HF00918,1
HF00920,1
HF00922,1
HF00925,1
HF00926,1
HF00927,1
HF00928,1
HF00929,1
HF00930,1
HF00931,1
HF00932,1
HF00933,1
HF00934,1
HF00935,1
HF00936,1
HF00937,1
HF00938,1
HF00939,1
HF00940,1
HF00942,1
HF00943,1
HF00944,1
HF00945,1
HF00946,1
HF00947,1
HF00949,1
HF00950,1
HF00951,1
HF00952,1
HF00954,1
HF00955,1
HF00956,1
HF00957,1
HF00958,1
HF00959,1
HF00960,1
HF00961,1
HF00962,1
HF00963,1
HF00964,1
HF00965,1
HF00966,1
HF00967,1
HF00968,1
HF00969,1
HF00970,1
HF00971,1
HF00972,1
HF00973,1
HF00974,1
HF00975,1
HF00976,1
HF00978,1
HF00979,1
HF00981,1
HF00982,1
HF00984,1
HF00986,1
HF00988,1
HF00989,1
HF00990,1
HF00991,1
HF00994,1
HF00998,1
HF00999,1
HF01000,1
HF01001,1
HF01002,1
HF01003,1
HF01004,1
HF01005,1
HF01006,1
HF01007,1
HF01008,1
HF01009,1
HF01010,1
HF01011,1
HF01012,1
HF01013,1
HF01014,1
HF01015,1
HF01017,1
HF01018,1
HF01019,1
HF01020,1
HF01021,1
HF01022,1
HF01023,1
HF01024,1
HF01025,1
HF01026,1
HF01027,1
HF01030,1
HF01031,1
HF01032,1
HF01034,1
HF01036,1
HF01037,1
HF01038,1
HF01039,1
HF01040,1
HF01041,1
HF01042,1
HF01044,1
HF01045,1
HF01046,1
HF01047,1
HF01048,1
HF01049,1
HF01050,1
HF01051,1
HF01053,1
HF01054,1
HF01056,1
HF01057,1
HF01058,1
HF01059,1
HF01060,1
HF01061,1
HF01062,1
HF01063,1
HF01064,1
HF01065,1
HF01066,1
HF01067,1
HF01068,1
HF01069,1
HF01070,1
HF01071,1
HF01073,1
HF01075,1
HF01076,1
HF01077,1
HF01078,1
HF01079,1
HF01080,1
HF01081,1
HF01082,1
HF01083,1
HF01084,1
HF01085,1
HF01086,1
HF01087,1
HF01089,1
HF01090,1
HF01091,1
HF01093,1
HF01109,1
HF01115,1
HF01118,1
HF01119,1
HF01129,1
HF01132,1
HF01133,1
HF01134,1
HF01135,1
HF01136,1
HF01138,1
HF01139,1
HF01141,1
HF01143,1
HF01145,1
HF01150,1
HF01151,1
HF01152,1
HF01161,1
HF01163,1
HF01170,1
HF01171,1
HF01203,1
HF01210,1
HF01213,1
HF01214,1
HF01215,1
HF01216,1
HF01217,1
HF01218,1
HF01219,1
HF01220,1
HF01221,1
HF01223,1
HF01224,1
HF01227,1
HF01228,1
HF01236,1
HF01237,1
HF01239,1
HF01241,1
HF01242,1
HF01243,1
HF01244,1
HF01245,1
HF01246,1
HF01247,1
HF01248,1
HF01249,1
HF01250,1
HF01251,1
HF01252,1
HF01253,1
HF01254,1
HF01256,1
HF01257,1
HF01258,1
HF01260,1
HF01261,1
HF01262,1
HF01263,1
HF01264,1
HF01267,1
HF01268,1
HF01269,1
HF01270,1
HF01271,1
HF01273,1
HF01274,1
HF01275,1
HF01276,1
HF01277,1
HF01278,1
HF01279,1
HF01280,1
HF01281,1
HF01283,1
HF01284,1
HF01285,1
HF01286,1
HF01287,1
HF01288,1
HF01289,1
HF01291,1
HF01292,1
HF01293,1
HF01294,1
HF01295,1
HF01296,1
HF01297,1
HF01298,1
HF01300,1
HF01301,1
HF01302,1
HF01303,1
HF01305,1
HF01306,1
HF01307,1
HF01308,1
HF01309,1
HF01310,1
HF01311,1
HF01313,1
HF01314,1
HF01315,1
HF01316,1
HF01319,1
HF01321,1
HF01322,1
HF01323,1
HF01324,1
HF01326,1
HF01327,1
HF01328,1
HF01332,1
HF01336,1
HF01337,1
HF01338,1
HF01339,1
HF01340,1
HF01343,1
HF01344,1
HF01346,1
HF01347,1
HF01349,1
HF01350,1
HF01351,1
HF01352,1
HF01353,1
HF01354,1
HF01355,1
HF01356,1
HF01358,1
HF01360,1
HF01361,1
HF01362,1
HF01363,1
HF01364,1
HF01365,1
HF01366,1
HF01368,1
HF01370,1
HF01371,1
HF01372,1
HF01373,1
HF01374,1
HF01375,1
HF01376,1
HF01379,1
HF01380,1
HF01382,1
HF01383,1
HF01385,1
HF01386,1
HF01387,1
HF01388,1
HF01389,1
HF01390,1
HF01392,1
HF01393,1
HF01396,1
HF01397,1
HF01398,1
HF01399,1
HF01400,1
HF01401,1
HF01402,1
HF01403,1
HF01405,1
HF01406,1
HF01407,1
HF01408,1
HF01409,1
HF01412,1
HF01415,1
HF01416,1
HF01417,1
HF01418,1
HF01423,1
HF01428,1
HF01431,1
HF01436,1
HF01438,1
HF01439,1
HF01440,1
HF01441,1
HF01442,1
HF01446,1
HF01447,1
HF01448,1
HF01449,1
HF01450,1
HF01451,1
HF01452,1
HF01454,1
HF01456,1
HF01457,1
HF01458,1
HF01459,1
HF01460,1
HF01461,1
HF01462,1
HF01464,1
HF01465,1
HF01466,1
HF01467,1
HF01468,1
HF01469,1
HF01470,1
HF01471,1
HF01472,1
HF01473,1
HF01474,1
HF01476,1
HF01479,1
HF01480,1
HF01482,1
HF01483,1
HF01484,1
HF01487,1
HF01488,1
HF01489,1
HF01491,1
HF01494,1
HF01495,1
HF01496,1
HF01497,1
HF01498,1
HF01500,1
HF01501,1
HF01502,1
HF01504,1
HF01505,1
HF01506,1
HF01511,1
HF01512,1
HF01513,1
HF01514,1
HF01515,1
HF01516,1
HF01521,1
HF01525,1
HF01527,1
HF01528,1
HF01529,1
HF01530,1
HF01532,1
HF01534,1
HF01535,1
HF01536,1
HF01538,1
HF01539,1
HF01540,1
HF01541,1
HF01542,1
HF01543,1
HF01544,1
HF01546,1
HF01547,1
HF01548,1
HF01549,1
HF01550,1
HF01551,1
HF01552,1
HF01553,1
HF01555,1
HF01556,1
HF01557,1
HF01558,1
HF01559,1
HF01560,1
HF01561,1
HF01562,1
HF01563,1
HF01564,1
HF01565,1
HF01566,1
HF01567,1
HF01568,1
HF01569,1
HF01571,1
HF01573,1
HF01574,1
HF01575,1
HF01576,1
HF01577,1
HF01578,1
HF01579,1
HF01580,1
HF01581,1
HF01582,1
HF01583,1
HF01584,1
HF01585,1
HF01586,1
HF01589,1
HF01590,1
HF01591,1
HF01592,1
HF01593,1
HF01596,1
HF01597,1
HF01598,1
HF01599,1
HF01600,1
HF01601,1
HF01602,1
HF01606,1
HF01608,1
HF01609,1
HF01610,1
HF01611,1
HF01612,1
HF01613,1
HF01614,1
HF01615,1
HF01616,1
HF01617,1
HF01618,1
HF01619,1
HF01621,1
HF01622,1
HF01624,1
HF01625,1
HF01626,1
HF01627,1
HF01628,1
HF01629,1
HF01631,1
HF01632,1
HF01633,1
HF01634,1
HF01635,1
HF01638,1
HF01639,1
HF01640,1
HF01641,1
HF01642,1
HF01643,1
HF01645,1
HF01647,1
HF01648,1
HF01649,1
HF01650,1
HF01651,1
HF01653,1
HF01654,1
HF01655,1
HF01656,1
HF01657,1
HF01658,1
HF01659,1
HF01660,1
HF01661,1
HF01662,1
HF01665,1
HF01666,1
HF01667,1
HF01668,1
HF01669,1
HF01670,1
HF01672,1
HF01673,1
HF01674,1
HF01675,1
HF01676,1
HF01677,1
HF01678,1
HF01679,1
HF01680,1
HF01681,1
HF01682,1
HF01683,1
HF01684,1
HF01685,1
HF01687,1
HF01688,1
HF01690,1
HF01691,1
HF01692,1
HF01693,1
HF01694,1
HF01695,1
HF01696,1
HF01697,1
HF01698,1
HF01699,1
HF01701,1
HF01702,1
HF01703,1
HF01704,1
HF01705,1
HF01706,1
HF01707,1
HF01708,1
HF01709,1
HF01710,1
HF01711,1
HF01712,1
HF01713,1
HF01714,1
HF01715,1
HF01716,1
HF01717,1
HF01718,1
HF01719,1
HF01721,1
HF01722,1
HF01723,1
HF01724,1
HF01725,1
HF01726,1
HF01727,1
HF01728,1
HF01729,1
HF01730,1
HF01732,1
HF01733,1
HF01734,1
HF01735,1
HF01737,1
HF01738,1
HF01739,1
HF01742,1
HF01743,1
HF01746,1
HF01747,1
HF01750,1
HF01752,1
HF01754,1
HF01755,1
HF01756,1
HF01759,1
HF01763,1
HF01764,1
HF01766,1
HF01767,1
HF01769,1
HF01770,1
HF01771,1
HF01773,1
HF01778,1
HF01781,1
HF01784,1
HF01785,1
HF01786,1
HF01787,1
HF01788,1
HF01797,1
HF01799,1
HF01800,1
HF01805,1
HF01807,1
HF01808,1
HF01809,1
HF01810,1
HF01811,1
HF01813,1
HF01815,1
HF01818,1
HF01819,1
HF01821,1
HF01822,1
HF01826,1
HF01829,1
HF01832,1
HF01834,1
HF01835,1
HF01836,1
HF01837,1
HF01838,1
HF01839,1
HF01840,1
HF01841,1
HF01843,1
HF01844,1
HF01850,1
HF01851,1
HF01852,1
HF01854,1
HF01855,1
HF01856,1
HF01859,1
HF01861,1
HF01865,1
HF01866,1
HF01871,1
HF01876,1
HF01879,1
HF01895,1
HF01896,1
HF01898,1
HF01901,1
HF01902,1
HF01904,1
HF01911,1
HF01919,1
HF01934,1
HF01944,1
HF01946,1
HF01948,1
HF01949,1
HF01952,1
HF01958,1
HF01959,1
HF01960,1
HF01961,1
HF01962,1
HF01964,1
HF01965,1
HF01968,1
HF01969,1
HF01971,1
HF01973,1
HF01976,1
HF01977,1
HF01978,1
HF01980,1
HF01982,1
HF01983,1
HF01984,1
HF01988,1
HF01992,1
HF01993,1
HF01994,1
HF01995,1
HF01996,1
HF02001,1
HF02002,1
HF02003,1
HF02005,1
HF02014,1
HF02018,1
HF02022,1
HF02023,1
HF02027,1
HF02032,1
HF02033,1
HF02034,1
HF02040,1
HF02041,1
HF02044,1
HF02046,1
HF02048,1
HF02049,1
HF02050,1
HF02051,1
HF02056,1
HF02068,1
HF02069,1
HF02075,1
HF02077,1
HF02081,1
HF02087,1
HF02089,1
HF02094,1
HF02101,1
HF02103,1
HF02104,1
HF02105,1
HF02110,1
HF02114,1
HF02117,1
HF02121,1
HF02124,1
HF02126,1
HF02127,1
HF02130,1
HF02131,1
HF02133,1
HF02134,1
HF02135,1
HF02147,1
HF02154,1
HF02157,1
HF02162,1
HF02163,1
HF02167,1
HF02168,1
HF02171,1
HF02176,1
HF02177,1
HF05068,1
HF05082,1
HF05125,1
HF05130,1
HF05143,1
HF05157,1
HF05162,1
HF05164,1
HF05171,1
HF05173,1
HF05174,1
HF05180,1
HF05198,1
HF05203,1
HF05207,1
HF05209,1
HF05212,1
HF05222,1
HF05224,1
HF05227,1
HF05228,1
HF05230,1
HF05237,1
HF05239,1
HF05243,1
HF05244,1
HF05245,1
HF05246,1
HF05251,1
HF05252,1
HF05253,1
HF05262,1
HF05270,1
HF05273,1
HF05281,1
HF05285,1
HF05291,1
HF05292,1
HF05301,1
HF05306,1
HF05308,1
HF05312,1
HF05318,1
HF05322,1
HF05326,1
HF05336,1
HF05338,1
HF05359,1
HF05365,1
HF05376,1
HF05377,1
HF05384,1
HF05386,1
HF05392,1
HF05399,1
HF05405,1
HF05408,1
HF05427,1
HF05434,1
HF05435,1
HF05436,1
HF05439,1
HF05442,1
HF05450,1
HF05457,1
HF05463,1
HF05468,1
HF05476,1
HF05479,1
HF05480,1
HF05485,1
HF05488,1
HF05490,1
HF05491,1
HF05500,1
HF05501,1
HF05523,1
HF05527,1
HF05529,1
HF05599,1
HF05603,1
HF05605,1
HF05606,1
HF05634,1
HF05638,1
HF05643,1
HF05645,1
HF05647,1
HF05648,1
HF05649,1
HF05650,1
HF05651,1
HF05657,1
HF05671,1
HF05678,1
HF05694,1
HF05695,1
HF05696,1
HF05703,1
HF05704,1
HF05705,1
HF05706,1
HH00003,1
HH00004,1
HH00010,1
HH00019,1
HH00025,1
HH00028,1
HH00029,1
HH00035,1
HH00036,1
HH00042,1
HH00045,1
HH00046,1
HH00048,1
HH00052,1
HH00056,1
HH00067,1
HH00068,1
HH00072,1
HH00075,1
HH00083,1
HH00085,1
HH00086,1
HH00087,1
HH00092,1
HH00093,1
HH00094,1
HH00097,1
HH00098,1
HH00105,1
HH00113,1
HH00114,1
HH00117,1
HH00118,1
HH00119,1
HH00120,1
HH00127,1
HH00129,1
HH00131,1
HH00132,1
HH00134,1
HH00135,1
HH00136,1
HH00137,1
HH00138,1
HH00140,1
HH00142,1
HH00143,1
HH00144,1
HH00145,1
HH00146,1
HH00147,1
HH00148,1
HH00149,1
HH00150,1
HH00153,1
HH00154,1
HH00156,1
HH00157,1
HH00158,1
HH00159,1
HH00161,1
HH00162,1
HH00163,1
HH00164,1
HH00165,1
HH00166,1
HH00167,1
HH00168,1
HH00169,1
HH00171,1
HH00173,1
HH00175,1
HH00176,1
HH00177,1
HH00178,1
HH00182,1
HH00183,1
HH00184,1
HH00185,1
HH00186,1
HH00190,1
HH00191,1
HH00192,1
HH00193,1
HH00194,1
HH00196,1
HH00197,1
HH00198,1
HH00199,1
HH00200,1
HH00201,1
HH00202,1
HH00203,1
HH00206,1
HH00207,1
HH00208,1
HH00209,1
HH00210,1
HH00211,1
HH00212,1
HH00217,1
HH00218,1
HH00219,1
HH00220,1
HH00222,1
HH00223,1
HH00224,1
HH00225,1
HH00226,1
HH00227,1
HH00228,1
HH00230,1
HH00232,1
HH00233,1
HH00234,1
HH00235,1
HH00236,1
HH00237,1
HH00238,1
HH00239,1
HH00240,1
HH00241,1
HH00243,1
HH00245,1
HH00246,1
HH00247,1
HH00248,1
HH00249,1
HH00251,1
HH00252,1
HH00254,1
HH00257,1
HH00258,1
HH00259,1
HH00261,1
HH00262,1
HH00263,1
HH00264,1
HH00265,1
HH00267,1
HH00269,1
HH00270,1
HH00273,1
HH00274,1
HH00275,1
HH00277,1
HH00278,1
HH00281,1
HH00282,1
HH00283,1
HH00284,1
HH00285,1
HH00286,1
HH00289,1
HH00291,1
HH00292,1
HH00293,1
HH00294,1
HH00295,1
HH00296,1
HH00297,1
HH00298,1
HH00300,1
HH00301,1
HH00302,1
HH00305,1
HH00306,1
HH00310,1
HH00311,1
HH00312,1
HH00313,1
HH00314,1
HH00315,1
HH00316,1
HH00317,1
HH00318,1
HH00320,1
HH00321,1
HH00323,1
HH00324,1
HH00325,1
HH00326,1
HH00327,1
HH00328,1
HH00329,1
HH00330,1
HH00331,1
HH00332,1
HH00333,1
HH00334,1
HH00335,1
HH00336,1
HH00337,1
HH00338,1
HH00339,1
HH00340,1
HH00343,1
HH00344,1
HH00345,1
HH00346,1
HH00348,1
HH00351,1
HH00356,1
HH00359,1
HH00361,1
HH00365,1
HH00366,1
HH00367,1
HH00369,1
HH00371,1
HH00372,1
HH00373,1
HH00374,1
HH00375,1
HH00377,1
HH00378,1
HH00379,1
HH00380,1
HH00381,1
HH00382,1
HH00383,1
HH00385,1
HH00386,1
HH00387,1
HH00388,1
HH00389,1
HH00390,1
HH00391,1
HH00392,1
HH00393,1
HH00394,1
HH00395,1
HH00396,1
HH00397,1
HH00398,1
HH00399,1
HH00400,1
HH00403,1
HH00404,1
HH00405,1
HH00406,1
HH00407,1
HH00408,1
HH00409,1
HH00410,1
HH00411,1
HH00412,1
HH00413,1
HH00414,1
HH00415,1
HH00416,1
HH00417,1
HH00421,1
HH00422,1
HH00423,1
HH00424,1
HH00426,1
HH00427,1
HH00431,1
HH00432,1
HH00435,1
HH00436,1
HH00438,1
HH00439,1
HH00440,1
HH00441,1
HH00442,1
HH00445,1
HH00448,1
HH00451,1
HH00452,1
HH00453,1
HH00454,1
HH00458,1
HH00459,1
HH00462,1
HH00463,1
HH00465,1
HH00467,1
HH00468,1
HH00469,1
HH00470,1
HH00474,1
HH00475,1
HH00476,1
HH00477,1
HH00480,1
HH00482,1
HH00483,1
HH00484,1
HH00485,1
HH00487,1
HH00492,1
HH00493,1
HH00494,1
HH00495,1
HH00496,1
HH00498,1
HH00499,1
HH00501,1
HH00502,1
HH00503,1
HH00504,1
HH00505,1
HH00506,1
HH00508,1
HH00509,1
HH00511,1
HH00512,1
HH00518,1
HH00519,1
HH00523,1
HH00524,1
HH00525,1
HH00526,1
HH00527,1
HH00528,1
HH00529,1
HH00530,1
HH00532,1
HH00533,1
HH00536,1
HH00537,1
HH00538,1
HH00540,1
HH00541,1
HH00542,1
HH00544,1
HH00548,1
HH00552,1
HH00554,1
HH00555,1
HH00556,1
HH00557,1
HH00558,1
HH00559,1
HH00560,1
HH00561,1
HH00563,1
HH00564,1
HH00565,1
HH00566,1
HH00567,1
HH00568,1
HH00569,1
HH00585,1
HH00586,1
HH00588,1
HH00589,1
HH00590,1
HH00594,1
HH00595,1
HH00597,1
HH00598,1
HH00605,1
HH00606,1
HH00607,1
HH00608,1
HH00609,1
HH00615,1
HH00617,1
HH00619,1
HH00623,1
HH00627,1
HH00629,1
HH00630,1
HH00631,1
HH00635,1
HH00637,1
HH00639,1
HH00642,1
HH00644,1
HH00645,1
HH00647,1
HH00649,1
HH00650,1
HH00651,1
HH00652,1
HH00654,1
HH00656,1
HH00660,1
HH00661,1
HH00663,1
HH00665,1
HH00666,1
HH00668,1
HH00669,1
HH00670,1
HH00671,1
HH00672,1
HH00673,1
HH00674,1
HH00675,1
HH00676,1
HH00678,1
HH00680,1
HH00681,1
HH00682,1
HH00683,1
HH00684,1
HH00685,1
HH00686,1
HH00687,1
HH00689,1
HH00690,1
HH00691,1
HH00692,1
HH00693,1
HH00695,1
HH00696,1
HH00697,1
HH00698,1
HH00699,1
HH00700,1
HH00704,1
HH00706,1
HH00707,1
HH00708,1
HH00709,1
HH00711,1
HH00712,1
HH00713,1
HH00717,1
HH00721,1
HH00722,1
HH00723,1
HH00724,1
HH00726,1
HH00727,1
HH00729,1
HH00730,1
HH00731,1
HH00732,1
HH00735,1
HH00736,1
HH00737,1
HH00738,1
HH00739,1
HH00740,1
HH00741,1
HH00742,1
HH00743,1
HH00744,1
HH00745,1
HH00746,1
HH00747,1
HH00748,1
HH00749,1
HH00750,1
HH00751,1
HH00752,1
HH00753,1
HH00754,1
HH00755,1
HH00756,1
HH00757,1
HH00759,1
HH00760,1
HH00761,1
HH00762,1
HH00766,1
HH00767,1
HH00769,1
HH00770,1
HH00771,1
HH00772,1
HH00774,1
HH00775,1
HH00776,1
HH00782,1
HH00783,1
HH00784,1
HH00785,1
HH00786,1
HH00788,1
HH00789,1
HH00790,1
HH00799,1
HH00801,1
HH00805,1
HH00806,1
HH00810,1
HH00812,1
HH00813,1
HH00815,1
HH00816,1
HH00817,1
HH00818,1
HH00819,1
HH00820,1
HH00821,1
HH00822,1
HH00823,1
HH00824,1
HH00825,1
HH00826,1
HH00827,1
HH00828,1
HH00830,1
HH00831,1
HH00832,1
HH00833,1
HH00834,1
HH00835,1
HH00837,1
HH00839,1
HH00840,1
HH00841,1
HH00842,1
HH00843,1
HH00846,1
HH00847,1
HH00848,1
HH00849,1
HH00852,1
HH00857,1
HH00858,1
HH00860,1
HH00861,1
HH00863,1
HH00864,1
HH00865,1
HH00867,1
HH00870,1
HH00871,1
HH00872,1
HH00873,1
HH00874,1
HH00875,1
HH00876,1
HH00877,1
HH00878,1
HH00879,1
HH00883,1
HH00886,1
HH00887,1
HH00888,1
HH00889,1
HH00890,1
HH00891,1
HH00892,1
HH00893,1
HH00894,1
HH00895,1
HH00896,1
HH00897,1
HH00899,1
HH00900,1
HH00903,1
HH00905,1
HH00906,1
HH00908,1
HH00909,1
HH00910,1
HH00911,1
HH00912,1
HH00914,1
HH00915,1
HH00916,1
HH00918,1
HH00919,1
HH00921,1
HH00922,1
HH00923,1
HH00925,1
HH00926,1
HH00927,1
HH00928,1
HH00929,1
HH00930,1
HH00931,1
HH00932,1
HH00934,1
HH00935,1
HH00936,1
HH00939,1
HH00940,1
HH00941,1
HH00943,1
HH00944,1
HH00948,1
HH00949,1
HH00950,1
HH00951,1
HH00955,1
HH00956,1
HH00957,1
HH00958,1
HH00959,1
HH00966,1
HH00967,1
HH00970,1
HH00971,1
HH00972,1
HH00974,1
HH00976,1
HH00978,1
HH00980,1
HH00982,1
HH00983,1
HH00984,1
HH00985,1
HH00987,1
HH00989,1
HH00990,1
HH00991,1
HH00993,1
HH00995,1
HH00997,1
HH00998,1
HH01000,1
HH01001,1
HH01003,1
HH01004,1
HH01007,1
HH01008,1
HH01009,1
HH01010,1
HH01011,1
HH01012,1
HH01013,1
HH01014,1
HH01015,1
HH01016,1
HH01017,1
HH01020,1
HH01022,1
HH01024,1
HH01026,1
HH01028,1
HH01030,1
HH01032,1
HH01033,1
HH01036,1
HH01037,1
HH01038,1
HH01039,1
HH01044,1
HH01045,1
HH01048,1
HH01050,1
HH01051,1
HH01052,1
HH01055,1
HH01056,1
HH01058,1
HH01060,1
HH01061,1
HH01062,1
HH01063,1
HH01064,1
HH01065,1
HH01068,1
HH01070,1
HH01071,1
HH01072,1
HH01073,1
HH01074,1
HH01076,1
HH01077,1
HH01082,1
HH01083,1
HH01085,1
HH01086,1
HH01087,1
HH01089,1
HH01093,1
HH01094,1
HH01095,1
HH01096,1
HH01097,1
HH01101,1
HH01103,1
HH01104,1
HH01108,1
HH01109,1
HH01113,1
HH01115,1
HH01118,1
HH01125,1
HH01126,1
HH01129,1
HH01130,1
HH01132,1
HH01133,1
HH01136,1
HH01138,1
HH01139,1
HH01143,1
HH01145,1
HH01148,1
HH01152,1
HH01153,1
HH01156,1
HH01157,1
HH01158,1
HH01159,1
HH01160,1
HH01163,1
HH01168,1
HH01169,1
HH01174,1
HH01175,1
HH01179,1
HH01180,1
HH01187,1
HH01194,1
HH01201,1
HH01202,1
HH01204,1
HH01212,1
HH01214,1
HH01216,1
HH01221,1
HH01222,1
HH01224,1
HH01227,1
HH01237,1
HH01239,1
HH01241,1
HH01245,1
HH01250,1
HH01251,1
HH01252,1
HH01253,1
HH01265,1
HH01274,1
HH01281,1
HH01289,1
HH01291,1
HH01292,1
HH01302,1
HH01311,1
HH01313,1
HH01315,1
HH01322,1
HH01340,1
HH01346,1
HH01349,1
HH01354,1
HH01363,1
HH01365,1
HH01370,1
HH01393,1
HH01396,1
HH01452,1
HH01459,1
HH01460,1
HH01461,1
HK00011,1
HK00015,1
HK00019,1
HK00020,1
HK00022,1
HK00023,1
HK00024,1
HK00026,1
HK00027,1
HK00028,1
HK00030,1
HK00043,1
HK00048,1
HK00049,1
HK00050,1
HK00056,1
HK00063,1
HK00064,1
HK00065,1
HK00078,1
HK00085,1
HK00087,1
HK00093,1
HK00095,1
HK00098,1
HK00100,1
HK00102,1
HK00107,1
HK00108,1
HK00109,1
HK00118,1
HK00122,1
HK00124,1
HK00125,1
HK00128,1
HK00129,1
HK00130,1
HK00131,1
HK00135,1
HK00136,1
HK00137,1
HK00141,1
HK00145,1
HK00148,1
HK00149,1
HK00151,1
HK00152,1
HK00153,1
HK00160,1
HK00161,1
HK00166,1
HK00169,1
HK00175,1
HK00177,1
HK00182,1
HK00186,1
HK00190,1
HK00192,1
HK00193,1
HK00194,1
HK00195,1
HK00199,1
HK00201,1
HK00208,1
HK00211,1
HK00214,1
HK00215,1
HK00216,1
HK00219,1
HK00220,1
HK00221,1
HK00223,1
HK00224,1
HK00225,1
HK00226,1
HK00227,1
HK00230,1
HK00231,1
HK00235,1
HK00240,1
HK00244,1
HK00254,1
HK00255,1
HK00257,1
HK00258,1
HK00259,1
HK00260,1
HK00261,1
HK00262,1
HK00263,1
HK00264,1
HK00265,1
HK00267,1
HK00268,1
HK00270,1
HK00271,1
HK00272,1
HK00274,1
HK00275,1
HK00276,1
HK00278,1
HK00279,1
HK00280,1
HK00281,1
HK00282,1
HK00285,1
HK00286,1
HK00289,1
HK00290,1
HK00291,1
HK00292,1
HK00296,1
HK00301,1
HK00303,1
HK00307,1
HK00309,1
HK00310,1
HK00311,1
HK00316,1
HK00317,1
HK00318,1
HK00319,1
HK00321,1
HK00323,1
HK00325,1
HK00326,1
HK00328,1
HK00329,1
HK00330,1
HK00332,1
HK00335,1
HK00336,1
HK00337,1
HK00338,1
HK00339,1
HK00340,1
HK00343,1
HK00344,1
HK00345,1
HK00347,1
HK00351,1
HK00352,1
HK00359,1
HK00363,1
HK00364,1
HK00365,1
HK00366,1
HK00369,1
HK00379,1
HK00381,1
HK00382,1
HK00385,1
HK00390,1
HK00392,1
HK00393,1
HK00394,1
HK00397,1
HK00398,1
HK00399,1
HK00400,1
HK00401,1
HK00409,1
HK00410,1
HK00411,1
HK00415,1
HK00418,1
HK00424,1
HK00425,1
HK00427,1
HK00430,1
HK00431,1
HK00434,1
HK00435,1
HK00442,1
HK00443,1
HK00446,1
HK00448,1
HK00449,1
HK00452,1
HK00453,1
HK00457,1
HK00460,1
HK00461,1
HK00462,1
HK00466,1
HK00468,1
HK00469,1
HK00470,1
HK00471,1
HK00472,1
HK00473,1
HK00478,1
HK00479,1
HK00480,1
HK00487,1
HK00490,1
HK00491,1
HK00494,1
HK00495,1
HK00498,1
HK00499,1
HK00500,1
HK00502,1
HK00504,1
HK00506,1
HK00507,1
HK00508,1
HK00509,1
HK00510,1
HK00511,1
HK00516,1
HK00517,1
HK00518,1
HK00519,1
HK00520,1
HK00523,1
HK00524,1
HK00527,1
HK00530,1
HK00533,1
HK00534,1
HK00539,1
HK00541,1
HK00542,1
HK00543,1
HK00551,1
HK00557,1
HK00559,1
HK00564,1
HK00569,1
HK00572,1
HK00575,1
HK00580,1
HK00581,1
HK00583,1
HK00587,1
HK00590,1
HK00591,1
HK00595,1
HK00607,1
HK00608,1
HK00609,1
HK00610,1
HK00613,1
HK00615,1
HK00617,1
HK00620,1
HK00621,1
HK00626,1
HK00629,1
HK00630,1
HK00631,1
HK00632,1
HK00633,1
HK00636,1
HK00637,1
HK00639,1
HK00641,1
HK00645,1
HK00649,1
HK00651,1
HK00654,1
HK00656,1
HK00657,1
HK00659,1
HK00669,1
HK00670,1
HK00672,1
HK00673,1
HK00674,1
HK00677,1
HK00678,1
HK00679,1
HK00681,1
HK00682,1
HK00683,1
HK00688,1
HK00689,1
HK00690,1
HK00691,1
HK00692,1
HK00693,1
HK00694,1
HK00696,1
HK00697,1
HK00701,1
HK00702,1
HK00703,1
HK00704,1
HK00705,1
HK00708,1
HK00711,1
HK00712,1
HK00714,1
HK00715,1
HK00717,1
HK00718,1
HK00721,1
HK00722,1
HK00727,1
HK00728,1
HK00729,1
HK00741,1
HK00743,1
HK00744,1
HK00745,1
HK00746,1
HK00748,1
HK00749,1
HK00750,1
HK00752,1
HK00753,1
HK00756,1
HK00770,1
HK00773,1
HK00783,1
HK00785,1
HK00787,1
HK00789,1
HK00791,1
HK00792,1
HK00796,1
HK00803,1
HK00804,1
HK00805,1
HK00806,1
HK00807,1
HK00808,1
HK00809,1
HK00811,1
HK00814,1
HK00815,1
HK00816,1
HK00823,1
HK00825,1
HK00826,1
HK00830,1
HK00831,1
HK00832,1
HK00833,1
HK00836,1
HK00838,1
HK00841,1
HK00843,1
HK00848,1
HK00850,1
HK00853,1
HK00856,1
HK00859,1
HK00862,1
HK00864,1
HK00875,1
HK00876,1
HK00878,1
HK00882,1
HK00884,1
HK00885,1
HK00886,1
HK00888,1
HK00891,1
HK00893,1
HK00894,1
HK00895,1
HK00896,1
HK00900,1
HK00903,1
HK00904,1
HK00907,1
HK00909,1
HK00910,1
HK00913,1
HK00915,1
HK00917,1
HK00918,1
HK00919,1
HK00923,1
HK00924,1
HK00925,1
HK00930,1
HK00931,1
HK00932,1
HK00938,1
HK00943,1
HK00946,1
HK00947,1
HK00948,1
HK00949,1
HK00950,1
HK00954,1
HK00959,1
HK00960,1
HK00961,1
HK00963,1
HK00965,1
HK00968,1
HK00969,1
HK00980,1
HK00983,1
HK00984,1
HK00986,1
HK00987,1
HK00988,1
HK00991,1
HK00992,1
HK00993,1
HK00994,1
HK00995,1
HK01000,1
HK01001,1
HK01003,1
HK01004,1
HK01005,1
HK01006,1
HK01007,1
HK01008,1
HK01011,1
HK01012,1
HK01013,1
HK01014,1
HK01016,1
HK01017,1
HK01018,1
HK01019,1
HK01022,1
HK01025,1
HK01031,1
HK01033,1
HK01034,1
HK01038,1
HK01042,1
HK01046,1
HK01047,1
HK01050,1
HK01054,1
HK01055,1
HK01056,1
HK01059,1
HK01060,1
HK01061,1
HK01067,1
HK01072,1
HK01074,1
HK01075,1
HK01077,1
HK01078,1
HK01079,1
HK01080,1
HK01081,1
HK01082,1
HK01083,1
HK01084,1
HK01086,1
HK01088,1
HK01090,1
HK01091,1
HK01094,1
HK01101,1
HK01104,1
HK01105,1
HK01106,1
HK01107,1
HK01110,1
HK01114,1
HK01118,1
HK01119,1
HK01121,1
HK01122,1
HK01124,1
HK01125,1
HK01126,1
HK01127,1
HK01128,1
HK01130,1
HK01131,1
HK01132,1
HK01133,1
HK01136,1
HK01137,1
HK01138,1
HK01139,1
HK01140,1
HK01141,1
HK01145,1
HK01146,1
HK01151,1
HK01153,1
HK01155,1
HK01156,1
HK01157,1
HK01159,1
HK01160,1
HK01161,1
HK01162,1
HK01163,1
HK01164,1
HK01167,1
HK01168,1
HK01171,1
HK01172,1
HK01177,1
HK01178,1
HK01180,1
HK01183,1
HK01187,1
HK01189,1
HK01191,1
HK01193,1
HK01194,1
HK01198,1
HK01199,1
HK01200,1
HK01201,1
HK01202,1
HK01203,1
HK01209,1
HK01220,1
HK01221,1
HK01226,1
HK01233,1
HK01243,1
HK01244,1
HK01245,1
HK01247,1
HK01248,1
HK01249,1
HK01254,1
HK01255,1
HK01256,1
HK01258,1
HK01259,1
HK01261,1
HK01263,1
HK01264,1
HK01265,1
HK01267,1
HK01270,1
HK01271,1
HK01273,1
HK01275,1
HK01276,1
HK01277,1
HK01278,1
HK01279,1
HK01281,1
HK01284,1
HK01285,1
HK01286,1
HK01288,1
HK01289,1
HK01291,1
HK01292,1
HK01297,1
HK01298,1
HK01302,1
HK01307,1
HK01310,1
HK01318,1
HK01319,1
HK01320,1
HK01322,1
HK01325,1
HK01328,1
HK01329,1
HK01330,1
HK01331,1
HK01332,1
HK01334,1
HK01336,1
HK01337,1
HK01340,1
HK01341,1
HK01344,1
HK01345,1
HK01347,1
HK01348,1
HK01350,1
HK01352,1
HK01354,1
HK01355,1
HK01357,1
HK01358,1
HK01360,1
HK01366,1
HK01370,1
HK01371,1
HK01376,1
HK01384,1
HK01386,1
HK01387,1
HK01388,1
HK01389,1
HK01391,1
HK01393,1
HK01394,1
HK01395,1
HK01396,1
HK01397,1
HK01399,1
HK01400,1
HK01402,1
HK01403,1
HK01408,1
HK01410,1
HK01411,1
HK01414,1
HK01416,1
HK01422,1
HK01423,1
HK01436,1
HK01438,1
HK01440,1
HK01441,1
HK01443,1
HK01445,1
HK01449,1
HK01453,1
HK01454,1
HK01455,1
HK01456,1
HK01459,1
HK01461,1
HK01462,1
HK01464,1
HK01467,1
HK01476,1
HK01477,1
HK01480,1
HK01481,1
HK01482,1
HK01484,1
HK01485,1
HK01486,1
HK01489,1
HK01490,1
HK01498,1
HK01500,1
HK01509,1
HK01511,1
HK01514,1
HK01515,1
HK01517,1
HK01518,1
HK01519,1
HK01527,1
HK01529,1
HK01530,1
HK01531,1
HK01532,1
HK01536,1
HK01537,1
HK01538,1
HK01539,1
HK01540,1
HK01542,1
HK01544,1
HK01545,1
HK01551,1
HK01552,1
HK01556,1
HK01557,1
HK01561,1
HK01562,1
HK01567,1
HK01569,1
HK01570,1
HK01571,1
HK01572,1
HK01573,1
HK01575,1
HK01585,1
HK01587,1
HK01588,1
HK01589,1
HK01591,1
HK01592,1
HK01594,1
HK01596,1
HK01600,1
HK01603,1
HK01604,1
HK01605,1
HK01607,1
HK01610,1
HK01612,1
HK01614,1
HK01616,1
HK01617,1
HK01621,1
HK01623,1
HK01624,1
HK01626,1
HK01628,1
HK01629,1
HK01630,1
HK01632,1
HK01633,1
HK01647,1
HK01653,1
HK01654,1
HK01661,1
HK01664,1
HK01665,1
HK01669,1
HK01670,1
HK01675,1
HK01682,1
HK01687,1
HK01688,1
HK01689,1
HK01693,1
HK01694,1
HK01695,1
HK01696,1
HK01702,1
HK01705,1
HK01711,1
HK01712,1
HK01713,1
HK01714,1
HK01715,1
HK01717,1
HK01718,1
HK01720,1
HK01723,1
HK01724,1
HK01727,1
HK01730,1
HK01731,1
HK01732,1
HK01733,1
HK01734,1
HK01735,1
HK01736,1
HK01737,1
HK01738,1
HK01740,1
HK01743,1
HK01748,1
HK01749,1
HK01751,1
HK01753,1
HK01756,1
HK01757,1
HK01760,1
HK01761,1
HK01762,1
HK01764,1
HK01766,1
HK01767,1
HK01770,1
HK01771,1
HK01777,1
HK01781,1
HK01784,1
HK01785,1
HK01786,1
HK01787,1
HK01789,1
HK01790,1
HK01791,1
HK01795,1
HK01796,1
HK01797,1
HK01798,1
HK01799,1
HK01800,1
HK01801,1
HK01806,1
HK01807,1
HK01808,1
HK01809,1
HK01810,1
HK01811,1
HK01813,1
HK01814,1
HK01815,1
HK01819,1
HK01821,1
HK01822,1
HK01823,1
HK01824,1
HK01825,1
HK01826,1
HK01828,1
HK01829,1
HK01831,1
HK01837,1
HK01840,1
HK01843,1
HK01844,1
HK01847,1
HK01849,1
HK01850,1
HK01853,1
HK01855,1
HK01858,1
HK01859,1
HK01862,1
HK01865,1
HK01870,1
HK01871,1
HK01874,1
HK01876,1
HK01877,1
HK01879,1
HK01880,1
HK01881,1
HK01882,1
HK01884,1
HK01887,1
HK01889,1
HK01891,1
HK01892,1
HK01893,1
HK01897,1
HK01899,1
HK01900,1
HK01901,1
HK01903,1
HK01904,1
HK01905,1
HK01908,1
HK01909,1
HK01911,1
HK01912,1
HK01913,1
HK01914,1
HK01915,1
HK01916,1
HK01917,1
HK01918,1
HK01920,1
HK01921,1
HK01923,1
HK01924,1
HK01925,1
HK01926,1
HK01927,1
HK01928,1
HK01929,1
HK01930,1
HK01931,1
HK01932,1
HK01933,1
HK01934,1
HK01942,1
HK01943,1
HK01944,1
HK01945,1
HK01946,1
HK01947,1
HK01948,1
HK01949,1
HK01950,1
HK01952,1
HK01954,1
HK01958,1
HK01961,1
HK01963,1
HK01965,1
HK01966,1
HK01968,1
HK01969,1
HK01970,1
HK01972,1
HK01973,1
HK01974,1
HK01975,1
HK01976,1
HK01977,1
HK01978,1
HK01979,1
HK01981,1
HK01982,1
HK01983,1
HK01984,1
HK01985,1
HK01986,1
HK01987,1
HK01988,1
HK01989,1
HK01992,1
HK01995,1
HK01996,1
HK01998,1
HK01999,1
HK02001,1
HK02002,1
HK02007,1
HK02008,1
HK02010,1
HK02013,1
HK02015,1
HK02016,1
HK02017,1
HK02018,1
HK02019,1
HK02020,1
HK02021,1
HK02022,1
HK02023,1
HK02024,1
HK02025,1
HK02026,1
HK02027,1
HK02030,1
HK02031,1
HK02033,1
HK02034,1
HK02035,1
HK02036,1
HK02037,1
HK02042,1
HK02047,1
HK02051,1
HK02052,1
HK02053,1
HK02056,1
HK02057,1
HK02059,1
HK02060,1
HK02063,1
HK02068,1
HK02069,1
HK02070,1
HK02072,1
HK02073,1
HK02074,1
HK02076,1
HK02077,1
HK02078,1
HK02086,1
HK02089,1
HK02090,1
HK02093,1
HK02097,1
HK02100,1
HK02102,1
HK02105,1
HK02107,1
HK02109,1
HK02110,1
HK02112,1
HK02117,1
HK02118,1
HK02121,1
HK02122,1
HK02123,1
HK02124,1
HK02125,1
HK02126,1
HK02128,1
HK02130,1
HK02132,1
HK02134,1
HK02135,1
HK02136,1
HK02137,1
HK02138,1
HK02139,1
HK02140,1
HK02141,1
HK02143,1
HK02144,1
HK02146,1
HK02147,1
HK02149,1
HK02150,1
HK02151,1
HK02152,1
HK02153,1
HK02154,1
HK02157,1
HK02158,1
HK02161,1
HK02162,1
HK02163,1
HK02164,1
HK02165,1
HK02166,1
HK02167,1
HK02168,1
HK02170,1
HK02171,1
HK02173,1
HK02175,1
HK02178,1
HK02180,1
HK02181,1
HK02182,1
HK02184,1
HK02185,1
HK02186,1
HK02187,1
HK02188,1
HK02190,1
HK02191,1
HK02192,1
HK02193,1
HK02194,1
HK02195,1
HK02197,1
HK02198,1
HK02199,1
HK02201,1
HK02202,1
HK02203,1
HK02204,1
HK02205,1
HK02206,1
HK02207,1
HK02209,1
HK02210,1
HK02212,1
HK02214,1
HK02215,1
HK02216,1
HK02218,1
HK02220,1
HK02221,1
HK02222,1
HK02223,1
HK02224,1
HK02226,1
HK02227,1
HK02228,1
HK02230,1
HK02231,1
HK02233,1
HK02234,1
HK02235,1
HK02236,1
HK02237,1
HK02238,1
HK02240,1
HK02241,1
HK02242,1
HK02244,1
HK02245,1
HK02248,1
HK02251,1
HK02255,1
HK02256,1
HK02257,1
HK02258,1
HK02259,1
HK02260,1
HK02261,1
HK02262,1
HK02263,1
HK02264,1
HK02265,1
HK02266,1
HK02267,1
HK02268,1
HK02269,1
HK02270,1
HK02271,1
HK02272,1
HK02273,1
HK02274,1
HK02275,1
HK02276,1
HK02278,1
HK02279,1
HK02280,1
HK02285,1
HK02286,1
HK02287,1
HK02288,1
HK02289,1
HK02292,1
HK02293,1
HK02294,1
HK02295,1
HK02297,1
HK02298,1
HK02300,1
HK02301,1
HK02302,1
HK02303,1
HK02304,1
HK02305,1
HK02306,1
HK02307,1
HK02308,1
HK02309,1
HK02310,1
HK02311,1
HK02314,1
HK02315,1
HK02316,1
HK02317,1
HK02319,1
HK02320,1
HK02321,1
HK02323,1
HK02324,1
HK02325,1
HK02326,1
HK02328,1
HK02331,1
HK02332,1
HK02334,1
HK02335,1
HK02336,1
HK02337,1
HK02339,1
HK02340,1
HK02342,1
HK02344,1
HK02345,1
HK02346,1
HK02348,1
HK02349,1
HK02352,1
HK02353,1
HK02354,1
HK02355,1
HK02357,1
HK02360,1
HK02361,1
HK02362,1
HK02363,1
HK02364,1
HK02368,1
HK02369,1
HK02370,1
HK02371,1
HK02372,1
HK02373,1
HK02374,1
HK02376,1
HK02377,1
HK02378,1
HK02379,1
HK02380,1
HK02381,1
HK02382,1
HK02383,1
HK02384,1
HK02385,1
HK02387,1
HK02389,1
HK02392,1
HK02394,1
HK02395,1
HK02396,1
HK02397,1
HK02398,1
HK02399,1
HK02400,1
HK02401,1
HK02403,1
HK02404,1
HK02405,1
HK02407,1
HK02408,1
HK02409,1
HK02410,1
HK02411,1
HK02413,1
HK02414,1
HK02415,1
HK02416,1
HK02417,1
HK02418,1
HK02419,1
HK02420,1
HK02421,1
HK03000,1
HK03001,1
HK03002,1
HK03003,1
HK03005,1
HK03006,1
HK03008,1
HK03009,1
HK03010,1
HK03011,1
HK03012,1
HK03013,1
HK03014,1
HK03015,1
HK03016,1
HK03017,1
HK03018,1
HK03019,1
HK03020,1
HK03022,1
HK03024,1
HK03025,1
HK03026,1
HK03027,1
HK03028,1
HK03029,1
HK03030,1
HK03031,1
HK03032,1
HK03034,1
HK03036,1
HK03037,1
HK03038,1
HK03039,1
HK03040,1
HK03041,1
HK03042,1
HK03043,1
HK03044,1
HK03046,1
HK03047,1
HK03049,1
HK03050,1
HK03051,1
HK03052,1
HK03054,1
HK03055,1
HK03057,1
HK03058,1
HK03059,1
HK03060,1
HK03061,1
HK03062,1
HK03064,1
HK03065,1
HK03066,1
HK03068,1
HK03070,1
HK03071,1
HK03072,1
HK03073,1
HK03074,1
HK03076,1
HK03077,1
HK03078,1
HK03079,1
HK03080,1
HK03081,1
HK03082,1
HK03084,1
HK03085,1
HK03086,1
HK03087,1
HK03088,1
HK03089,1
HK03091,1
HK03092,1
HK03093,1
HK03097,1
HK03098,1
HK03099,1
HK03100,1
HK03101,1
HK03102,1
HK03103,1
HK03108,1
HK03109,1
HK03110,1
HK03111,1
HK03113,1
HK03114,1
HK03116,1
HK03117,1
HK03118,1
HK03119,1
HK03120,1
HK03122,1
HK03124,1
HK03125,1
HK03126,1
HK03127,1
HK03129,1
HK03130,1
HK03131,1
HK03132,1
HK03133,1
HK03134,1
HK03135,1
HK03136,1
HK03137,1
HK03139,1
HK03140,1
HK03141,1
HK03142,1
HK03143,1
HK03144,1
HK03145,1
HK03146,1
HK03148,1
HK03149,1
HK03151,1
HK03152,1
HK03155,1
HK03156,1
HK03157,1
HK03158,1
HK03160,1
HK03161,1
HK03162,1
HK03163,1
HK03164,1
HK03165,1
HK03166,1
HK03167,1
HK03169,1
HK03170,1
HK03171,1
HK03172,1
HK03173,1
HK03174,1
HK03175,1
HK03176,1
HK03177,1
HK03179,1
HK03180,1
HK03182,1
HK03183,1
HK03184,1
HK03186,1
HK03187,1
HK03188,1
HK03189,1
HK03190,1
HK03192,1
HK03193,1
HK03197,1
HK03198,1
HK03199,1
HK03200,1
HK03201,1
HK03202,1
HK03203,1
HK03204,1
HK03206,1
HK03207,1
HK03208,1
HK03210,1
HK03212,1
HK03214,1
HK03215,1
HK03217,1
HK03218,1
HK03219,1
HK03220,1
HK03221,1
HK03223,1
HK03224,1
HK03226,1
HK03228,1
HK03229,1
HK03230,1
HK03232,1
HK03233,1
HK03234,1
HK03235,1
HK03236,1
HK03237,1
HK03238,1
HK03239,1
HK03241,1
HK03242,1
HK03243,1
HK03244,1
HK03245,1
HK03246,1
HK03248,1
HK03250,1
HK03251,1
HK03252,1
HK03253,1
HK03254,1
HK03255,1
HK03256,1
HK03259,1
HK03261,1
HK03262,1
HK03263,1
HK03265,1
HK03266,1
HK03267,1
HK03268,1
HK03269,1
HK03270,1
HK03271,1
HK03273,1
HK03275,1
HK03277,1
HK03278,1
HK03279,1
HK03280,1
HK03281,1
HK03282,1
HK03283,1
HK03285,1
HK03287,1
HK03288,1
HK03289,1
HK03290,1
HK03291,1
HK03293,1
HK03294,1
HK03295,1
HK03296,1
HK03297,1
HK03298,1
HK03300,1
HK03301,1
HK03302,1
HK03303,1
HK03304,1
HK03305,1
HK03306,1
HK03307,1
HK03308,1
HK03309,1
HK03310,1
HK03313,1
HK03314,1
HK03315,1
HK03317,1
HK03318,1
HK03319,1
HK03320,1
HK03321,1
HK03322,1
HK03323,1
HK03324,1
HK03325,1
HK03326,1
HK03327,1
HK03328,1
HK03329,1
HK03331,1
HK03332,1
HK03333,1
HK03334,1
HK03335,1
HK03336,1
HK03337,1
HK03338,1
HK03339,1
HK03340,1
HK03341,1
HK03344,1
HK03345,1
HK03346,1
HK03348,1
HK03349,1
HK03350,1
HK03351,1
HK03352,1
HK03354,1
HK03355,1
HK03356,1
HK03357,1
HK03358,1
HK03359,1
HK03360,1
HK03362,1
HK03363,1
HK03364,1
HK03365,1
HK03366,1
HK03367,1
HK03370,1
HK03371,1
HK03372,1
HK03373,1
HK03374,1
HK03375,1
HK03376,1
HK03377,1
HK03378,1
HK03379,1
HK03380,1
HK03381,1
HK03382,1
HK03383,1
HK03385,1
HK03386,1
HK03388,1
HK03389,1
HK03391,1
HK03392,1
HK03393,1
HK03394,1
HK03395,1
HK03397,1
HK03398,1
HK03400,1
HK03403,1
HK03405,1
HK03407,1
HK03409,1
HK03410,1
HK03413,1
HK03414,1
HK03415,1
HK03416,1
HK03417,1
HK03419,1
HK03420,1
HK03421,1
HK03423,1
HK03424,1
HK03425,1
HK03426,1
HK03428,1
HK03429,1
HK03431,1
HK03432,1
HK03434,1
HK03435,1
HK03438,1
HK03440,1
HK03441,1
HK03443,1
HK03444,1
HK03445,1
HK03446,1
HK03448,1
HK03453,1
HK03454,1
HK03456,1
HK03457,1
HK03458,1
HK03459,1
HK03460,1
HK03461,1
HK03462,1
HK03463,1
HK03464,1
HK03465,1
HK03466,1
HK03467,1
HK03470,1
HK03471,1
HK03472,1
HK03473,1
HK03474,1
HK03475,1
HK03478,1
HK03479,1
HK03480,1
HK03481,1
HK03482,1
HK03483,1
HK03484,1
HK03485,1
HK03486,1
HK03488,1
HK03489,1
HK03490,1
HK03491,1
HK03492,1
HK03494,1
HK03495,1
HK03496,1
HK03498,1
HK03499,1
HK03501,1
HK03502,1
HK03503,1
HK03504,1
HK03505,1
HK03506,1
HK03507,1
HK03508,1
HK03509,1
HK03510,1
HK03511,1
HK03512,1
HK03514,1
HK03515,1
HK03516,1
HK03519,1
HK03520,1
HK03521,1
HK03522,1
HK03523,1
HK03525,1
HK03527,1
HK03528,1
HK03529,1
HK03530,1
HK03531,1
HK03532,1
HK03533,1
HK03535,1
HK03537,1
HK03538,1
HK03541,1
HK03542,1
HK03544,1
HK03546,1
HK03547,1
HK03548,1
HK03549,1
HK03550,1
HK03551,1
HK03552,1
HK03553,1
HK03554,1
HK03556,1
HK03557,1
HK03558,1
HK03559,1
HK03560,1
HK03561,1
HK03562,1
HK03563,1
HK03565,1
HK03566,1
HK03567,1
HK03568,1
HK03569,1
HK03570,1
HK03571,1
HK03572,1
HK03573,1
HK03574,1
HK03575,1
HK03576,1
HK03578,1
HK03580,1
HK03581,1
HK03582,1
HK03584,1
HK03585,1
HK03586,1
HK03587,1
HK03588,1
HK03589,1
HK03590,1
HK03591,1
HK03594,1
HK03595,1
HK03596,1
HK03597,1
HK03598,1
HK03599,1
HK03601,1
HK03603,1
HK03605,1
HK03606,1
HK03607,1
HK03608,1
HK03610,1
HK03611,1
HK03612,1
HK03613,1
HK03614,1
HK03615,1
HK03616,1
HK03617,1
HK03618,1
HK03619,1
HK03620,1
HK03621,1
HK03622,1
HK03624,1
HK03625,1
HK03626,1
HK03627,1
HK03628,1
HK03631,1
HK03632,1
HK03633,1
HK03635,1
HK03637,1
HK03639,1
HK03641,1
HK03642,1
HK03643,1
HK03644,1
HK03645,1
HK03646,1
HK03647,1
HK03648,1
HK03649,1
HK03650,1
HK03651,1
HK03652,1
HK03653,1
HK03654,1
HK03655,1
HK03656,1
HK03657,1
HK03658,1
HK03659,1
HK03661,1
HK03662,1
HK03663,1
HK03664,1
HK03665,1
HK03666,1
HK03667,1
HK03668,1
HK03669,1
HK03670,1
HK03671,1
HK03672,1
HK03673,1
HK03674,1
HK03675,1
HK03676,1
HK03677,1
HK03678,1
HK03679,1
HK03680,1
HK03682,1
HK03683,1
HK03687,1
HK03691,1
HK03692,1
HK03693,1
HK03695,1
HK03697,1
HK03700,1
HK03701,1
HK03702,1
HK03703,1
HK03704,1
HK03705,1
HK03707,1
HK03708,1
HK03710,1
HK03711,1
HK03712,1
HK03713,1
HK03714,1
HK03717,1
HK03718,1
HK03719,1
HK03720,1
HK03721,1
HK03736,1
HK03737,1
HK03738,1
HK03739,1
HK03740,1
HK03747,1
HK03748,1
HK03749,1
HK03750,1
HK03751,1
HK03752,1
HK03753,1
HK03754,1
HK03755,1
HK03756,1
HK03757,1
HK03759,1
HK03760,1
HK03761,1
HK03762,1
HK03763,1
HK03764,1
HK03765,1
HK03766,1
HK03767,1
HK03768,1
HK03769,1
HK03771,1
HK03773,1
HK03774,1
HK03776,1
HK03777,1
HK03778,1
HK03779,1
HK03780,1
HK03781,1
HK03782,1
HK03783,1
HK03784,1
HK03785,1
HK03786,1
HK03787,1
HK03788,1
HK03789,1
HK03790,1
HK03792,1
HK03793,1
HK03794,1
HK03795,1
HK03796,1
HK03797,1
HK03798,1
HK03801,1
HK03802,1
HK03803,1
HK03804,1
HK03806,1
HK03807,1
HK03808,1
HK03809,1
HK03810,1
HK03811,1
HK03812,1
HK03813,1
HK03814,1
HK03815,1
HK03816,1
HK03817,1
HK03818,1
HK03819,1
HK03820,1
HK03821,1
HK03822,1
HK03823,1
HK03824,1
HK03825,1
HK03826,1
HK03828,1
HK03829,1
HK03830,1
HK03831,1
HK03832,1
HK03833,1
HK03834,1
HK03835,1
HK03836,1
HK03837,1
HK03838,1
HK03839,1
HK03840,1
HK03841,1
HK03842,1
HK03843,1
HK03845,1
HK03846,1
HK03847,1
HK03848,1
HK03849,1
HK03850,1
HK03851,1
HK03852,1
HK03853,1
HK03854,1
HK03856,1
HK03858,1
HK03859,1
HK03860,1
HK03861,1
HK03862,1
HK03863,1
HK03864,1
HK03865,1
HK03866,1
HK03868,1
HK03870,1
HK03872,1
HK03874,1
HK03875,1
HK03881,1
HK03882,1
HK03883,1
HK03884,1
HK03886,1
HK03890,1
HK03891,1
HK03893,1
HK03894,1
HK03895,1
HK03896,1
HK03897,1
HK03898,1
HK03900,1
HK03901,1
HK03902,1
HK03903,1
HK03904,1
HK03905,1
HK03906,1
HK03908,1
HK03909,1
HK03911,1
HK03912,1
HK03913,1
HK03915,1
HK03920,1
HK03921,1
HK03922,1
HK03923,1
HK03924,1
HK03925,1
HK03926,1
HK03927,1
HK03928,1
HK03930,1
HK03933,1
HK03934,1
HK03935,1
HK03936,1
HK03939,1
HK03940,1
HK03941,1
HK03943,1
HK03944,1
HK03945,1
HK03946,1
HK03947,1
HK03948,1
HK03949,1
HK03951,1
HK03952,1
HK03953,1
HK03954,1
HK03955,1
HK03956,1
HK03957,1
HK03958,1
HK03961,1
HK03962,1
HK03964,1
HK03966,1
HK03967,1
HK03969,1
HK03970,1
HK03971,1
HK03972,1
HK03973,1
HK03975,1
HK03976,1
HK03977,1
HK03978,1
HK03980,1
HK03981,1
HK03982,1
HK03983,1
HK03984,1
HK03987,1
HK03988,1
HK03989,1
HK03990,1
HK03992,1
HK03993,1
HK03994,1
HK03995,1
HK03997,1
HK03998,1
HK04000,1
HK04001,1
HK04002,1
HK04003,1
HK04005,1
HK04006,1
HK04007,1
HK04008,1
HK04009,1
HK04010,1
HK04011,1
HK04014,1
HK04017,1
HK04018,1
HK04019,1
HK04020,1
HK04021,1
HK04022,1
HK04023,1
HK04024,1
HK04025,1
HK04027,1
HK04028,1
HK04029,1
HK04030,1
HK04031,1
HK04032,1
HK04033,1
HK04034,1
HK04035,1
HK04036,1
HK04038,1
HK04039,1
HK04040,1
HK04041,1
HK04042,1
HK04043,1
HK04044,1
HK04045,1
HK04046,1
HK04047,1
HK04048,1
HK04049,1
HK04050,1
HK04051,1
HK04052,1
HK04053,1
HK04055,1
HK04057,1
HK04058,1
HK04059,1
HK04060,1
HK04061,1
HK04062,1
HK04063,1
HK04064,1
HK04065,1
HK04067,1
HK04068,1
HK04069,1
HK04070,1
HK04075,1
HK04076,1
HK04080,1
HK04082,1
HK04083,1
HK04085,1
HK04086,1
HK04087,1
HK04088,1
HK04089,1
HK04090,1
HK04091,1
HK04092,1
HK04093,1
HK04094,1
HK04095,1
HK04096,1
HK04097,1
HK04098,1
HK04100,1
HK04101,1
HK04102,1
HK04103,1
HK04105,1
HK04106,1
HK04107,1
HK04108,1
HK04109,1
HK04110,1
HK04111,1
HK04112,1
HK04115,1
HK04118,1
HK04119,1
HK04120,1
HK04121,1
HK04122,1
HK04123,1
HK04124,1
HK04125,1
HK04126,1
HK04127,1
HK04128,1
HK04129,1
HK04130,1
HK04131,1
HK04132,1
HK04134,1
HK04135,1
HK04137,1
HK04138,1
HK04139,1
HK04140,1
HK04141,1
HK04142,1
HK04143,1
HK04144,1
HK04145,1
HK04147,1
HK04149,1
HK04150,1
HK04151,1
HK04153,1
HK04154,1
HK04155,1
HK04158,1
HK04159,1
HK04160,1
HK04161,1
HK04162,1
HK04163,1
HK04164,1
HK04165,1
HK04167,1
HK04169,1
HK04170,1
HK04171,1
HK04172,1
HK04173,1
HK04175,1
HK04177,1
HK04179,1
HK04181,1
HK04182,1
HK04183,1
HK04185,1
HK04186,1
HK04187,1
HK04189,1
HK04190,1
HK04191,1
HK04192,1
HK04193,1
HK04194,1
HK04195,1
HK04197,1
HK04198,1
HK04199,1
HK04200,1
HK04204,1
HK04205,1
HK04206,1
HK04207,1
HK04208,1
HK04209,1
HK04210,1
HK04212,1
HK04213,1
HK04214,1
HK04215,1
HK04217,1
HK04219,1
HK04221,1
HK04222,1
HK04223,1
HK04225,1
HK04226,1
HK04227,1
HK04228,1
HK04229,1
HK04230,1
HK04231,1
HK04232,1
HK04234,1
HK04235,1
HK04236,1
HK04238,1
HK04239,1
HK04240,1
HK04241,1
HK04242,1
HK04243,1
HK04245,1
HK04246,1
HK04247,1
HK04248,1
HK04249,1
HK04250,1
HK04251,1
HK04252,1
HK04253,1
HK04255,1
HK04256,1
HK04259,1
HK04260,1
HK04261,1
HK04262,1
HK04263,1
HK04264,1
HK04265,1
HK04266,1
HK04267,1
HK04268,1
HK04269,1
HK04271,1
HK04272,1
HK04273,1
HK04274,1
HK04277,1
HK04280,1
HK04281,1
HK04283,1
HK04284,1
HK04290,1
HK04294,1
HK04296,1
HK04297,1
HK04299,1
HK04300,1
HK04302,1
HK04303,1
HK04305,1
HK04307,1
HK04310,1
HK04311,1
HK04313,1
HK04315,1
HK04324,1
HK04325,1
HK04326,1
HK04328,1
HK04329,1
HK04331,1
HK04332,1
HK04333,1
HK04334,1
HK04335,1
HK04336,1
HK04337,1
HK04338,1
HK04339,1
HK04340,1
HK04341,1
HK04342,1
HK04343,1
HK04344,1
HK04345,1
HK04346,1
HK04347,1
HK04348,1
HK04350,1
HK04351,1
HK04352,1
HK04353,1
HK04354,1
HK04355,1
HK04356,1
HK04357,1
HK04358,1
HK04359,1
HK04360,1
HK04362,1
HK04364,1
HK04365,1
HK04366,1
HK04367,1
HK04368,1
HK04369,1
HK04370,1
HK04371,1
HK04373,1
HK04374,1
HK04375,1
HK04376,1
HK04377,1
HK04378,1
HK04379,1
HK04381,1
HK04382,1
HK04383,1
HK04384,1
HK04386,1
HK04387,1
HK04388,1
HK04389,1
HK04390,1
HK04391,1
HK04392,1
HK04393,1
HK04394,1
HK04395,1
HK04396,1
HK04397,1
HK04398,1
HK04399,1
HK04401,1
HK04402,1
HK04403,1
HK04407,1
HK04408,1
HK04409,1
HK04412,1
HK04413,1
HK04414,1
HK04415,1
HK04418,1
HK04420,1
HK04429,1
HK04431,1
HK04438,1
HK04439,1
HK04440,1
HK04441,1
HK04442,1
HK04443,1
HK04445,1
HK04446,1
HK04449,1
HK04450,1
HK04451,1
HK04452,1
HK04454,1
HK04456,1
HK04457,1
HK04459,1
HK04461,1
HK04462,1
HK04463,1
HK04464,1
HK04466,1
HK04467,1
HK04468,1
HK04475,1
HK04477,1
HK04480,1
HK04481,1
HK04482,1
HK04483,1
HK04484,1
HK04485,1
HK04486,1
HK04487,1
HK04488,1
HK04489,1
HK04490,1
HK04491,1
HK04492,1
HK04493,1
HK04494,1
HK04495,1
HK04496,1
HK04498,1
HK04499,1
HK04500,1
HK04503,1
HK04504,1
HK04512,1
HK04514,1
HK04515,1
HK04516,1
HK04517,1
HK04519,1
HK04522,1
HK04523,1
HK04525,1
HK04531,1
HK04533,1
HK04535,1
HK04536,1
HK04537,1
HK04538,1
HK04541,1
HK04546,1
HK04548,1
HK04553,1
HK04555,1
HK04562,1
HK04563,1
HK04564,1
HK04566,1
HK04569,1
HK04572,1
HK04576,1
HK04584,1
HK04587,1
HK04589,1
HK04595,1
HK04596,1
HK04701,1
HK04704,1
HK04705,1
HK04706,1
HK04710,1
HK04712,1
HK04714,1
HK04715,1
HK04716,1
HK04717,1
HK04718,1
HK04719,1
HK04720,1
HK04721,1
HK04722,1
HK04723,1
HK04724,1
HK04725,1
HK04726,1
HK04727,1
HK04728,1
HK04729,1
HK04732,1
HK04733,1
HK04734,1
HK04736,1
HK04737,1
HK04738,1
HK04739,1
HK04741,1
HK04742,1
HK04743,1
HK04744,1
HK04745,1
HK04746,1
HK04747,1
HK04748,1
HK04749,1
HK04750,1
HK04751,1
HK04752,1
HK04753,1
HK04754,1
HK04755,1
HK04756,1
HK04757,1
HK04758,1
HK04759,1
HK04760,1
HK04761,1
HK04762,1
HK04763,1
HK04764,1
HK04765,1
HK04766,1
HK04767,1
HK04768,1
HK04769,1
HK04771,1
HK04772,1
HK04773,1
HK04774,1
HK04775,1
HK04776,1
HK04777,1
HK04778,1
HK04779,1
HK04780,1
HK04781,1
HK04783,1
HK04784,1
HK04785,1
HK04786,1
HK04788,1
HK04789,1
HK04790,1
HK04791,1
HK04792,1
HK04793,1
HK04795,1
HK04797,1
HK04801,1
HK04802,1
HK04803,1
HK04804,1
HK04806,1
HK04807,1
HK04808,1
HK04809,1
HK04810,1
HK04811,1
HK04813,1
HK04814,1
HK04815,1
HK04816,1
HK04818,1
HK04823,1
HK04824,1
HK04825,1
HK04826,1
HK04829,1
HK04830,1
HK04832,1
HK04833,1
HK04834,1
HK04835,1
HK04836,1
HK04838,1
HK04839,1
HK04840,1
HK04841,1
HK04843,1
HK04844,1
HK04845,1
HK04846,1
HK04849,1
HK04850,1
HK04851,1
HK04852,1
HK04853,1
HK04854,1
HK04855,1
HK04856,1
HK04857,1
HK04858,1
HK04859,1
HK04860,1
HK04861,1
HK04863,1
HK04864,1
HK04865,1
HK04866,1
HK04867,1
HK04868,1
HK04870,1
HK04871,1
HK04872,1
HK04873,1
HK04874,1
HK04875,1
HK04876,1
HK04877,1
HK04878,1
HK04880,1
HK04881,1
HK04882,1
HK04883,1
HK04884,1
HK04885,1
HK04888,1
HK04889,1
HK04890,1
HK04896,1
HK04900,1
HK04901,1
HK04902,1
HK04903,1
HK04904,1
HK04908,1
HK04909,1
HK04910,1
HK04912,1
HK04914,1
HK04915,1
HK04916,1
HK04917,1
HK04919,1
HK04921,1
HK04924,1
HK04925,1
HK04928,1
HK04930,1
HK04931,1
HK04932,1
HK04933,1
HK04935,1
HK04936,1
HK04937,1
HK04938,1
HK04940,1
HK04941,1
HK04942,1
HK04943,1
HK04944,1
HK04945,1
HK04946,1
HK04947,1
HK04949,1
HK04950,1
HK04951,1
HK04953,1
HK04954,1
HK04955,1
HK04956,1
HK04957,1
HK04958,1
HK04959,1
HK04961,1
HK04962,1
HK04964,1
HK04965,1
HK04968,1
HK04969,1
HK04970,1
HK04971,1
HK04974,1
HK04975,1
HK04976,1
HK04977,1
HK04978,1
HK04979,1
HK04980,1
HK04981,1
HK04983,1
HK04984,1
HK04985,1
HK04988,1
HK04989,1
HK04990,1
HK04991,1
HK04992,1
HK04994,1
HK04995,1
HK04997,1
HK04998,1
HK05007,1
HK05010,1
HK05013,1
HK05015,1
HK05016,1
HK05019,1
HK05023,1
HK05026,1
HK05028,1
HK05030,1
HK05031,1
HK05032,1
HK05033,1
HK05034,1
HK05038,1
HK05040,1
HK05052,1
HK05053,1
HK05054,1
HK05055,1
HK05056,1
HK05057,1
HK05058,1
HK05059,1
HK05061,1
HK05062,1
HK05063,1
HK05064,1
HK05066,1
HK05067,1
HK05068,1
HK05072,1
HK05073,1
HK05074,1
HK05076,1
HK05077,1
HK05079,1
HK05094,1
HK05095,1
HK05100,1
HK05101,1
HK05108,1
HK05109,1
HK05110,1
HK05111,1
HK05113,1
HK05114,1
HK05116,1
HK05117,1
HK05118,1
HK05120,1
HK05121,1
HK05125,1
HK05126,1
HK05133,1
HK05134,1
HK05135,1
HK05137,1
HK05138,1
HK05139,1
HK05140,1
HK05141,1
HK05144,1
HK05145,1
HK05146,1
HK05147,1
HK05149,1
HK05159,1
HK05160,1
HK05161,1
HK05163,1
HK05166,1
HK05168,1
HK05169,1
HK05171,1
HK05172,1
HK05174,1
HK05175,1
HK05176,1
HK05177,1
HK05179,1
HK05181,1
HK05182,1
HK05185,1
HK05187,1
HK05188,1
HK05189,1
HK05190,1
HK05192,1
HK05193,1
HK05194,1
HK05196,1
HK05203,1
HK05205,1
HK05206,1
HK05207,1
HK05208,1
HK05209,1
HK05210,1
HK05211,1
HK05213,1
HK05214,1
HK05215,1
HK05216,1
HK05217,1
HK05219,1
HK05220,1
HK05223,1
HK05230,1
HK05232,1
HK05233,1
HK05235,1
HK05240,1
HK05241,1
HK05242,1
HK05243,1
HK05245,1
HK05246,1
HK05251,1
HK05252,1
HK05254,1
HK05256,1
HK05257,1
HK05258,1
HK05259,1
HK05262,1
HK05264,1
HK05266,1
HK05267,1
HK05268,1
HK05269,1
HK05271,1
HK05273,1
HK05275,1
HK05276,1
HK05277,1
HK05279,1
HK05280,1
HK05281,1
HK05284,1
HK05285,1
HK05286,1
HK05287,1
HK05288,1
HK05289,1
HK05290,1
HK05291,1
HK05292,1
HK05293,1
HK05295,1
HK05296,1
HK05297,1
HK05298,1
HK05299,1
HK05301,1
HK05302,1
HK05303,1
HK05306,1
HK05307,1
HK05310,1
HK05311,1
HK05312,1
HK05314,1
HK05321,1
HK05324,1
HK05326,1
HK05327,1
HK05329,1
HK05331,1
HK05333,1
HK05334,1
HK05335,1
HK05336,1
HK05337,1
HK05340,1
HK05342,1
HK05346,1
HK05347,1
HK05348,1
HK05349,1
HK05350,1
HK05351,1
HK05352,1
HK05353,1
HK05354,1
HK05355,1
HK05357,1
HK05358,1
HK05359,1
HK05363,1
HK05364,1
HK05366,1
HK05367,1
HK05375,1
HK05380,1
HK05381,1
HK05386,1
HK05387,1
HK05388,1
HK05389,1
HK05390,1
HK05406,1
HK05407,1
HK05408,1
HK05409,1
HK05410,1
HK05411,1
HK05412,1
HK05413,1
HK05415,1
HK05418,1
HK05419,1
HK05423,1
HK05428,1
HK05430,1
HK05437,1
HK05439,1
HK05440,1
HK05441,1
HK05443,1
HK05444,1
HK05445,1
HK05452,1
HK05454,1
HK05455,1
HK05456,1
HK05460,1
HK05461,1
HK05462,1
HK05463,1
HK05464,1
HK05465,1
HK05466,1
HK05468,1
HK05470,1
HK05471,1
HK05472,1
HK05473,1
HK05476,1
HK05477,1
HK05481,1
HK05482,1
HK05483,1
HK05484,1
HK05485,1
HK05488,1
HK05489,1
HK05490,1
HK05493,1
HK05494,1
HK05495,1
HK05496,1
HK05497,1
HK05498,1
HK05500,1
HK05501,1
HK05502,1
HK05503,1
HK05506,1
HK05507,1
HK05510,1
HK05514,1
HK05515,1
HK05517,1
HK05518,1
HK05521,1
HK05523,1
HK05527,1
HK05528,1
HK05529,1
HK05530,1
HK05531,1
HK05532,1
HK05536,1
HK05537,1
HK05540,1
HK05545,1
HK05547,1
HK05550,1
HK05556,1
HK05559,1
HK05560,1
HK05562,1
HK05565,1
HK05566,1
HK05567,1
HK05568,1
HK05570,1
HK05572,1
HK05573,1
HK05574,1
HK05577,1
HK05578,1
HK05581,1
HK05582,1
HK05583,1
HK05584,1
HK05587,1
HK05588,1
HK05590,1
HK05592,1
HK05593,1
HK05594,1
HK05595,1
HK05603,1
HK05606,1
HK05607,1
HK05608,1
HK05609,1
HK05611,1
HK05612,1
HK05613,1
HK05614,1
HK05616,1
HK05617,1
HK05618,1
HK05619,1
HK05620,1
HK05621,1
HK05622,1
HK05624,1
HK05625,1
HK05626,1
HK05627,1
HK05628,1
HK05629,1
HK05630,1
HK05634,1
HK05638,1
HK05639,1
HK05640,1
HK05644,1
HK05646,1
HK05647,1
HK05649,1
HK05650,1
HK05651,1
HK05656,1
HK05657,1
HK05658,1
HK05661,1
HK05662,1
HK05664,1
HK05665,1
HK05666,1
HK05667,1
HK05668,1
HK05670,1
HK05671,1
HK05672,1
HK05674,1
HK05680,1
HK05681,1
HK05682,1
HK05683,1
HK05684,1
HK05687,1
HK05689,1
HK05690,1
HK05692,1
HK05693,1
HK05696,1
HK05697,1
HK05698,1
HK05706,1
HK05709,1
HK05711,1
HK05712,1
HK05713,1
HK05714,1
HK05715,1
HK05720,1
HK05721,1
HK05722,1
HK05723,1
HK05725,1
HK05735,1
HK05736,1
HK05737,1
HK05739,1
HK05741,1
HK05743,1
HK05744,1
HK05745,1
HK05747,1
HK05749,1
HK05751,1
HK05755,1
HK05756,1
HK05757,1
HK05758,1
HK05759,1
HK05760,1
HK05761,1
HK05762,1
HK05763,1
HK05764,1
HK05765,1
HK05766,1
HK05768,1
HK05770,1
HK05772,1
HK05773,1
HK05776,1
HK05777,1
HK05779,1
HK05780,1
HK05782,1
HK05784,1
HK05785,1
HK05788,1
HK05789,1
HK05790,1
HK05792,1
HK05797,1
HK05798,1
HK05800,1
HK05805,1
HK05806,1
HK05809,1
HK05813,1
HK05814,1
HK05821,1
HK05827,1
HK05830,1
HK05831,1
HK05832,1
HK05833,1
HK05834,1
HK05836,1
HK05837,1
HK05838,1
HK05840,1
HK05848,1
HK05851,1
HK05852,1
HK05853,1
HK05854,1
HK05861,1
HK05863,1
HK05867,1
HK05868,1
HK05871,1
HK05873,1
HK05876,1
HK05879,1
HK05884,1
HK05885,1
HK05890,1
HK05896,1
HK05897,1
HK05899,1
HK05900,1
HK05901,1
HK05902,1
HK05904,1
HK05905,1
HK05912,1
HK05914,1
HK05915,1
HK05918,1
HK05921,1
HK05922,1
HK05923,1
HK05924,1
HK05925,1
HK05928,1
HK05929,1
HK05930,1
HK05934,1
HK05935,1
HK05959,1
HK05960,1
HK05972,1
HK05979,1
HK05997,1
HK06011,1
HK06019,1
HK06020,1
HK06022,1
HK06029,1
HK06030,1
HK06034,1
HK06037,1
HK06039,1
HK06040,1
HK06042,1
HK06043,1
HK06047,1
HK06048,1
HK06053,1
HK06055,1
HK06056,1
HK06058,1
HK06059,1
HK06060,1
HK06061,1
HK06062,1
HK06064,1
HK06067,1
HK06068,1
HK06073,1
HK06075,1
HK06078,1
HK06080,1
HK06083,1
HK06084,1
HK06085,1
HK06086,1
HK06101,1
HK06102,1
HK06103,1
HK06104,1
HK06110,1
HK06112,1
HK06113,1
HK06114,1
HK06115,1
HK06117,1
HK06119,1
HK06120,1
HK06123,1
HK06127,1
HK06128,1
HK06130,1
HK06133,1
HK06135,1
HK06137,1
HK06138,1
HK06142,1
HK06145,1
HK06146,1
HK06147,1
HK06148,1
HK06150,1
HK06151,1
HK06156,1
HK06157,1
HK06159,1
HK06166,1
HK06167,1
HK06175,1
HK06176,1
HK06177,1
HK06197,1
HK06206,1
HK06212,1
HK06213,1
HK06219,1
HK06227,1
HK06233,1
HK06243,1
HK06244,1
HK06248,1
HK06259,1
HK06270,1
HK06284,1
HK06292,1
HK06296,1
HK06297,1
HK06302,1
HK06305,1
HK06311,1
HK06316,1
HK06317,1
HK06320,1
HK06322,1
HK06324,1
HK06325,1
HK06337,1
HK06354,1
HK06367,1
HK06380,1
HK06382,1
HK06388,1
HK06423,1
HK06438,1
HK06444,1
HK06446,1
HK06453,1
HK06454,1
HK06458,1
HK06459,1
HK06463,1
HK06464,1
HK06466,1
HK06471,1
HK06481,1
HK06483,1
HK06486,1
HK06490,1
HK06491,1
HL00004,1
HL00005,1
HL00007,1
HL00008,1
HL00010,1
HL00011,1
HL00012,1
HL00013,1
HL00014,1
HL00015,1
HL00016,1
HL00017,1
HL00020,1
HL00021,1
HL00022,1
HL00025,1
HL00026,1
HL00027,1
HL00032,1
HL00033,1
HL00038,1
HL00039,1
HL00042,1
HL00044,1
HL00051,1
HL00054,1
HL00058,1
HL00059,1
HL00060,1
HL00061,1
HL00066,1
HL00072,1
HL00073,1
HL00075,1
HL00079,1
HL00080,1
HL00082,1
HL00083,1
HL00087,1
HL00088,1
HL00091,1
HL00093,1
HL00094,1
HL00099,1
HL00100,1
HL00102,1
HL00104,1
HL00105,1
HL00113,1
HL00114,1
HL00115,1
HL00118,1
HL00119,1
HL00124,1
HL00125,1
HL00126,1
HL00128,1
HL00129,1
HL00130,1
HL00132,1
HL00133,1
HL00134,1
HL00136,1
HL00138,1
HL00140,1
HL00141,1
HL00143,1
HL00146,1
HL00151,1
HL00153,1
HL00154,1
HL00155,1
HL00158,1
HL00159,1
HL00163,1
HL00166,1
HL00169,1
HL00171,1
HL00175,1
HL00176,1
HL00177,1
HL00180,1
HL00182,1
HL00184,1
HL00185,1
HL00186,1
HL00188,1
HL00189,1
HL00192,1
HL00198,1
HL00199,1
HL00200,1
HL00201,1
HL00205,1
HL00206,1
HL00207,1
HL00208,1
HL00210,1
HL00211,1
HL00215,1
HL00216,1
HL00219,1
HL00226,1
HL00227,1
HL00228,1
HL00229,1
HL00230,1
HL00233,1
HL00235,1
HL00236,1
HL00237,1
HL00238,1
HL00239,1
HL00242,1
HL00244,1
HL00247,1
HL00248,1
HL00249,1
HL00252,1
HL00255,1
HL00257,1
HL00258,1
HL00260,1
HL00261,1
HL00262,1
HL00263,1
HL00264,1
HL00266,1
HL00267,1
HL00270,1
HL00272,1
HL00275,1
HL00276,1
HL00280,1
HL00284,1
HL00285,1
HL00287,1
HL00290,1
HL00291,1
HL00292,1
HL00294,1
HL00298,1
HL00299,1
HL00300,1
HL00301,1
HL00303,1
HL00305,1
HL00308,1
HL00309,1
HL00310,1
HL00311,1
HL00312,1
HL00313,1
HL00314,1
HL00315,1
HL00320,1
HL00321,1
HL00322,1
HL00324,1
HL00326,1
HL00328,1
HL00330,1
HL00334,1
HL00338,1
HL00340,1
HL00342,1
HL00343,1
HL00344,1
HL00345,1
HL00346,1
HL00347,1
HL00349,1
HL00352,1
HL00362,1
HL00363,1
HL00364,1
HL00366,1
HL00367,1
HL00368,1
HL00369,1
HL00370,1
HL00371,1
HL00372,1
HL00377,1
HL00378,1
HL00380,1
HL00397,1
HL00398,1
HL00400,1
HL00401,1
HL00402,1
HL00403,1
HL00405,1
HL00408,1
HL00413,1
HL00414,1
HL00419,1
HL00421,1
HL00423,1
HL00424,1
HL00428,1
HL00429,1
HL00435,1
HL00441,1
HL00455,1
HL00459,1
HL00461,1
HL00466,1
HL00472,1
HL00474,1
HL00476,1
HL00498,1
HL00499,1
HL00507,1
HL00525,1
HL00544,1
HL00550,1
HL00562,1
HL00567,1
HL00578,1
HL00582,1
HL00583,1
HL00596,1
HL00599,1
HL00603,1
HL00606,1
HL00619,1
HL00629,1
HL00636,1
HL00640,1
HL00645,1
HL00658,1
HL00662,1
HL00664,1
HL00670,1
HL00671,1
HL00672,1
HL00676,1
HL00678,1
HL00683,1
HL00688,1
HL00693,1
HL00706,1
HL00715,1
HL00718,1
HL00725,1
HL00734,1
HL00736,1
HL00744,1
HL00745,1
HL00747,1
HL00755,1
HL00765,1
HL00768,1
HL00773,1
HL00777,1
HL00779,1
HL00787,1
HL00805,1
HL00806,1
HL00808,1
HL00812,1
HL00816,1
HL00817,1
HL00824,1
HL00825,1
HL00834,1
HL00850,1
HL00857,1
HL00859,1
HL00884,1
HL00885,1
HL00888,1
HL00893,1
HL00895,1
HL00897,1
HL00899,1
HL00903,1
HL00904,1
HL00905,1
HL00909,1
HL00915,1
HL00916,1
HL00922,1
HL00923,1
HL00929,1
HL00930,1
HL00931,1
HL00932,1
HL00938,1
HL00942,1
HL00947,1
HL00976,1
HL00977,1
HL00978,1
HL00987,1
HL00988,1
HL00989,1
HL00990,1
HL00996,1
HL01002,1
HL01010,1
HL01011,1
HL01013,1
JA00001,1
JA00007,1
JA00010,1
JA00012,1
JA00016,1
JA00021,1
JA00022,1
JA00023,1
JA00025,1
JA00036,1
JA00037,1
JA00038,1
JA00039,1
JA00040,1
JA00044,1
JA00048,1
JA00059,1
JA00061,1
JA00074,1
JA00086,1
JA00089,1
JA00090,1
JA00091,1
JA00092,1
JA00096,1
JA00097,1
JA00099,1
JA00101,1
JA00106,1
JA00111,1
JA00112,1
JA00113,1
JA00116,1
JA00117,1
JA00119,1
JA00120,1
JA00125,1
JA00127,1
JA00133,1
JA00135,1
JA00136,1
JA00137,1
JA00142,1
JA00143,1
JA00144,1
JA00147,1
JA00148,1
JA00152,1
JA00154,1
JA00155,1
JA00158,1
JA00159,1
JA00162,1
JA00163,1
JA00164,1
JA00170,1
JA00174,1
JA00175,1
JA00180,1
JA00181,1
JA00182,1
JA00185,1
JA00186,1
JA00190,1
JA00191,1
JA00198,1
JA00199,1
JA00202,1
JA00205,1
JA00208,1
JA00209,1
JA00214,1
JA00216,1
JA00217,1
JA00220,1
JA00225,1
JA00226,1
JA00227,1
JA00228,1
JA00230,1
JA00235,1
JA00238,1
JA00239,1
JA00242,1
JA00243,1
JA00244,1
JA00249,1
JA00250,1
JA00251,1
JA00253,1
JA00255,1
JA00258,1
JA00259,1
JA00260,1
JA00262,1
JA00263,1
JA00264,1
JA00267,1
JA00268,1
JA00270,1
JA00271,1
JA00272,1
JA00273,1
JA00274,1
JA00275,1
JA00277,1
JA00281,1
JA00283,1
JA00286,1
JA00289,1
JA00292,1
JA00295,1
JA00300,1
JA00301,1
JA00302,1
JA00303,1
JA00306,1
JA00310,1
JA00311,1
JA00317,1
JA00320,1
JA00322,1
JA00326,1
JA00330,1
JA00331,1
JA00333,1
JA00334,1
JA00336,1
JA00338,1
JA00341,1
JA00342,1
JA00343,1
JA00344,1
JA00346,1
JA00351,1
JA00352,1
JA00355,1
JA00357,1
JA00362,1
JA00363,1
JA00366,1
JA00369,1
JA00370,1
JA00374,1
JA00377,1
JA00378,1
JA00380,1
JA00382,1
JA00383,1
JA00386,1
JA00387,1
JA00388,1
JA00389,1
JA00392,1
JA00393,1
JA00394,1
JA00395,1
JA00396,1
JA00397,1
JA00399,1
JA00400,1
JA00401,1
JA00402,1
JA00403,1
JA00404,1
JA00405,1
JA00406,1
JA00409,1
JA00410,1
JA00411,1
JA00414,1
JA00415,1
JA00419,1
JA00422,1
JA00423,1
JA00429,1
JA00432,1
JA00434,1
JA00435,1
JA00436,1
JA00437,1
JA00438,1
JA00441,1
JA00442,1
JA00444,1
JA00445,1
JA00446,1
JA00447,1
JA00448,1
JA00449,1
JA00450,1
JA00451,1
JA00452,1
JA00456,1
JA00458,1
JA00459,1
JA00460,1
JA00462,1
JA00464,1
JA00465,1
JA00466,1
JA00467,1
JA00470,1
JA00471,1
JA00473,1
JA00474,1
JA00475,1
JA00477,1
JA00478,1
JA00500,1
JA00501,1
JA00502,1
JA00504,1
JA00506,1
JA00508,1
JA00511,1
JA00514,1
JA00515,1
JA00516,1
JA00517,1
JA00518,1
JA00519,1
JA00520,1
JA00521,1
JA00522,1
JA00524,1
JA00525,1
JA00526,1
JA00527,1
JA00529,1
JA00531,1
JA00532,1
JA00534,1
JA00535,1
JA00537,1
JA00538,1
JA00539,1
JA00540,1
JA00542,1
JA00543,1
JA00545,1
JA00550,1
JA00552,1
JA00553,1
JA00555,1
JA00557,1
JA00559,1
JA00560,1
JA00562,1
JA00563,1
JA00564,1
JA00565,1
JA00566,1
JA00567,1
JA00568,1
JA00571,1
JA00572,1
JA00573,1
JA00574,1
JA00575,1
JA00576,1
JA00577,1
JA00578,1
JA00579,1
JA00580,1
JA00581,1
JA00582,1
JA00583,1
JA00584,1
JA00585,1
JA00586,1
JA00587,1
JA00588,1
JA00589,1
JA00590,1
JA00591,1
JA00592,1
JA00593,1
JA00595,1
JA00605,1
JA00606,1
JA00614,1
JA00615,1
JA00619,1
JA00620,1
JA00623,1
JA00625,1
JA00626,1
JA00627,1
JA00628,1
JA00630,1
JA00633,1
JA00634,1
JA00638,1
JA00639,1
JA00641,1
JA00642,1
JA00644,1
JA00646,1
JA00647,1
JA00648,1
JA00649,1
JA00650,1
JA00651,1
JA00652,1
JA00653,1
JA00654,1
JA00655,1
JA00656,1
JA00657,1
JA00658,1
JA00660,1
JA00661,1
JA00664,1
JA00665,1
JA00666,1
JA00667,1
JA00668,1
JA00669,1
JA00671,1
JA00672,1
JA00673,1
JA00674,1
JA00675,1
JA00677,1
JA00678,1
JA00679,1
JA00680,1
JA00681,1
JA00682,1
JA00683,1
JA00684,1
JA00685,1
JA00686,1
JA00687,1
JA00688,1
JA00689,1
JA00692,1
JA00694,1
JA00695,1
JA00697,1
JA00698,1
JA00699,1
JA00700,1
JA00701,1
JA00702,1
JA00703,1
JA00704,1
JA00705,1
JA00706,1
JA00707,1
JA00708,1
JA00709,1
JA00711,1
JA00712,1
JA00713,1
JA00714,1
JA00715,1
JA00716,1
JA00717,1
JA00719,1
JA00720,1
JA00721,1
JA00722,1
JA00724,1
JA00725,1
JA00729,1
JA00730,1
JA00731,1
JA00732,1
JA00733,1
JA00734,1
JA00737,1
JA00739,1
JA00740,1
JA00743,1
JA00744,1
JA00745,1
JA00746,1
JA00747,1
JA00748,1
JA00749,1
JA00752,1
JA00753,1
JA00754,1
JA00755,1
JA00756,1
JA00757,1
JA00758,1
JA00760,1
JA00761,1
JA00762,1
JA00763,1
JA00764,1
JA00765,1
JA00766,1
JA00767,1
JA00768,1
JA00769,1
JA00771,1
JA00774,1
JA00775,1
JA00776,1
JA00777,1
JA00779,1
JA00780,1
JA00781,1
JA00783,1
JA00784,1
JA00785,1
JA00787,1
JA00788,1
JA00789,1
JA00790,1
JA00791,1
JA00792,1
JA00793,1
JA00794,1
JA00795,1
JA00796,1
JA00797,1
JA00798,1
JA00804,1
JA00805,1
JA00807,1
JA00809,1
JA00811,1
JA00812,1
JA00818,1
JA00819,1
JA00820,1
JA00822,1
JA00824,1
JA00826,1
JA00828,1
JA00829,1
JA00830,1
JA00833,1
JA00834,1
JA00835,1
JA00836,1
JA00838,1
JA00840,1
JA00841,1
JA00848,1
JA00849,1
JA00850,1
JA00851,1
JA00854,1
JA00855,1
JA00856,1
JA00858,1
JA00860,1
JA00862,1
JA00865,1
JA00867,1
JA00868,1
JA00869,1
JA00871,1
JA00872,1
JA00873,1
JA00874,1
JA00876,1
JA00877,1
JA00878,1
JA00879,1
JA00881,1
JA00882,1
JA00883,1
JA00884,1
JA00887,1
JA00888,1
JA00889,1
JA00890,1
JA00891,1
JA00892,1
JA00893,1
JA00894,1
JA00895,1
JA00896,1
JA00897,1
JA00900,1
JA00903,1
JA00904,1
JA00905,1
JA00916,1
JA00919,1
JA00921,1
JA00925,1
JA00927,1
JA00928,1
JA00929,1
JA00931,1
JA00933,1
JA00935,1
JA00936,1
JA00937,1
JA00940,1
JA00941,1
JA00942,1
JA00943,1
JA00945,1
JA00947,1
JA00952,1
JA00955,1
JA00962,1
JA00963,1
JA00965,1
JA00966,1
JA00969,1
JA00970,1
JA00971,1
JA00972,1
JA00975,1
JA00976,1
JA00977,1
JA00979,1
JA00980,1
JA00981,1
JA00986,1
JA00987,1
JA00988,1
JA00989,1
JA00991,1
JA00994,1
JA00996,1
JA00998,1
JA00999,1
JA01000,1
JA01001,1
JA01002,1
JA01005,1
JA01007,1
JA01011,1
JA01012,1
JA01018,1
JA01019,1
JA01022,1
JA01023,1
JA01029,1
JA01031,1
JA01033,1
JA01035,1
JA01036,1
JA01038,1
JA01040,1
JA01042,1
JA01046,1
JA01047,1
JA01051,1
JA01054,1
JA01057,1
JA01060,1
JA01062,1
JA01063,1
JA01066,1
JA01068,1
JA01069,1
JA01070,1
JA01071,1
JA01072,1
JA01073,1
JA01074,1
JA01078,1
JA01080,1
JA01086,1
JA01089,1
JA01092,1
JA01093,1
JA01094,1
JA01097,1
JA01098,1
JA01099,1
JA01101,1
JA01102,1
JA01103,1
JA01104,1
JA01105,1
JA01106,1
JA01107,1
JA01109,1
JA01111,1
JA01115,1
JA01116,1
JA01117,1
JA01118,1
JA01119,1
JA01120,1
JA01121,1
JA01122,1
JA01125,1
JA01127,1
JA01133,1
JA01134,1
JA01135,1
JA01136,1
JA01138,1
JA01139,1
JA01140,1
JA01142,1
JA01144,1
JA01146,1
JA01148,1
JA01150,1
JA01151,1
JA01154,1
JA01161,1
JA01164,1
JA01165,1
JA01168,1
JA01173,1
JA01178,1
JA01179,1
JA01182,1
JA01186,1
JA01190,1
JA01195,1
JA01199,1
JA01200,1
JA01201,1
JA01205,1
JA01206,1
JA01207,1
JA01208,1
JA01209,1
JA01210,1
JA01211,1
JA01212,1
JA01215,1
JA01218,1
JA01220,1
JA01221,1
JA01224,1
JA01225,1
JA01226,1
JA01227,1
JA01231,1
JA01232,1
JA01233,1
JA01241,1
JA01243,1
JA01246,1
JA01249,1
JA01251,1
JA01252,1
JA01257,1
JA01264,1
JA01265,1
JA01269,1
JA01270,1
JA01271,1
JA01272,1
JA01273,1
JA01275,1
JA01276,1
JA01280,1
JA01282,1
JA01285,1
JA01286,1
JA01288,1
JA01289,1
JA01293,1
JA01295,1
JA01296,1
JA01297,1
JA01298,1
JA01299,1
JA01302,1
JA01305,1
JA01306,1
JA01315,1
JA01322,1
JA01325,1
JA01326,1
JA01327,1
JA01328,1
JA01330,1
JA01332,1
JA01333,1
JA01334,1
JA01336,1
JA01342,1
JA01347,1
JA01350,1
JA01351,1
JA01352,1
JA01353,1
JA01355,1
JA01359,1
JA01361,1
JA01362,1
JA01363,1
JA01364,1
JA01365,1
JA01366,1
JA01368,1
JA01370,1
JA01371,1
JA01372,1
JA01373,1
JA01374,1
JA01382,1
JA01393,1
JA01398,1
JA01406,1
JA01407,1
JA01409,1
JA01410,1
JA01412,1
JA01420,1
JA01422,1
JA01431,1
JA01433,1
JA01436,1
JA01441,1
JA01442,1
JA01443,1
JA01453,1
JA01454,1
JA01455,1
JA01458,1
JA01459,1
JA01472,1
JA01479,1
JA01486,1
JA01497,1
JA01498,1
JA01500,1
JA01501,1
JA01502,1
JA01503,1
JA01504,1
JA01514,1
JA01518,1
JA01532,1
JA01578,1
JA01586,1
JA01590,1
JA01658,1
JA01701,1
JA01785,1
JA01811,1
JA01903,1
JB00002,1
JB00003,1
JB00005,1
JB00013,1
JB00014,1
JB00016,1
JB00019,1
JB00020,1
JB00021,1
JB00023,1
JB00024,1
JB00033,1
JB00036,1
JB00037,1
JB00038,1
JB00039,1
JB00041,1
JB00044,1
JB00046,1
JB00047,1
JB00048,1
JB00053,1
JB00056,1
JB00057,1
JB00059,1
JB00065,1
JB00069,1
JB00071,1
JB00074,1
JB00076,1
JB00079,1
JB00081,1
JB00087,1
JB00089,1
JB00090,1
JB00093,1
JB00094,1
JB00096,1
JB00103,1
JB00104,1
JB00106,1
JB00107,1
JB00108,1
JB00109,1
JB00110,1
JB00112,1
JB00115,1
JB00116,1
JB00120,1
JB00127,1
JB00128,1
JB00129,1
JB00131,1
JB00132,1
JB00137,1
JB00138,1
JB00140,1
JB00143,1
JB00146,1
JB00152,1
JB00153,1
JB00154,1
JB00160,1
JB00162,1
JB00164,1
JB00165,1
JB00167,1
JB00168,1
JB00169,1
JB00170,1
JB00173,1
JB00177,1
JB00178,1
JB00179,1
JB00180,1
JB00182,1
JB00185,1
JB00187,1
JB00191,1
JB00194,1
JB00195,1
JB00197,1
JB00198,1
JB00199,1
JB00201,1
JB00203,1
JB00206,1
JB00208,1
JB00210,1
JB00211,1
JB00212,1
JB00213,1
JB00215,1
JB00218,1
JB00220,1
JB00221,1
JB00223,1
JB00226,1
JB00228,1
JB00231,1
JB00241,1
JB00252,1
JB00266,1
JB00293,1
JB00306,1
JB00309,1
JB00312,1
JB00317,1
JB00318,1
JB00319,1
JB00338,1
JC00001,1
JC00004,1
JC00018,1
JC00019,1
JC00023,1
JC00025,1
JC00026,1
JC00027,1
JC00029,1
JC00031,1
JC00032,1
JC00034,1
JC00046,1
JC00049,1
JC00053,1
JC00055,1
JC00056,1
JC00057,1
JC00058,1
JC00061,1
JC00063,1
JC00064,1
JC00067,1
JC00068,1
JC00070,1
JC00071,1
JC00072,1
JC00073,1
JC00075,1
JC00076,1
JC00077,1
JC00080,1
JC00085,1
JC00086,1
JC00089,1
JC00090,1
JC00093,1
JC00099,1
JC00101,1
JC00105,1
JC00106,1
JC00113,1
JC00114,1
JC00115,1
JC00116,1
JC00120,1
JC00122,1
JC00128,1
JC00129,1
JC00133,1
JC00134,1
JC00135,1
JC00139,1
JC00141,1
JC00143,1
JC00144,1
JC00147,1
JC00150,1
JC00152,1
JC00153,1
JC00156,1
JC00158,1
JC00160,1
JC00161,1
JC00162,1
JC00163,1
JC00165,1
JC00167,1
JC00168,1
JC00169,1
JC00170,1
JC00172,1
JC00173,1
JC00174,1
JC00175,1
JC00176,1
JC00179,1
JC00180,1
JC00181,1
JC00182,1
JC00183,1
JC00184,1
JC00185,1
JC00187,1
JC00189,1
JC00190,1
JC00191,1
JC00192,1
JC00193,1
JC00196,1
JC00197,1
JC00200,1
JC00202,1
JC00204,1
JC00205,1
JC00207,1
JC00208,1
JC00209,1
JC00210,1
JC00211,1
JC00212,1
JC00213,1
JC00215,1
JC00216,1
JC00217,1
JC00218,1
JC00219,1
JC00220,1
JC00223,1
JC00224,1
JC00228,1
JC00229,1
JC00231,1
JC00232,1
JC00233,1
JC00234,1
JC00238,1
JC00241,1
JC00243,1
JC00244,1
JC00247,1
JC00248,1
JC00250,1
JC00252,1
JC00254,1
JC00255,1
JC00257,1
JC00263,1
JC00265,1
JC00267,1
JC00272,1
JC00277,1
JC00278,1
JC00281,1
JC00282,1
JC00284,1
JC00285,1
JC00288,1
JC00289,1
JC00290,1
JC00291,1
JC00296,1
JC00297,1
JC00300,1
JC00307,1
JC00308,1
JC00314,1
JC00317,1
JC00323,1
JC00327,1
JC00329,1
JC00333,1
JC00334,1
JC00341,1
JC00342,1
JC00347,1
JC00350,1
JC00352,1
JC00356,1
JC00358,1
JC00359,1
JC00360,1
JC00362,1
JC00364,1
JC00365,1
JC00368,1
JC00369,1
JC00372,1
JC00373,1
JC00376,1
JC00377,1
JC00380,1
JC00381,1
JC00383,1
JC00384,1
JC00385,1
JC00386,1
JC00387,1
JC00388,1
JC00390,1
JC00391,1
JC00392,1
JC00394,1
JC00395,1
JC00397,1
JC00398,1
JC00399,1
JC00400,1
JC00401,1
JC00402,1
JC00403,1
JC00404,1
JC00405,1
JC00406,1
JC00407,1
JC00408,1
JC00409,1
JC00410,1
JC00411,1
JC00412,1
JC00415,1
JC00416,1
JC00418,1
JC00421,1
JC00423,1
JC00426,1
JC00427,1
JC00429,1
JC00432,1
JC00433,1
JC00434,1
JC00442,1
JC00443,1
JC00444,1
JC00445,1
JC00446,1
JC00447,1
JC00448,1
JC00454,1
JC00455,1
JC00458,1
JC00462,1
JC00465,1
JC00470,1
JC00471,1
JC00473,1
JC00475,1
JC00477,1
JC00479,1
JC00481,1
JC00483,1
JC00484,1
JC00486,1
JC00487,1
JC00488,1
JC00489,1
JC00491,1
JC00492,1
JC00499,1
JC00500,1
JC00504,1
JC00511,1
JC00513,1
JC00514,1
JC00516,1
JC00518,1
JC00519,1
JC00520,1
JC00522,1
JC00523,1
JC00524,1
JC00525,1
JC00526,1
JC00527,1
JC00531,1
JC00536,1
JC00537,1
JC00540,1
JC00542,1
JC00543,1
JC00544,1
JC00545,1
JC00548,1
JC00549,1
JC00550,1
JC00551,1
JC00553,1
JC00554,1
JC00556,1
JC00557,1
JC00558,1
JC00560,1
JC00562,1
JC00563,1
JC00566,1
JC00567,1
JC00568,1
JC00572,1
JC00573,1
JC00574,1
JC00575,1
JC00576,1
JC00578,1
JC00579,1
JC00581,1
JC00598,1
JC00600,1
JC00601,1
JC00604,1
JC00607,1
JC00609,1
JC00610,1
JC00611,1
JC00612,1
JC00615,1
JC00616,1
JC00617,1
JC00618,1
JC00619,1
JC00620,1
JC00621,1
JC00623,1
JC00627,1
JC00628,1
JC00629,1
JC00630,1
JC00632,1
JC00638,1
JC00639,1
JC00640,1
JC00641,1
JC00643,1
JC00644,1
JC00646,1
JC00648,1
JC00650,1
JC00651,1
JC00653,1
JC00654,1
JC00655,1
JC00656,1
JC00657,1
JC00659,1
JC00660,1
JC00661,1
JC00662,1
JC00664,1
JC00665,1
JC00666,1
JC00667,1
JC00668,1
JC00669,1
JC00670,1
JC00673,1
JC00674,1
JC00675,1
JC00676,1
JC00678,1
JC00681,1
JC00682,1
JC00684,1
JC00685,1
JC00687,1
JC00690,1
JC00691,1
JC00693,1
JC00694,1
JC00695,1
JC00697,1
JC00700,1
JC00702,1
JC00703,1
JC00704,1
JC00705,1
JC00706,1
JC00707,1
JC00710,1
JC00711,1
JC00712,1
JC00713,1
JC00714,1
JC00715,1
JC00717,1
JC00718,1
JC00721,1
JC00723,1
JC00725,1
JC00726,1
JC00728,1
JC00729,1
JC00730,1
JC00732,1
JC00734,1
JC00735,1
JC00737,1
JC00739,1
JC00742,1
JC00743,1
JC00744,1
JC00745,1
JC00747,1
JC00748,1
JC00749,1
JC00750,1
JC00751,1
JC00752,1
JC00753,1
JC00754,1
JC00755,1
JC00756,1
JC00758,1
JC00759,1
JC00761,1
JC00762,1
JC00763,1
JC00764,1
JC00765,1
JC00766,1
JC00767,1
JC00770,1
JC00771,1
JC00772,1
JC00797,1
JC00799,1
JC00801,1
JC00803,1
JC00814,1
JC00816,1
JC00818,1
JC00820,1
JC00822,1
JC00823,1
JC00825,1
JC00826,1
JC00827,1
JC00828,1
JC00829,1
JC00830,1
JC00831,1
JC00832,1
JC00833,1
JC00834,1
JC00835,1
JC00836,1
JC00837,1
JC00839,1
JC00840,1
JC00841,1
JC00842,1
JC00843,1
JC00844,1
JC00845,1
JC00846,1
JC00847,1
JC00848,1
JC00849,1
JC00850,1
JC00851,1
JC00852,1
JC00853,1
JC00854,1
JC00855,1
JC00856,1
JC00857,1
JC00858,1
JC00859,1
JC00860,1
JC00861,1
JC00862,1
JC00863,1
JC00865,1
JC00866,1
JC00867,1
JC00868,1
JC00869,1
JC00870,1
JC00871,1
JC00872,1
JC00874,1
JC00875,1
JC00876,1
JC00877,1
JC00879,1
JC00880,1
JC00881,1
JC00882,1
JC00883,1
JC00884,1
JC00887,1
JC00888,1
JC00889,1
JC00890,1
JC00891,1
JC00892,1
JC00893,1
JC00895,1
JC00896,1
JC00898,1
JC00899,1
JC00900,1
JC00901,1
JC00902,1
JC00904,1
JC00905,1
JC00906,1
JC00907,1
JC00908,1
JC00909,1
JC00912,1
JC00913,1
JC00914,1
JC00915,1
JC00917,1
JC00919,1
JC00922,1
JC00923,1
JC00925,1
JC00926,1
JC00927,1
JC00928,1
JC00929,1
JC00930,1
JC00931,1
JC00932,1
JC00933,1
JC00934,1
JC00935,1
JC00936,1
JC00937,1
JC00938,1
JC00939,1
JC00940,1
JC00941,1
JC00942,1
JC00943,1
JC00944,1
JC00945,1
JC00946,1
JC00947,1
JC00948,1
JC00949,1
JC00950,1
JC00951,1
JC00952,1
JC00953,1
JC00954,1
JC00955,1
JC00956,1
JC00957,1
JC00958,1
JC00959,1
JC00960,1
JC00962,1
JC00963,1
JC00964,1
JC00965,1
JC00966,1
JC00967,1
JC00968,1
JC00970,1
JC00971,1
JC00973,1
JC00974,1
JC00975,1
JC00977,1
JC00978,1
JC00980,1
JC00984,1
JC00985,1
JC00986,1
JC00987,1
JC00988,1
JC00990,1
JC00992,1
JC01006,1
JC01007,1
JC01010,1
JC01014,1
JC01015,1
JC01029,1
JC01030,1
JC01033,1
JC01037,1
JC01038,1
JC01040,1
JC01042,1
JC01043,1
JC01044,1
JC01047,1
JC01049,1
JC01057,1
JC01058,1
JC01059,1
JC01060,1
JC01062,1
JC01064,1
JC01065,1
JC01066,1
JC01067,1
JC01070,1
JC01071,1
JC01072,1
JC01073,1
JC01075,1
JC01078,1
JC01079,1
JC01082,1
JC01083,1
JC01084,1
JC01087,1
JC01088,1
JC01089,1
JC01095,1
JC01096,1
JC01102,1
JC01107,1
JC01110,1
JC01111,1
JC01112,1
JC01113,1
JC01115,1
JC01117,1
JC01118,1
JC01121,1
JC01123,1
JC01124,1
JC01128,1
JC01129,1
JC01132,1
JC01142,1
JC01143,1
JC01144,1
JC01145,1
JC01147,1
JC01150,1
JC01151,1
JC01156,1
JC01160,1
JC01162,1
JC01167,1
JC01168,1
JC01170,1
JC01173,1
JC01175,1
JC01179,1
JC01181,1
JC01182,1
JC01183,1
JC01184,1
JC01185,1
JC01187,1
JC01189,1
JC01199,1
JC01201,1
JC01203,1
JC01204,1
JC01205,1
JC01206,1
JC01208,1
JC01209,1
JC01210,1
JC01211,1
JC01213,1
JC01215,1
JC01217,1
JC01219,1
JC01220,1
JC01221,1
JC01222,1
JC01223,1
JC01224,1
JC01225,1
JC01226,1
JC01227,1
JC01228,1
JC01229,1
JC01230,1
JC01235,1
JC01239,1
JC01247,1
JC01249,1
JC01250,1
JC01251,1
JC01252,1
JC01255,1
JC01259,1
JC01260,1
JC01267,1
JC01268,1
JC01270,1
JC01271,1
JC01272,1
JC01276,1
JC01277,1
JC01279,1
JC01283,1
JC01290,1
JC01292,1
JC01297,1
JC01298,1
JC01299,1
JC01303,1
JC01304,1
JC01305,1
JC01306,1
JC01308,1
JC01309,1
JC01310,1
JC01311,1
JC01313,1
JC01314,1
JC01315,1
JC01316,1
JC01318,1
JC01319,1
JC01321,1
JC01324,1
JC01325,1
JC01326,1
JC01330,1
JC01334,1
JC01335,1
JC01343,1
JC01346,1
JC01347,1
JC01349,1
JC01350,1
JC01351,1
JC01353,1
JC01354,1
JC01355,1
JC01357,1
JC01358,1
JC01359,1
JC01364,1
JC01368,1
JC01370,1
JC01373,1
JC01374,1
JC01375,1
JC01377,1
JC01378,1
JC01380,1
JC01383,1
JC01385,1
JC01390,1
JC01393,1
JC01395,1
JC01397,1
JC01398,1
JC01400,1
JC01401,1
JC01402,1
JC01403,1
JC01411,1
JC01412,1
JC01414,1
JC01415,1
JC01416,1
JC01418,1
JC01421,1
JC01422,1
JC01423,1
JC01429,1
JC01430,1
JC01431,1
JC01434,1
JC01438,1
JC01443,1
JC01444,1
JC01445,1
JC01454,1
JC01455,1
JC01459,1
JC01460,1
JC01463,1
JC01466,1
JC01469,1
JC01470,1
JC01471,1
JC01472,1
JC01473,1
JC01816,1
JC01826,1
JC01830,1
JC01832,1
JC01836,1
JC01864,1
JC01912,1
JC01922,1
JC01924,1
JC01930,1
JC01933,1
JC01934,1
JD00001,1
JD00003,1
JD00005,1
JD00010,1
JD00013,1
JD00026,1
JD00028,1
JD00036,1
JD00037,1
JD00042,1
JD00043,1
JD00048,1
JD00053,1
JD00057,1
JD00059,1
JD00061,1
JD00067,1
JD00071,1
JD00072,1
JD00079,1
JD00088,1
JD00091,1
JD00101,1
JD00103,1
JD00107,1
JD00112,1
JD00113,1
JD00118,1
JD00119,1
JD00123,1
JD00125,1
JD00131,1
JD00141,1
JD00145,1
JD00146,1
JD00148,1
JD00150,1
JD00151,1
JD00153,1
JD00156,1
JD00157,1
JD00158,1
JD00159,1
JD00160,1
JD00164,1
JD00165,1
JD00166,1
JD00167,1
JD00168,1
JD00170,1
JD00171,1
JD00172,1
JD00173,1
JD00174,1
JD00175,1
JD00177,1
JD00178,1
JD00180,1
JD00182,1
JD00183,1
JD00185,1
JD00188,1
JD00189,1
JD00190,1
JD00191,1
JD00192,1
JD00193,1
JD00195,1
JD00197,1
JD00199,1
JD00200,1
JD00201,1
JD00202,1
JD00203,1
JD00204,1
JD00205,1
JD00206,1
JD00207,1
JD00208,1
JD00209,1
JD00210,1
JD00215,1
JD00216,1
JD00217,1
JD00219,1
JD00220,1
JD00221,1
JD00223,1
JD00226,1
JD00228,1
JD00229,1
JD00230,1
JD00232,1
JD00234,1
JD00235,1
JD00240,1
JD00244,1
JD00247,1
JD00248,1
JD00250,1
JD00251,1
JD00252,1
JD00253,1
JD00254,1
JD00256,1
JD00257,1
JD00260,1
JD00261,1
JD00262,1
JD00263,1
JD00266,1
JD00267,1
JD00268,1
JD00271,1
JD00272,1
JD00275,1
JD00276,1
JD00281,1
JD00282,1
JD00284,1
JD00286,1
JD00291,1
JD00293,1
JD00296,1
JD00297,1
JD00298,1
JD00301,1
JD00304,1
JD00305,1
JD00306,1
JD00312,1
JD00313,1
JD00314,1
JD00316,1
JD00317,1
JD00318,1
JD00319,1
JD00321,1
JD00322,1
JD00323,1
JD00326,1
JD00327,1
JD00329,1
JD00331,1
JD00334,1
JD00336,1
JD00339,1
JD00340,1
JD00343,1
JD00345,1
JD00347,1
JD00348,1
JD00349,1
JD00350,1
JD00351,1
JD00353,1
JD00354,1
JD00355,1
JD00356,1
JD00357,1
JD00358,1
JD00359,1
JD00360,1
JD00361,1
JD00368,1
JD00370,1
JD00373,1
JD00376,1
JD00377,1
JD00378,1
JD00380,1
JD00382,1
JD00384,1
JD00385,1
JD00386,1
JD00388,1
JD00389,1
JD00391,1
JD00392,1
JD00393,1
JD00396,1
JD00400,1
JD00401,1
JD00402,1
JD00404,1
JD00405,1
JD00407,1
JD00408,1
JD00409,1
JD00415,1
JD00422,1
JD00423,1
JD00424,1
JD00426,1
JD00427,1
JD00443,1
JD00445,1
JD00448,1
JD00451,1
JD00454,1
JD00455,1
JD00458,1
JD00460,1
JD00461,1
JD00462,1
JD00463,1
JD00465,1
JD00466,1
JD00471,1
JD00472,1
JD00474,1
JD00475,1
JD00476,1
JD00478,1
JD00481,1
JD00483,1
JD00487,1
JD00488,1
JD00489,1
JD00490,1
JD00491,1
JD00492,1
JD00495,1
JD00496,1
JD00499,1
JD00500,1
JD00501,1
JD00504,1
JD00506,1
JD00507,1
JD00509,1
JD00510,1
JD00511,1
JD00515,1
JD00516,1
JD00517,1
JD00519,1
JD00520,1
JD00521,1
JD00526,1
JD00528,1
JD00531,1
JD00534,1
JD00535,1
JD00537,1
JD00539,1
JD00549,1
JD00552,1
JD00553,1
JD00554,1
JD00555,1
JD00556,1
JD00557,1
JD00564,1
JD00565,1
JD00566,1
JD00567,1
JD00569,1
JD00572,1
JD00575,1
JD00579,1
JD00580,1
JD00581,1
JD00585,1
JD00587,1
JD00588,1
JD00589,1
JD00590,1
JD00595,1
JD00598,1
JD00599,1
JD00600,1
JD00603,1
JD00604,1
JD00606,1
JD00608,1
JD00609,1
JD00610,1
JD00611,1
JD00612,1
JD00614,1
JD00615,1
JD00616,1
JD00617,1
JD00618,1
JD00621,1
JD00626,1
JD00628,1
JD00631,1
JD00632,1
JD00633,1
JD00634,1
JD00635,1
JD00636,1
JD00637,1
JD00641,1
JD00642,1
JD00643,1
JD00644,1
JD00645,1
JD00646,1
JD00652,1
JD00659,1
JD00666,1
JD00667,1
JD00670,1
JD00671,1
JD00672,1
JD00673,1
JD00675,1
JD00677,1
JD00678,1
JD00679,1
JD00682,1
JD00683,1
JD00685,1
JD00686,1
JD00688,1
JD00690,1
JD00693,1
JD00694,1
JD00695,1
JD00696,1
JD00697,1
JD00700,1
JD00701,1
JD00702,1
JD00705,1
JD00706,1
JD00708,1
JD00714,1
JD00715,1
JD00716,1
JD00717,1
JD00718,1
JD00719,1
JD00720,1
JD00722,1
JD00723,1
JD00724,1
JD00725,1
JD00726,1
JD00727,1
JD00732,1
JD00733,1
JD00734,1
JD00735,1
JD00738,1
JD00743,1
JD00744,1
JD00748,1
JD00749,1
JD00750,1
JD00751,1
JD00752,1
JD00753,1
JD00755,1
JD00756,1
JD00757,1
JD00759,1
JD00760,1
JD00761,1
JD00762,1
JD00763,1
JD00764,1
JD00765,1
JD00768,1
JD00769,1
JD00770,1
JD00773,1
JD00776,1
JD00777,1
JD00778,1
JD00779,1
JD00780,1
JD00781,1
JD00782,1
JD00783,1
JD00784,1
JD00785,1
JD00786,1
JD00787,1
JD00789,1
JD00790,1
JD00793,1
JD00794,1
JD00795,1
JD00799,1
JD00800,1
JD00801,1
JD00802,1
JD00803,1
JD00804,1
JD00805,1
JD00806,1
JD00807,1
JD00811,1
JD00812,1
JD00813,1
JD00814,1
JD00815,1
JD00817,1
JD00819,1
JD00825,1
JD00826,1
JD00827,1
JD00829,1
JD00834,1
JD00835,1
JD00836,1
JD00837,1
JD00838,1
JD00839,1
JD00841,1
JD00842,1
JD00843,1
JD00845,1
JD00846,1
JD00847,1
JD00848,1
JD00849,1
JD00850,1
JD00851,1
JD00852,1
JD00853,1
JD00854,1
JD00856,1
JD00857,1
JD00858,1
JD00859,1
JD00861,1
JD00862,1
JD00863,1
JD00864,1
JD00865,1
JD00866,1
JD00867,1
JD00868,1
JD00871,1
JD00872,1
JD00873,1
JD00874,1
JD00875,1
JD00876,1
JD00877,1
JD00878,1
JD00879,1
JD00882,1
JD00883,1
JD00884,1
JD00885,1
JD00886,1
JD00888,1
JD00889,1
JD00890,1
JD00891,1
JD00892,1
JD00893,1
JD00894,1
JD00895,1
JD00896,1
JD00897,1
JD00899,1
JD00900,1
JD00903,1
JD00904,1
JD00906,1
JD00907,1
JD00908,1
JD00909,1
JD00910,1
JD00911,1
JD00917,1
JD00918,1
JD00919,1
JD00920,1
JD00922,1
JD00924,1
JD00926,1
JD00927,1
JD00928,1
JD00930,1
JD00931,1
JD00932,1
JD00933,1
JD00934,1
JD00935,1
JD00936,1
JD00938,1
JD00939,1
JD00940,1
JD00941,1
JD00942,1
JD00943,1
JD00944,1
JD00945,1
JD00949,1
JD00950,1
JD00951,1
JD00952,1
JD00953,1
JD00954,1
JD00960,1
JD00961,1
JD00965,1
JD00968,1
JD00969,1
JD00970,1
JD00971,1
JD00972,1
JD00973,1
JD00974,1
JD00975,1
JD00978,1
JD00979,1
JD00980,1
JD00981,1
JD00982,1
JD00983,1
JD00986,1
JD00987,1
JD00988,1
JD00989,1
JD00990,1
JD00991,1
JD00992,1
JD00993,1
JD00994,1
JD00995,1
JD00996,1
JD00997,1
JD00998,1
JD01000,1
JD01001,1
JD01002,1
JD01004,1
JD01005,1
JD01006,1
JD01007,1
JD01009,1
JD01010,1
JD01012,1
JD01013,1
JD01014,1
JD01015,1
JD01016,1
JD01017,1
JD01019,1
JD01021,1
JD01022,1
JD01023,1
JD01025,1
JD01026,1
JD01027,1
JD01028,1
JD01029,1
JD01030,1
JD01032,1
JD01033,1
JD01035,1
JD01037,1
JD01038,1
JD01039,1
JD01040,1
JD01041,1
JD01042,1
JD01043,1
JD01044,1
JD01045,1
JD01047,1
JD01048,1
JD01049,1
JD01050,1
JD01051,1
JD01052,1
JD01053,1
JD01054,1
JD01055,1
JD01056,1
JD01057,1
JD01058,1
JD01059,1
JD01060,1
JD01061,1
JD01062,1
JD01063,1
JD01065,1
JD01066,1
JD01067,1
JD01068,1
JD01069,1
JD01070,1
JD01072,1
JD01073,1
JD01075,1
JD01077,1
JD01078,1
JD01079,1
JD01081,1
JD01082,1
JD01083,1
JD01084,1
JD01085,1
JD01086,1
JD01087,1
JD01092,1
JD01094,1
JD01096,1
JD01098,1
JD01099,1
JD01100,1
JD01101,1
JD01102,1
JD01103,1
JD01104,1
JD01105,1
JD01106,1
JD01107,1
JD01110,1
JD01111,1
JD01113,1
JD01114,1
JD01116,1
JD01118,1
JD01119,1
JD01122,1
JD01125,1
JD01126,1
JD01127,1
JD01130,1
JD01131,1
JD01134,1
JD01135,1
JD01136,1
JD01137,1
JD01138,1
JD01139,1
JD01140,1
JD01141,1
JD01142,1
JD01144,1
JD01147,1
JD01150,1
JD01151,1
JD01153,1
JD01154,1
JD01155,1
JD01157,1
JD01158,1
JD01159,1
JD01160,1
JD01161,1
JD01162,1
JD01163,1
JD01165,1
JD01167,1
JD01168,1
JD01169,1
JD01170,1
JD01171,1
JD01172,1
JD01176,1
JD01177,1
JD01180,1
JD01181,1
JD01182,1
JD01183,1
JD01184,1
JD01185,1
JD01186,1
JD01189,1
JD01190,1
JD01191,1
JD01192,1
JD01193,1
JD01198,1
JD01199,1
JD01201,1
JD01202,1
JD01203,1
JD01204,1
JD01205,1
JD01207,1
JD01208,1
JD01209,1
JD01211,1
JD01212,1
JD01213,1
JD01215,1
JD01216,1
JD01217,1
JD01218,1
JD01219,1
JD01220,1
JD01221,1
JD01222,1
JD01223,1
JD01225,1
JD01228,1
JD01229,1
JD01230,1
JD01231,1
JD01232,1
JD01233,1
JD01234,1
JD01235,1
JD01237,1
JD01238,1
JD01239,1
JD01240,1
JD01241,1
JD01242,1
JD01243,1
JD01244,1
JD01245,1
JD01246,1
JD01247,1
JD01249,1
JD01250,1
JD01251,1
JD01252,1
JD01253,1
JD01254,1
JD01261,1
JD01262,1
JD01263,1
JD01264,1
JD01265,1
JD01267,1
JD01268,1
JD01269,1
JD01270,1
JD01271,1
JD01272,1
JD01276,1
JD01277,1
JD01278,1
JD01279,1
JD01280,1
JD01281,1
JD01282,1
JD01283,1
JD01284,1
JD01285,1
JD01286,1
JD01287,1
JD01288,1
JD01289,1
JD01290,1
JD01291,1
JD01292,1
JD01293,1
JD01294,1
JD01295,1
JD01296,1
JD01297,1
JD01298,1
JD01300,1
JD01301,1
JD01302,1
JD01303,1
JD01304,1
JD01305,1
JD01306,1
JD01307,1
JD01308,1
JD01315,1
JD01316,1
JD01317,1
JD01318,1
JD01322,1
JD01323,1
JD01327,1
JD01328,1
JD01330,1
JD01332,1
JD01333,1
JD01334,1
JD01336,1
JD01337,1
JD01343,1
JD01344,1
JD01345,1
JD01346,1
JD01347,1
JD01348,1
JD01350,1
JD01352,1
JD01353,1
JD01354,1
JD01356,1
JD01357,1
JD01359,1
JD01360,1
JD01363,1
JD01364,1
JD01365,1
JD01366,1
JD01367,1
JD01368,1
JD01369,1
JD01370,1
JD01371,1
JD01376,1
JD01377,1
JD01380,1
JD01381,1
JD01383,1
JD01385,1
JD01386,1
JD01388,1
JD01389,1
JD01390,1
JD01392,1
JD01393,1
JD01394,1
JD01395,1
JD01397,1
JD01398,1
JD01399,1
JD01400,1
JD01401,1
JD01402,1
JD01403,1
JD01404,1
JD01405,1
JD01406,1
JD01407,1
JD01408,1
JD01409,1
JD01411,1
JD01412,1
JD01413,1
JD01414,1
JD01415,1
JD01416,1
JD01417,1
JD01419,1
JD01420,1
JD01424,1
JD01425,1
JD01427,1
JD01428,1
JD01429,1
JD01430,1
JD01431,1
JD01432,1
JD01434,1
JD01435,1
JD01436,1
JD01437,1
JD01438,1
JD01441,1
JD01442,1
JD01443,1
JD01444,1
JD01446,1
JD01447,1
JD01449,1
JD01452,1
JD01455,1
JD01456,1
JD01460,1
JD01461,1
JD01462,1
JD01464,1
JD01465,1
JD01466,1
JD01467,1
JD01469,1
JD01471,1
JD01472,1
JD01474,1
JD01476,1
JD01479,1
JD01480,1
JD01481,1
JD01482,1
JD01483,1
JD01485,1
JD01486,1
JD01487,1
JD01488,1
JD01489,1
JD01492,1
JD01493,1
JD01494,1
JD01496,1
JD01499,1
JD01500,1
JD01502,1
JD01503,1
JD01509,1
JD01512,1
JD01517,1
JD01519,1
JD01522,1
JD01529,1
JD01536,1
JD01538,1
JD01539,1
JD01540,1
JD01541,1
JD01542,1
JD01543,1
JD01544,1
JD01547,1
JD01549,1
JD01551,1
JD01553,1
JD01554,1
JD01555,1
JD01557,1
JD01559,1
JD01561,1
JD01562,1
JD01565,1
JD01571,1
JD01575,1
JD01579,1
JD01580,1
JD01581,1
JD01582,1
JD01585,1
JD01587,1
JD01588,1
JD01591,1
JD01596,1
JD01599,1
JD01601,1
JD01602,1
JD01607,1
JD01609,1
JD01610,1
JD01611,1
JD01612,1
JD01614,1
JD01619,1
JD01622,1
JD01623,1
JD01625,1
JD01626,1
JD01627,1
JD01628,1
JD01637,1
JD01639,1
JD01640,1
JD01641,1
JD01643,1
JD01644,1
JD01647,1
JD01648,1
JD01650,1
JD01651,1
JD01653,1
JD01654,1
JD01655,1
JD01656,1
JD01658,1
JD01659,1
JD01660,1
JD01670,1
JD01677,1
JD01679,1
JD01680,1
JD01681,1
JD01683,1
JD01684,1
JD01685,1
JD01688,1
JD01691,1
JD01694,1
JD01695,1
JD01698,1
JD01703,1
JD01704,1
JD01707,1
JD01708,1
JD01709,1
JD01710,1
JD01711,1
JD01712,1
JD01713,1
JD01714,1
JD01715,1
JD01719,1
JD01724,1
JD01725,1
JD01726,1
JD01729,1
JD01735,1
JD01737,1
JD01738,1
JD01739,1
JD01740,1
JD01741,1
JD01742,1
JD01743,1
JD01744,1
JD01745,1
JD01747,1
JD01749,1
JD01750,1
JD01751,1
JD01754,1
JD01757,1
JD01762,1
JD01763,1
JD01766,1
JD01769,1
JD01770,1
JD01774,1
JD01775,1
JD01776,1
JD01778,1
JD01781,1
JD01783,1
JD01787,1
JD01789,1
JD01791,1
JD01795,1
JD01797,1
JD01798,1
JD01799,1
JD01804,1
JD01805,1
JD01807,1
JD01809,1
JD01810,1
JD01813,1
JD01814,1
JD01816,1
JD01820,1
JD01827,1
JD01829,1
JD01830,1
JD01840,1
JD01841,1
JD01842,1
JD01843,1
JD01846,1
JD01852,1
JD01853,1
JD01856,1
JD01857,1
JD01858,1
JD01860,1
JD01864,1
JD01865,1
JD01866,1
JD01868,1
JD01872,1
JD01873,1
JD01875,1
JD01876,1
JD01879,1
JD01881,1
JD01882,1
JD01883,1
JD01884,1
JD01885,1
JD01887,1
JD01888,1
JD01891,1
JD01892,1
JD01893,1
JD01894,1
JD01895,1
JD01897,1
JD01898,1
JD01900,1
JD01901,1
JD01906,1
JD01907,1
JD01908,1
JD01909,1
JD01910,1
JD01911,1
JD01912,1
JD01916,1
JD01918,1
JD01919,1
JD01920,1
JD01923,1
JD01924,1
JD01926,1
JD01928,1
JD01929,1
JD01938,1
JD01941,1
JD01943,1
JD01949,1
JD01953,1
JD01954,1
JD01955,1
JD01957,1
JD01961,1
JD01962,1
JD01965,1
JD01967,1
JD01968,1
JD01969,1
JD01982,1
JD01983,1
JD01984,1
JD01991,1
JD01997,1
JD02015,1
JD02016,1
JD02018,1
JD02019,1
JD02021,1
JD02022,1
JD02024,1
JD02025,1
JD02027,1
JD02029,1
JD02032,1
JD02033,1
JD02038,1
JD02039,1
JD02040,1
JD02044,1
JD02050,1
JD02053,1
JD02069,1
JD02071,1
JD02072,1
JD02073,1
JD02074,1
JD02080,1
JD02088,1
JD02090,1
JD02099,1
JD02108,1
JD02114,1
JD02115,1
JD02116,1
JD02117,1
JD02118,1
JD02121,1
JD02125,1
JD02137,1
JD02153,1
JD02177,1
JD02180,1
JD02183,1
JD02189,1
JD02193,1
JD02195,1
JD02199,1
JD02294,1
JD02300,1
JD02303,1
JD02334,1
JD02345,1
JE00004,1
JE00005,1
JE00006,1
JE00011,1
JE00014,1
JE00016,1
JE00017,1
JE00018,1
JE00019,1
JE00022,1
JE00025,1
JE00026,1
JE00027,1
JE00028,1
JE00031,1
JE00033,1
JE00034,1
JE00036,1
JE00037,1
JE00040,1
JE00044,1
JE00048,1
JE00051,1
JE00053,1
JE00054,1
JE00060,1
JE00064,1
JE00065,1
JE00066,1
JE00067,1
JE00068,1
JE00069,1
JE00070,1
JE00073,1
JE00075,1
JE00080,1
JE00082,1
JE00083,1
JE00086,1
JE00087,1
JE00088,1
JE00090,1
JE00091,1
JE00093,1
JE00097,1
JE00100,1
JE00102,1
JE00103,1
JE00104,1
JE00107,1
JE00108,1
JE00111,1
JE00112,1
JE00116,1
JE00118,1
JE00121,1
JE00122,1
JE00123,1
JE00131,1
JE00132,1
JE00134,1
JE00137,1
JE00139,1
JE00141,1
JE00142,1
JE00143,1
JE00145,1
JE00147,1
JE00148,1
JE00151,1
JE00155,1
JE00161,1
JE00162,1
JE00163,1
JE00167,1
JE00173,1
JE00174,1
JE00178,1
JE00179,1
JE00180,1
JE00187,1
JE00191,1
JE00195,1
JE00200,1
JE00202,1
JE00204,1
JE00205,1
JE00219,1
JE00221,1
JE00226,1
JE00231,1
JE00232,1
JE00233,1
JE00234,1
JE00236,1
JE00237,1
JE00241,1
JE00243,1
JE00244,1
JE00245,1
JE00246,1
JE00255,1
JE00257,1
JE00260,1
JE00264,1
JE00270,1
JE00273,1
JE00274,1
JE00276,1
JE00278,1
JE00280,1
JE00281,1
JE00282,1
JE00283,1
JE00285,1
JE00288,1
JE00291,1
JE00292,1
JE00294,1
JE00297,1
JE00299,1
JE00303,1
JE00308,1
JE00317,1
JE00325,1
JE00329,1
JE00330,1
JE00333,1
JE00334,1
JE00336,1
JE00340,1
JE00343,1
JE00345,1
JE00348,1
JE00351,1
JE00353,1
JE00356,1
JE00357,1
JE00368,1
JE00369,1
JE00370,1
JE00377,1
JE00378,1
JE00385,1
JE00389,1
JE00392,1
JE00395,1
JE00397,1
JE00398,1
JE00400,1
JE00402,1
JE00406,1
JE00409,1
JE00413,1
JE00417,1
JE00418,1
JE00419,1
JE00421,1
JE00425,1
JE00427,1
JE00433,1
JE00435,1
JE00439,1
JE00440,1
JE00441,1
JE00443,1
JE00447,1
JE00448,1
JE00449,1
JE00454,1
JE00456,1
JE00460,1
JE00463,1
JE00464,1
JE00465,1
JE00466,1
JE00467,1
JE00472,1
JE00474,1
JE00475,1
JE00481,1
JE00482,1
JE00484,1
JE00485,1
JE00487,1
JE00488,1
JE00495,1
JE00496,1
JE00501,1
JE00504,1
JE00506,1
JE00508,1
JE00510,1
JE00511,1
JE00512,1
JE00518,1
JE00519,1
JE00520,1
JE00522,1
JE00523,1
JE00526,1
JE00528,1
JE00529,1
JE00530,1
JE00533,1
JE00539,1
JE00545,1
JE00547,1
JE00548,1
JE00549,1
JE00550,1
JE00553,1
JE00554,1
JE00557,1
JE00562,1
JE00563,1
JE00568,1
JE00569,1
JE00570,1
JE00571,1
JE00572,1
JE00576,1
JE00578,1
JE00579,1
JE00584,1
JE00585,1
JE00587,1
JE00590,1
JE00591,1
JE00592,1
JE00595,1
JE00601,1
JE00603,1
JE00604,1
JE00606,1
JE00607,1
JE00611,1
JE00612,1
JE00614,1
JE00617,1
JE00618,1
JE00619,1
JE00620,1
JE00621,1
JE00622,1
JE00627,1
JE00629,1
JE00631,1
JE00632,1
JE00640,1
JE00641,1
JE00642,1
JE00647,1
JE00648,1
JE00651,1
JE00653,1
JE00654,1
JE00655,1
JE00656,1
JE00658,1
JE00661,1
JE00663,1
JE00666,1
JE00670,1
JE00671,1
JE00673,1
JE00674,1
JE00675,1
JE00678,1
JE00679,1
JE00680,1
JE00682,1
JE00683,1
JE00687,1
JE00690,1
JE00691,1
JE00693,1
JE00694,1
JE00695,1
JE00696,1
JE00698,1
JE00699,1
JE00704,1
JE00705,1
JE00706,1
JE00707,1
JE00708,1
JE00709,1
JE00710,1
JE00711,1
JE00712,1
JE00713,1
JE00714,1
JE00715,1
JE00717,1
JE00718,1
JE00719,1
JE00720,1
JE00721,1
JE00722,1
JE00725,1
JE00726,1
JE00727,1
JE00728,1
JE00729,1
JE00730,1
JE00735,1
JE00736,1
JE00737,1
JE00739,1
JE00742,1
JE00743,1
JE00744,1
JE00746,1
JE00747,1
JE00750,1
JE00751,1
JE00752,1
JE00753,1
JE00756,1
JE00757,1
JE00759,1
JE00760,1
JE00761,1
JE00762,1
JE00765,1
JE00767,1
JE00768,1
JE00769,1
JE00771,1
JE00772,1
JE00773,1
JE00776,1
JE00779,1
JE00780,1
JE00781,1
JE00783,1
JE00785,1
JE00786,1
JE00787,1
JE00788,1
JE00789,1
JE00794,1
JE00795,1
JE00797,1
JE00798,1
JE00799,1
JE00800,1
JE00804,1
JE00806,1
JE00807,1
JE00809,1
JE00810,1
JE00811,1
JE00812,1
JE00813,1
JE00815,1
JE00816,1
JE00818,1
JE00822,1
JE00823,1
JE00824,1
JE00825,1
JE00827,1
JE00828,1
JE00830,1
JE00832,1
JE00834,1
JE00836,1
JE00837,1
JE00839,1
JE00841,1
JE00843,1
JE00845,1
JE00846,1
JE00850,1
JE00861,1
JE00863,1
JE00864,1
JE00865,1
JE00866,1
JE00868,1
JE00869,1
JE00871,1
JE00875,1
JE00876,1
JE00877,1
JE00882,1
JE00887,1
JE00889,1
JE00890,1
JE00892,1
JE00893,1
JE00896,1
JE00897,1
JE00899,1
JE00901,1
JE00902,1
JE00904,1
JE00905,1
JE00907,1
JE00908,1
JE00909,1
JE00910,1
JE00911,1
JE00916,1
JE00918,1
JE00919,1
JE00920,1
JE00921,1
JE00923,1
JE00924,1
JE00929,1
JE00930,1
JE00931,1
JE00932,1
JE00933,1
JE00934,1
JE00935,1
JE00936,1
JE00940,1
JE00941,1
JE00943,1
JE00944,1
JE00946,1
JE00947,1
JE00949,1
JE00951,1
JE00955,1
JE00957,1
JE00959,1
JE00960,1
JE00961,1
JE00962,1
JE00965,1
JE00966,1
JE00968,1
JE00969,1
JE00970,1
JE00973,1
JE00976,1
JE00977,1
JE00978,1
JE00980,1
JE00981,1
JE00983,1
JE00989,1
JE00991,1
JE00992,1
JE00993,1
JE00994,1
JE00995,1
JE00996,1
JE00998,1
JE00999,1
JE01000,1
JE01001,1
JE01004,1
JE01005,1
JE01006,1
JE01010,1
JE01011,1
JE01017,1
JE01018,1
JE01020,1
JE01022,1
JE01023,1
JE01024,1
JE01026,1
JE01028,1
JE01034,1
JE01038,1
JE01041,1
JE01042,1
JE01047,1
JE01049,1
JE01050,1
JE01052,1
JE01055,1
JE01056,1
JE01057,1
JE01058,1
JE01060,1
JE01062,1
JE01065,1
JE01066,1
JE01067,1
JE01068,1
JE01069,1
JE01070,1
JE01071,1
JE01072,1
JE01075,1
JE01076,1
JE01079,1
JE01080,1
JE01081,1
JE01082,1
JE01085,1
JE01086,1
JE01088,1
JE01089,1
JE01091,1
JE01093,1
JE01094,1
JE01096,1
JE01097,1
JE01099,1
JE01102,1
JE01104,1
JE01105,1
JE01107,1
JE01108,1
JE01109,1
JE01110,1
JE01111,1
JE01113,1
JE01114,1
JE01115,1
JE01116,1
JE01117,1
JE01118,1
JE01120,1
JE01122,1
JE01123,1
JE01124,1
JE01125,1
JE01126,1
JE01128,1
JE01129,1
JE01130,1
JE01131,1
JE01135,1
JE01136,1
JE01137,1
JE01138,1
JE01139,1
JE01140,1
JE01141,1
JE01142,1
JE01146,1
JE01149,1
JE01153,1
JE01154,1
JE01155,1
JE01160,1
JE01161,1
JE01163,1
JE01164,1
JE01166,1
JE01168,1
JE01169,1
JE01170,1
JE01171,1
JE01172,1
JE01173,1
JE01175,1
JE01176,1
JE01177,1
JE01179,1
JE01180,1
JE01182,1
JE01183,1
JE01184,1
JE01186,1
JE01189,1
JE01193,1
JE01194,1
JE01195,1
JE01196,1
JE01198,1
JE01199,1
JE01201,1
JE01202,1
JE01203,1
JE01204,1
JE01208,1
JE01209,1
JE01210,1
JE01211,1
JE01212,1
JE01214,1
JE01215,1
JE01216,1
JE01218,1
JE01219,1
JE01220,1
JE01222,1
JE01223,1
JE01225,1
JE01227,1
JE01229,1
JE01230,1
JE01234,1
JE01236,1
JE01240,1
JE01241,1
JE01242,1
JE01243,1
JE01244,1
JE01249,1
JE01250,1
JE01251,1
JE01253,1
JE01255,1
JE01256,1
JE01257,1
JE01258,1
JE01260,1
JE01261,1
JE01262,1
JE01264,1
JE01266,1
JE01267,1
JE01270,1
JE01273,1
JE01274,1
JE01275,1
JE01278,1
JE01280,1
JE01282,1
JE01283,1
JE01285,1
JE01286,1
JE01287,1
JE01293,1
JE01295,1
JE01296,1
JE01297,1
JE01299,1
JE01300,1
JE01301,1
JE01304,1
JE01305,1
JE01307,1
JE01308,1
JE01311,1
JE01313,1
JE01316,1
JE01325,1
JE01327,1
JE01331,1
JE01332,1
JE01335,1
JE01336,1
JE01337,1
JE01338,1
JE01340,1
JE01347,1
JE01350,1
JE01351,1
JE01352,1
JE01353,1
JE01355,1
JE01356,1
JE01357,1
JE01358,1
JE01363,1
JE01365,1
JE01366,1
JE01367,1
JE01368,1
JE01369,1
JE01372,1
JE01373,1
JE01374,1
JE01375,1
JE01378,1
JE01383,1
JE01384,1
JE01386,1
JE01387,1
JE01391,1
JE01392,1
JE01396,1
JE01401,1
JE01402,1
JE01404,1
JE01408,1
JE01409,1
JE01411,1
JE01414,1
JE01415,1
JE01416,1
JE01417,1
JE01419,1
JE01421,1
JE01427,1
JE01430,1
JE01432,1
JE01433,1
JE01434,1
JE01436,1
JE01438,1
JE01439,1
JE01440,1
JE01442,1
JE01443,1
JE01444,1
JE01448,1
JE01450,1
JE01451,1
JE01452,1
JE01455,1
JE01457,1
JE01458,1
JE01462,1
JE01463,1
JE01464,1
JE01465,1
JE01466,1
JE01467,1
JE01469,1
JE01470,1
JE01471,1
JE01472,1
JE01473,1
JE01474,1
JE01475,1
JE01476,1
JE01477,1
JE01479,1
JE01480,1
JE01481,1
JE01482,1
JE01487,1
JE01489,1
JE01490,1
JE01492,1
JE01493,1
JE01494,1
JE01495,1
JE01496,1
JE01497,1
JE01498,1
JE01499,1
JE01500,1
JE01501,1
JE01502,1
JE01503,1
JE01504,1
JE01505,1
JE01506,1
JE01507,1
JE01509,1
JE01510,1
JE01511,1
JE01512,1
JE01513,1
JE01514,1
JE01515,1
JE01518,1
JE01521,1
JE01523,1
JE01526,1
JE01527,1
JE01528,1
JE01530,1
JE01534,1
JE01536,1
JE01538,1
JE01539,1
JE01540,1
JE01541,1
JE01543,1
JE01545,1
JE01546,1
JE01547,1
JE01548,1
JE01550,1
JE01551,1
JE01554,1
JE01557,1
JE01558,1
JE01559,1
JE01562,1
JE01566,1
JE01568,1
JE01571,1
JE01572,1
JE01573,1
JE01574,1
JE01575,1
JE01576,1
JE01577,1
JE01579,1
JE01580,1
JE01582,1
JE01583,1
JE01584,1
JE01587,1
JE01588,1
JE01589,1
JE01594,1
JE01596,1
JE01597,1
JE01598,1
JE01599,1
JE01602,1
JE01604,1
JE01605,1
JE01606,1
JE01607,1
JE01610,1
JE01611,1
JE01613,1
JE01615,1
JE01616,1
JE01620,1
JE01622,1
JE01625,1
JE01626,1
JE01627,1
JE01628,1
JE01629,1
JE01630,1
JE01631,1
JE01632,1
JE01637,1
JE01641,1
JE01643,1
JE01644,1
JE01645,1
JE01646,1
JE01647,1
JE01648,1
JE01650,1
JE01653,1
JE01656,1
JE01660,1
JE01661,1
JE01662,1
JE01663,1
JE01665,1
JE01668,1
JE01670,1
JE01671,1
JE01672,1
JE01673,1
JE01674,1
JE01676,1
JE01677,1
JE01678,1
JE01679,1
JE01680,1
JE01681,1
JE01682,1
JE01683,1
JE01684,1
JE01685,1
JE01686,1
JE01687,1
JE01688,1
JE01689,1
JE01690,1
JE01692,1
JE01694,1
JE01695,1
JE01696,1
JE01697,1
JE01698,1
JE01699,1
JE01700,1
JE01702,1
JE01703,1
JE01704,1
JE01705,1
JE01706,1
JE01707,1
JE01710,1
JE01711,1
JE01713,1
JE01714,1
JE01715,1
JE01716,1
JE01717,1
JE01718,1
JE01720,1
JE01721,1
JE01723,1
JE01724,1
JE01725,1
JE01726,1
JE01727,1
JE01728,1
JE01729,1
JE01730,1
JE01731,1
JE01733,1
JE01734,1
JE01735,1
JE01736,1
JE01737,1
JE01738,1
JE01739,1
JE01741,1
JE01742,1
JE01743,1
JE01744,1
JE01745,1
JE01746,1
JE01747,1
JE01748,1
JE01749,1
JE01750,1
JE01751,1
JE01753,1
JE01754,1
JE01755,1
JE01756,1
JE01757,1
JE01758,1
JE01760,1
JE01762,1
JE01763,1
JE01764,1
JE01767,1
JE01770,1
JE01771,1
JE01772,1
JE01773,1
JE01774,1
JE01781,1
JE01783,1
JE01787,1
JE01788,1
JE01789,1
JE01791,1
JE01793,1
JE01795,1
JE01796,1
JE01797,1
JE01799,1
JE01800,1
JE01802,1
JE01804,1
JE01806,1
JE01807,1
JE01809,1
JE01810,1
JE01813,1
JE01816,1
JE01817,1
JE01818,1
JE01820,1
JE01822,1
JE01823,1
JE01825,1
JE01826,1
JE01827,1
JE01828,1
JE01829,1
JE01830,1
JE01831,1
JE01833,1
JE01835,1
JE01837,1
JE01838,1
JE01839,1
JE01840,1
JE01841,1
JE01843,1
JE01844,1
JE01845,1
JE01846,1
JE01847,1
JE01849,1
JE01850,1
JE01851,1
JE01852,1
JE01855,1
JE01856,1
JE01857,1
JE01858,1
JE01859,1
JE01861,1
JE01862,1
JE01863,1
JE01866,1
JE01868,1
JE01869,1
JE01871,1
JE01872,1
JE01876,1
JE01878,1
JE01879,1
JE01880,1
JE01882,1
JE01885,1
JE01886,1
JE01887,1
JE01888,1
JE01889,1
JE01890,1
JE01891,1
JE01892,1
JE01893,1
JE01894,1
JE01896,1
JE01897,1
JE01898,1
JE01899,1
JE01901,1
JE01902,1
JE01903,1
JE01904,1
JE01905,1
JE01907,1
JE01910,1
JE01911,1
JE01912,1
JE01913,1
JE01914,1
JE01915,1
JE01921,1
JE01922,1
JE01923,1
JE01924,1
JE01925,1
JE01928,1
JE01929,1
JE01930,1
JE01934,1
JE01935,1
JE01936,1
JE01937,1
JE01938,1
JE01939,1
JE01941,1
JE01943,1
JE01944,1
JE01945,1
JE01946,1
JE01947,1
JE01948,1
JE01949,1
JE01950,1
JE01951,1
JE01952,1
JE01953,1
JE01954,1
JE01955,1
JE01956,1
JE01958,1
JE01959,1
JE01960,1
JE01962,1
JE01963,1
JE01964,1
JE01965,1
JE01966,1
JE01967,1
JE01968,1
JE01969,1
JE01970,1
JE01971,1
JE01973,1
JE01974,1
JE01975,1
JE01976,1
JE01977,1
JE01978,1
JE01979,1
JE01980,1
JE01981,1
JE01982,1
JE01983,1
JE01984,1
JE01988,1
JE01989,1
JE01990,1
JE01991,1
JE01994,1
JE01995,1
JE01997,1
JE01998,1
JE01999,1
JE02004,1
JE02005,1
JE02007,1
JE02009,1
JE02011,1
JE02013,1
JE02015,1
JE02016,1
JE02017,1
JE02018,1
JE02020,1
JE02022,1
JE02024,1
JE02025,1
JE02026,1
JE02028,1
JE02029,1
JE02030,1
JE02031,1
JE02032,1
JE02033,1
JE02034,1
JE02035,1
JE02037,1
JE02038,1
JE02040,1
JE02041,1
JE02043,1
JE02044,1
JE02045,1
JE02046,1
JE02047,1
JE02048,1
JE02049,1
JE02050,1
JE02051,1
JE02053,1
JE02054,1
JE02055,1
JE02057,1
JE02058,1
JE02059,1
JE02060,1
JE02061,1
JE02062,1
JE02063,1
JE02064,1
JE02065,1
JE02066,1
JE02067,1
JE02068,1
JE02069,1
JE02070,1
JE02071,1
JE02072,1
JE02074,1
JE02075,1
JE02076,1
JE02077,1
JE02078,1
JE02079,1
JE02080,1
JE02081,1
JE02082,1
JE02083,1
JE02089,1
JE02090,1
JE02095,1
JE02103,1
JE02109,1
JE02114,1
JE02115,1
JE02118,1
JE02124,1
JE02130,1
JE02135,1
JE02137,1
JE02147,1
JE02148,1
JE02149,1
JE02150,1
JE02151,1
JE02152,1
JE02154,1
JE02156,1
JE02158,1
JE02159,1
JE02160,1
JE02163,1
JE02164,1
JE02165,1
JE02166,1
JE02167,1
JE02168,1
JE02169,1
JE02170,1
JE02171,1
JE02172,1
JE02173,1
JE02174,1
JE02175,1
JE02176,1
JE02177,1
JE02180,1
JE02181,1
JE02183,1
JE02184,1
JE02186,1
JE02188,1
JE02189,1
JE02190,1
JE02191,1
JE02196,1
JE02198,1
JE02199,1
JE02203,1
JE02204,1
JE02208,1
JE02212,1
JE02215,1
JE02216,1
JE02217,1
JE02218,1
JE02219,1
JE02220,1
JE02223,1
JE02224,1
JE02225,1
JE02226,1
JE02227,1
JE02228,1
JE02229,1
JE02230,1
JE02231,1
JE02235,1
JE02236,1
JE02240,1
JE02242,1
JE02243,1
JE02244,1
JE02245,1
JE02246,1
JE02247,1
JE02248,1
JE02250,1
JE02252,1
JE02254,1
JE02255,1
JE02257,1
JE02258,1
JE02260,1
JE02261,1
JE02262,1
JE02264,1
JE02266,1
JE02267,1
JE02268,1
JE02270,1
JE02271,1
JE02272,1
JE02273,1
JE02274,1
JE02276,1
JE02278,1
JE02279,1
JE02281,1
JE02282,1
JE02284,1
JE02285,1
JE02286,1
JE02287,1
JE02288,1
JE02289,1
JE02290,1
JE02292,1
JE02294,1
JE02296,1
JE02297,1
JE02298,1
JE02299,1
JE02300,1
JE02301,1
JE02302,1
JE02303,1
JE02304,1
JE02307,1
JE02308,1
JE02309,1
JE02311,1
JE02312,1
JE02313,1
JE02314,1
JE02315,1
JE02316,1
JE02317,1
JE02318,1
JE02319,1
JE02320,1
JE02321,1
JE02322,1
JE02323,1
JE02324,1
JE02325,1
JE02326,1
JE02327,1
JE02328,1
JE02329,1
JE02330,1
JE02331,1
JE02332,1
JE02333,1
JE02334,1
JE02335,1
JE02336,1
JE02337,1
JE02338,1
JE02339,1
JE02340,1
JE02342,1
JE02343,1
JE02344,1
JE02345,1
JE02346,1
JE02347,1
JE02348,1
JE02349,1
JE02350,1
JE02352,1
JE02353,1
JE02354,1
JE02355,1
JE02356,1
JE02358,1
JE02359,1
JE02361,1
JE02362,1
JE02363,1
JE02365,1
JE02368,1
JE02369,1
JE02370,1
JE02372,1
JE02374,1
JE02375,1
JE02376,1
JE02377,1
JE02378,1
JE02379,1
JE02380,1
JE02382,1
JE02383,1
JE02386,1
JE02387,1
JE02388,1
JE02389,1
JE02390,1
JE02391,1
JE02392,1
JE02393,1
JE02394,1
JE02395,1
JE02397,1
JE02398,1
JE02401,1
JE02402,1
JE02404,1
JE02407,1
JE02409,1
JE02411,1
JE02412,1
JE02413,1
JE02415,1
JE02416,1
JE02417,1
JE02418,1
JE02419,1
JE02420,1
JE02421,1
JE02422,1
JE02423,1
JE02424,1
JE02425,1
JE02426,1
JE02427,1
JE02428,1
JE02429,1
JE02430,1
JE02431,1
JE02432,1
JE02433,1
JE02435,1
JE02436,1
JE02437,1
JE02438,1
JE02439,1
JE02440,1
JE02441,1
JE02442,1
JE02444,1
JE02445,1
JE02446,1
JE02447,1
JE02448,1
JE02449,1
JE02451,1
JE02452,1
JE02453,1
JE02454,1
JE02455,1
JE02456,1
JE02457,1
JE02458,1
JE02459,1
JE02460,1
JE02462,1
JE02463,1
JE02465,1
JE02466,1
JE02467,1
JE02468,1
JE02469,1
JE02470,1
JE02473,1
JE02475,1
JE02476,1
JE02477,1
JE02478,1
JE02479,1
JE02480,1
JE02481,1
JE02482,1
JE02483,1
JE02484,1
JE02485,1
JE02486,1
JE02487,1
JE02488,1
JE02489,1
JE02490,1
JE02491,1
JE02493,1
JE02495,1
JE02497,1
JE02498,1
JE02499,1
JE02502,1
JE02503,1
JE02505,1
JE02506,1
JE02507,1
JE02508,1
JE02509,1
JE02510,1
JE02512,1
JE02513,1
JE02514,1
JE02516,1
JE02517,1
JE02522,1
JE02523,1
JE02524,1
JE02525,1
JE02527,1
JE02528,1
JE02530,1
JE02531,1
JE02532,1
JE02533,1
JE02534,1
JE02535,1
JE02536,1
JE02538,1
JE02539,1
JE02540,1
JE02541,1
JE02542,1
JE02543,1
JE02544,1
JE02545,1
JE02546,1
JE02547,1
JE02549,1
JE02552,1
JE02553,1
JE02556,1
JE02557,1
JE02558,1
JE02559,1
JE02561,1
JE02562,1
JE02564,1
JE02565,1
JE02566,1
JE02567,1
JE02568,1
JE02569,1
JE02570,1
JE02571,1
JE02572,1
JE02574,1
JE02576,1
JE02577,1
JE02581,1
JE02582,1
JE02583,1
JE02584,1
JE02585,1
JE02586,1
JE02587,1
JE02588,1
JE02590,1
JE02591,1
JE02594,1
JE02595,1
JE02596,1
JE02597,1
JE02598,1
JE02599,1
JE02600,1
JE02601,1
JE02602,1
JE02603,1
JE02604,1
JE02605,1
JE02606,1
JE02607,1
JE02609,1
JE02610,1
JE02611,1
JE02613,1
JE02614,1
JE02615,1
JE02616,1
JE02617,1
JE02618,1
JE02619,1
JE02620,1
JE02621,1
JE02623,1
JE02624,1
JE02626,1
JE02627,1
JE02628,1
JE02629,1
JE02630,1
JE02631,1
JE02632,1
JE02633,1
JE02634,1
JE02635,1
JE02637,1
JE02638,1
JE02640,1
JE02641,1
JE02642,1
JE02643,1
JE02644,1
JE02645,1
JE02646,1
JE02647,1
JE02648,1
JE02650,1
JE02651,1
JE02652,1
JE02653,1
JE02656,1
JE02657,1
JE02659,1
JE02660,1
JE02661,1
JE02663,1
JE02664,1
JE02665,1
JE02666,1
JE02668,1
JE02669,1
JE02670,1
JE02671,1
JE02672,1
JE02673,1
JE02674,1
JE02675,1
JE02677,1
JE02678,1
JE02679,1
JE02683,1
JE02685,1
JE02686,1
JE02687,1
JE02689,1
JE02690,1
JE02691,1
JE02692,1
JE02693,1
JE02694,1
JE02695,1
JE02697,1
JE02699,1
JE02700,1
JE02701,1
JE02702,1
JE02703,1
JE02706,1
JE02707,1
JE02708,1
JE02709,1
JE02711,1
JE02712,1
JE02713,1
JE02714,1
JE02715,1
JE02716,1
JE02717,1
JE02718,1
JE02719,1
JE02720,1
JE02721,1
JE02722,1
JE02723,1
JE02724,1
JE02725,1
JE02726,1
JE02727,1
JE02728,1
JE02729,1
JE02730,1
JE02731,1
JE02733,1
JE02734,1
JE02736,1
JE02737,1
JE02738,1
JE02739,1
JE02740,1
JE02741,1
JE02742,1
JE02743,1
JE02744,1
JE02745,1
JE02746,1
JE02747,1
JE02748,1
JE02749,1
JE02750,1
JE02752,1
JE02754,1
JE02755,1
JE02757,1
JE02758,1
JE02759,1
JE02760,1
JE02762,1
JE02763,1
JE02764,1
JE02765,1
JE02766,1
JE02768,1
JE02769,1
JE02770,1
JE02771,1
JE02772,1
JE02775,1
JE02778,1
JE02779,1
JE02780,1
JE02781,1
JE02782,1
JE02783,1
JE02784,1
JE02785,1
JE02786,1
JE02787,1
JE02788,1
JE02789,1
JE02790,1
JE02791,1
JE02792,1
JE02793,1
JE02796,1
JE02797,1
JE02798,1
JE02800,1
JE02801,1
JE02802,1
JE02803,1
JE02804,1
JE02805,1
JE02806,1
JE02807,1
JE02808,1
JE02810,1
JE02811,1
JE02812,1
JE02814,1
JE02817,1
JE02818,1
JE02819,1
JE02820,1
JE02821,1
JE02822,1
JE02823,1
JE02824,1
JE02825,1
JE02826,1
JE02827,1
JE02828,1
JE02829,1
JE02830,1
JE02831,1
JE02832,1
JE02833,1
JE02835,1
JE02836,1
JE02837,1
JE02838,1
JE02840,1
JE02842,1
JE02843,1
JE02844,1
JE02846,1
JE02847,1
JE02848,1
JE02849,1
JE02850,1
JE02851,1
JE02852,1
JE02855,1
JE02858,1
JE02859,1
JE02862,1
JE02864,1
JE02865,1
JE02866,1
JE02867,1
JE02868,1
JE02869,1
JE02870,1
JE02871,1
JE02872,1
JE02873,1
JE02874,1
JE02875,1
JE02876,1
JE02878,1
JE02879,1
JE02880,1
JE02882,1
JE02884,1
JE02885,1
JE02886,1
JE02887,1
JE02888,1
JE02889,1
JE02890,1
JE02891,1
JE02894,1
JE02895,1
JE02897,1
JE02898,1
JE02899,1
JE02900,1
JE02902,1
JE02903,1
JE02904,1
JE02905,1
JE02907,1
JE02908,1
JE02910,1
JE02911,1
JE02912,1
JE02915,1
JE02916,1
JE02920,1
JE02921,1
JE02922,1
JE02923,1
JE02924,1
JE02925,1
JE02926,1
JE02927,1
JE02928,1
JE02929,1
JE02930,1
JE02931,1
JE02932,1
JE02933,1
JE02934,1
JE02935,1
JE02936,1
JE02937,1
JE02938,1
JE02939,1
JE02940,1
JE02941,1
JE02942,1
JE02943,1
JE02944,1
JE02945,1
JE02947,1
JE02949,1
JE02953,1
JE02954,1
JE02955,1
JE02956,1
JE02957,1
JE02958,1
JE02959,1
JE02960,1
JE02961,1
JE02962,1
JE02963,1
JE02964,1
JE02965,1
JE02966,1
JE02968,1
JE02969,1
JE02970,1
JE02971,1
JE02972,1
JE02974,1
JE02977,1
JE02978,1
JE02979,1
JE02980,1
JE02981,1
JE02982,1
JE02984,1
JE02987,1
JE02988,1
JE02989,1
JE02991,1
JE02992,1
JE02993,1
JE02994,1
JE02995,1
JE02996,1
JE02997,1
JE02999,1
JE03000,1
JE03001,1
JE03002,1
JE03006,1
JE03007,1
JE03009,1
JE03012,1
JE03013,1
JE03015,1
JE03016,1
JE03018,1
JE03019,1
JE03021,1
JE03022,1
JE03023,1
JE03024,1
JE03025,1
JE03026,1
JE03027,1
JE03028,1
JE03029,1
JE03030,1
JE03031,1
JE03033,1
JE03034,1
JE03035,1
JE03036,1
JE03037,1
JE03038,1
JE03039,1
JE03042,1
JE03044,1
JE03045,1
JE03046,1
JE03047,1
JE03048,1
JE03049,1
JE03050,1
JE03052,1
JE03053,1
JE03054,1
JE03055,1
JE03056,1
JE03057,1
JE03058,1
JE03059,1
JE03060,1
JE03061,1
JE03062,1
JE03063,1
JE03064,1
JE03065,1
JE03066,1
JE03067,1
JE03068,1
JE03069,1
JE03070,1
JE03071,1
JE03072,1
JE03073,1
JE03074,1
JE03077,1
JE03079,1
JE03080,1
JE03081,1
JE03083,1
JE03084,1
JE03085,1
JE03086,1
JE03087,1
JE03088,1
JE03089,1
JE03090,1
JE03091,1
JE03092,1
JE03096,1
JE03097,1
JE03098,1
JE03099,1
JE03101,1
JE03103,1
JE03104,1
JE03106,1
JE03107,1
JE03110,1
JE03111,1
JE03112,1
JE03113,1
JE03114,1
JE03115,1
JE03116,1
JE03117,1
JE03118,1
JE03120,1
JE03121,1
JE03122,1
JE03123,1
JE03126,1
JE03127,1
JE03128,1
JE03129,1
JE03130,1
JE03131,1
JE03132,1
JE03133,1
JE03134,1
JE03135,1
JE03137,1
JE03139,1
JE03140,1
JE03141,1
JE03142,1
JE03143,1
JE03144,1
JE03145,1
JE03146,1
JE03147,1
JE03148,1
JE03149,1
JE03151,1
JE03153,1
JE03154,1
JE03155,1
JE03156,1
JE03158,1
JE03162,1
JE03163,1
JE03164,1
JE03165,1
JE03167,1
JE03168,1
JE03169,1
JE03170,1
JE03171,1
JE03173,1
JE03174,1
JE03175,1
JE03176,1
JE03177,1
JE03178,1
JE03179,1
JE03180,1
JE03181,1
JE03182,1
JE03183,1
JE03184,1
JE03185,1
JE03186,1
JE03187,1
JE03188,1
JE03189,1
JE03191,1
JE03192,1
JE03193,1
JE03195,1
JE03196,1
JE03200,1
JE03201,1
JE03203,1
JE03204,1
JE03205,1
JE03207,1
JE03208,1
JE03210,1
JE03211,1
JE03212,1
JE03214,1
JE03216,1
JE03217,1
JE03218,1
JE03220,1
JE03221,1
JE03223,1
JE03226,1
JE03228,1
JE03230,1
JE03231,1
JE03232,1
JE03234,1
JE03236,1
JE03237,1
JE03238,1
JE03239,1
JE03240,1
JE03241,1
JE03242,1
JE03244,1
JE03245,1
JE03246,1
JE03247,1
JE03248,1
JE03249,1
JE03250,1
JE03251,1
JE03254,1
JE03255,1
JE03256,1
JE03257,1
JE03258,1
JE03259,1
JE03261,1
JE03262,1
JE03263,1
JE03264,1
JE03267,1
JE03269,1
JE03270,1
JE03271,1
JE03272,1
JE03273,1
JE03274,1
JE03275,1
JE03276,1
JE03277,1
JE03279,1
JE03280,1
JE03281,1
JE03283,1
JE03284,1
JE03285,1
JE03286,1
JE03287,1
JE03288,1
JE03289,1
JE03290,1
JE03292,1
JE03294,1
JE03295,1
JE03296,1
JE03297,1
JE03298,1
JE03299,1
JE03300,1
JE03301,1
JE03302,1
JE03303,1
JE03304,1
JE03305,1
JE03306,1
JE03307,1
JE03308,1
JE03309,1
JE03310,1
JE03311,1
JE03312,1
JE03313,1
JE03314,1
JE03315,1
JE03316,1
JE03317,1
JE03318,1
JE03319,1
JE03320,1
JE03322,1
JE03323,1
JE03324,1
JE03326,1
JE03328,1
JE03329,1
JE03330,1
JE03333,1
JE03334,1
JE03335,1
JE03336,1
JE03337,1
JE03339,1
JE03341,1
JE03342,1
JE03343,1
JE03345,1
JE03347,1
JE03348,1
JE03349,1
JE03350,1
JE03351,1
JE03353,1
JE03354,1
JE03355,1
JE03356,1
JE03357,1
JE03361,1
JE03363,1
JE03364,1
JE03365,1
JE03366,1
JE03367,1
JE03368,1
JE03369,1
JE03370,1
JE03371,1
JE03372,1
JE03373,1
JE03374,1
JE03375,1
JE03376,1
JE03377,1
JE03379,1
JE03380,1
JE03381,1
JE03382,1
JE03383,1
JE03384,1
JE03385,1
JE03386,1
JE03387,1
JE03388,1
JE03390,1
JE03391,1
JE03392,1
JE03393,1
JE03394,1
JE03395,1
JE03396,1
JE03397,1
JE03399,1
JE03400,1
JE03401,1
JE03402,1
JE03404,1
JE03408,1
JE03409,1
JE03410,1
JE03411,1
JE03412,1
JE03414,1
JE03415,1
JE03420,1
JE03421,1
JE03422,1
JE03423,1
JE03424,1
JE03425,1
JE03426,1
JE03427,1
JE03428,1
JE03429,1
JE03430,1
JE03431,1
JE03432,1
JE03433,1
JE03434,1
JE03435,1
JE03436,1
JE03437,1
JE03438,1
JE03439,1
JE03440,1
JE03441,1
JE03442,1
JE03443,1
JE03444,1
JE03445,1
JE03446,1
JE03447,1
JE03448,1
JE03449,1
JE03450,1
JE03451,1
JE03452,1
JE03453,1
JE03455,1
JE03456,1
JE03457,1
JE03458,1
JE03461,1
JE03462,1
JE03465,1
JE03469,1
JE03470,1
JE03471,1
JE03474,1
JE03475,1
JE03476,1
JE03478,1
JE03479,1
JE03481,1
JE03484,1
JE03485,1
JE03486,1
JE03488,1
JE03489,1
JE03490,1
JE03491,1
JE03492,1
JE03493,1
JE03494,1
JE03495,1
JE03496,1
JE03497,1
JE03498,1
JE03499,1
JE03500,1
JE03501,1
JE03502,1
JE03503,1
JE03504,1
JE03505,1
JE03512,1
JE03514,1
JE03515,1
JE03518,1
JE03521,1
JE03522,1
JE03523,1
JE03524,1
JE03526,1
JE03528,1
JE03529,1
JE03532,1
JE03538,1
JE03539,1
JE03542,1
JE03543,1
JE03544,1
JE03546,1
JE03547,1
JE03548,1
JE03549,1
JE03550,1
JE03552,1
JE03555,1
JE03556,1
JE03562,1
JE03563,1
JE03568,1
JE03569,1
JE03571,1
JE03575,1
JE03576,1
JE03578,1
JE03581,1
JE03585,1
JE03589,1
JE03591,1
JE03593,1
JE03594,1
JE03595,1
JE03596,1
JE03598,1
JE03600,1
JE03602,1
JE03604,1
JE03607,1
JE03608,1
JE03609,1
JE03610,1
JE03612,1
JE03613,1
JE03614,1
JE03615,1
JE03617,1
JE03618,1
JE03619,1
JE03621,1
JE03623,1
JE03626,1
JE03630,1
JE03631,1
JE03632,1
JE03633,1
JE03637,1
JE03638,1
JE03640,1
JE03641,1
JE03644,1
JE03646,1
JE03647,1
JE03649,1
JE03650,1
JE03651,1
JE03652,1
JE03653,1
JE03654,1
JE03655,1
JE03657,1
JE03659,1
JE03661,1
JE03662,1
JE03663,1
JE03664,1
JE03666,1
JE03667,1
JE03670,1
JE03672,1
JE03673,1
JE03674,1
JE03677,1
JE03678,1
JE03679,1
JE03680,1
JE03681,1
JE03682,1
JE03683,1
JE03686,1
JE03688,1
JE03690,1
JE03693,1
JE03701,1
JE03703,1
JE03706,1
JE03709,1
JE03710,1
JE03711,1
JE03714,1
JE03715,1
JE03718,1
JE03727,1
JE03734,1
JE03737,1
JE03738,1
JE03740,1
JE03741,1
JE03744,1
JE03745,1
JE03748,1
JE03750,1
JE03753,1
JE03754,1
JE03755,1
JE03756,1
JE03758,1
JE03759,1
JE03760,1
JE03761,1
JE03762,1
JE03764,1
JE03765,1
JE03766,1
JE03768,1
JE03771,1
JE03774,1
JE03775,1
JE03776,1
JE03777,1
JE03778,1
JE03779,1
JE03780,1
JE03781,1
JE03783,1
JE03787,1
JE03789,1
JE03790,1
JE03791,1
JE03794,1
JE03797,1
JE03798,1
JE03799,1
JE03801,1
JE03804,1
JE03806,1
JE03813,1
JE03814,1
JE03815,1
JE03816,1
JE03817,1
JE03818,1
JE03819,1
JE03820,1
JE03825,1
JE03828,1
JE03829,1
JE03830,1
JE03831,1
JE03833,1
JE03834,1
JE03837,1
JE03838,1
JE03839,1
JE03840,1
JE03841,1
JE03842,1
JE03843,1
JE03844,1
JE03847,1
JE03849,1
JE03850,1
JE03852,1
JE03853,1
JE03854,1
JE03859,1
JE03860,1
JE03861,1
JE03865,1
JE03871,1
JE03872,1
JE03875,1
JE03876,1
JE03877,1
JE03878,1
JE03879,1
JE03881,1
JE03882,1
JE03883,1
JE03884,1
JE03885,1
JE03886,1
JE03887,1
JE03889,1
JE03890,1
JE03892,1
JE03894,1
JE03895,1
JE03896,1
JE03897,1
JE03904,1
JE03907,1
JE03908,1
JE03910,1
JE03913,1
JE03916,1
JE03917,1
JE03919,1
JE03920,1
JE03923,1
JE03924,1
JE03925,1
JE03926,1
JE03927,1
JE03928,1
JE03929,1
JE03930,1
JE03931,1
JE03933,1
JE03934,1
JE03939,1
JE03946,1
JE03947,1
JE03949,1
JE03950,1
JE03951,1
JE03952,1
JE03954,1
JE03955,1
JE03957,1
JE03959,1
JE03965,1
JE03967,1
JE03968,1
JE03969,1
JE03970,1
JE03971,1
JE03972,1
JE03973,1
JE03976,1
JE03977,1
JE03981,1
JE03982,1
JE03983,1
JE03985,1
JE03986,1
JE03993,1
JE03994,1
JE03995,1
JE03996,1
JE03997,1
JE03998,1
JE04000,1
JE04001,1
JE04002,1
JE04003,1
JE04004,1
JE04005,1
JE04006,1
JE04008,1
JE04009,1
JE04010,1
JE04012,1
JE04013,1
JE04017,1
JE04018,1
JE04020,1
JE04023,1
JE04024,1
JE04025,1
JE04026,1
JE04027,1
JE04028,1
JE04029,1
JE04030,1
JE04031,1
JE04032,1
JE04034,1
JE04036,1
JE04037,1
JE04038,1
JE04039,1
JE04040,1
JE04041,1
JE04042,1
JE04043,1
JE04044,1
JE04045,1
JE04046,1
JE04047,1
JE04048,1
JE04050,1
JE04051,1
JE04052,1
JE04053,1
JE04054,1
JE04055,1
JE04056,1
JE04057,1
JE04059,1
JE04060,1
JE04061,1
JE04062,1
JE04063,1
JE04064,1
JE04065,1
JE04066,1
JE04067,1
JE04068,1
JE04069,1
JE04070,1
JE04072,1
JE04075,1
JE04076,1
JE04077,1
JE04078,1
JE04079,1
JE04080,1
JE04081,1
JE04084,1
JE04085,1
JE04086,1
JE04087,1
JE04088,1
JE04090,1
JE04091,1
JE04094,1
JE04095,1
JE04096,1
JE04097,1
JE04098,1
JE04099,1
JE04100,1
JE04102,1
JE04103,1
JE04104,1
JE04105,1
JE04108,1
JE04110,1
JE04111,1
JE04112,1
JE04114,1
JE04115,1
JE04116,1
JE04117,1
JE04118,1
JE04119,1
JE04120,1
JE04121,1
JE04122,1
JE04123,1
JE04124,1
JE04125,1
JE04126,1
JE04127,1
JE04128,1
JE04129,1
JE04131,1
JE04133,1
JE04134,1
JE04135,1
JE04136,1
JE04137,1
JE04138,1
JE04139,1
JE04140,1
JE04143,1
JE04151,1
JE04152,1
JE04153,1
JE04154,1
JE04156,1
JE04157,1
JE04158,1
JE04159,1
JE04160,1
JE04161,1
JE04162,1
JE04163,1
JE04164,1
JE04165,1
JE04166,1
JE04167,1
JE04170,1
JE04174,1
JE04175,1
JE04176,1
JE04177,1
JE04178,1
JE04179,1
JE04180,1
JE04181,1
JE04182,1
JE04183,1
JE04184,1
JE04185,1
JE04186,1
JE04187,1
JE04188,1
JE04190,1
JE04192,1
JE04193,1
JE04194,1
JE04195,1
JE04197,1
JE04198,1
JE04199,1
JE04200,1
JE04201,1
JE04203,1
JE04204,1
JE04205,1
JE04206,1
JE04207,1
JE04208,1
JE04209,1
JE04210,1
JE04212,1
JE04213,1
JE04214,1
JE04215,1
JE04216,1
JE04217,1
JE04220,1
JE04221,1
JE04223,1
JE04226,1
JE04227,1
JE04228,1
JE04229,1
JE04230,1
JE04231,1
JE04232,1
JE04233,1
JE04234,1
JE04235,1
JE04236,1
JE04237,1
JE04238,1
JE04239,1
JE04240,1
JE04241,1
JE04242,1
JE04243,1
JE04244,1
JE04245,1
JE04246,1
JE04248,1
JE04249,1
JE04250,1
JE04251,1
JE04252,1
JE04253,1
JE04254,1
JE04258,1
JE04259,1
JE04260,1
JE04261,1
JE04262,1
JE04264,1
JE04268,1
JE04275,1
JE04276,1
JE04277,1
JE04278,1
JE04279,1
JE04280,1
JE04282,1
JE04283,1
JE04284,1
JE04286,1
JE04287,1
JE04288,1
JE04289,1
JE04290,1
JE04291,1
JE04292,1
JE04293,1
JE04294,1
JE04295,1
JE04296,1
JE04297,1
JE04298,1
JE04299,1
JE04301,1
JE04302,1
JE04303,1
JE04304,1
JE04305,1
JE04306,1
JE04307,1
JE04308,1
JE04309,1
JE04311,1
JE04312,1
JE04313,1
JE04314,1
JE04315,1
JE04316,1
JE04317,1
JE04318,1
JE04322,1
JE04324,1
JE04326,1
JE04330,1
JE04333,1
JE04334,1
JE04335,1
JE04337,1
JE04338,1
JE04339,1
JE04340,1
JE04341,1
JE04343,1
JE04344,1
JE04345,1
JE04346,1
JE04347,1
JE04348,1
JE04349,1
JE04350,1
JE04351,1
JE04352,1
JE04353,1
JE04354,1
JE04355,1
JE04357,1
JE04358,1
JE04359,1
JE04360,1
JE04361,1
JE04362,1
JE04364,1
JE04366,1
JE04369,1
JE04372,1
JE04373,1
JE04376,1
JE04378,1
JE04380,1
JE04383,1
JE04384,1
JE04387,1
JE04389,1
JE04392,1
JE04393,1
JE04396,1
JE04397,1
JE04398,1
JE04399,1
JE04400,1
JE04401,1
JE04402,1
JE04403,1
JE04404,1
JE04405,1
JE04406,1
JE04408,1
JE04409,1
JE04410,1
JE04413,1
JE04414,1
JE04415,1
JE04416,1
JE04417,1
JE04420,1
JE04421,1
JE04423,1
JE04424,1
JE04425,1
JE04426,1
JE04428,1
JE04429,1
JE04432,1
JE04434,1
JE04438,1
JE04439,1
JE04441,1
JE04442,1
JE04445,1
JE04446,1
JE04447,1
JE04448,1
JE04452,1
JE04453,1
JE04454,1
JE04455,1
JE04457,1
JE04458,1
JE04459,1
JE04460,1
JE04461,1
JE04462,1
JE04463,1
JE04465,1
JE04466,1
JE04467,1
JE04468,1
JE04469,1
JE04470,1
JE04471,1
JE04472,1
JE04473,1
JE04474,1
JE04475,1
JE04476,1
JE04477,1
JE04478,1
JE04479,1
JE04480,1
JE04481,1
JE04483,1
JE04484,1
JE04485,1
JE04486,1
JE04487,1
JE04488,1
JE04490,1
JE04491,1
JE04492,1
JE04493,1
JE04495,1
JE04496,1
JE04497,1
JE04498,1
JE04500,1
JE04502,1
JE04503,1
JE04504,1
JE04505,1
JE04506,1
JE04507,1
JE04508,1
JE04509,1
JE04510,1
JE04512,1
JE04514,1
JE04515,1
JE04516,1
JE04517,1
JE04518,1
JE04519,1
JE04520,1
JE04521,1
JE04522,1
JE04523,1
JE04524,1
JE04527,1
JE04528,1
JE04529,1
JE04530,1
JE04533,1
JE04535,1
JE04536,1
JE04537,1
JE04538,1
JE04539,1
JE04543,1
JE04544,1
JE04546,1
JE04548,1
JE04549,1
JE04551,1
JE04552,1
JE04553,1
JE04554,1
JE04556,1
JE04557,1
JE04558,1
JE04559,1
JE04560,1
JE04562,1
JE04563,1
JE04565,1
JE04566,1
JE04567,1
JE04568,1
JE04571,1
JE04572,1
JE04574,1
JE04576,1
JE04577,1
JE04578,1
JE04579,1
JE04581,1
JE04582,1
JE04583,1
JE04584,1
JE04585,1
JE04586,1
JE04587,1
JE04589,1
JE04591,1
JE04593,1
JE04595,1
JE04598,1
JE04599,1
JE04600,1
JE04601,1
JE04602,1
JE04603,1
JE04604,1
JE04605,1
JE04606,1
JE04607,1
JE04608,1
JE04609,1
JE04611,1
JE04612,1
JE04613,1
JE04614,1
JE04615,1
JE04616,1
JE04618,1
JE04619,1
JE04620,1
JE04621,1
JE04622,1
JE04624,1
JE04625,1
JE04626,1
JE04627,1
JE04629,1
JE04630,1
JE04631,1
JE04632,1
JE04633,1
JE04634,1
JE04635,1
JE04636,1
JE04637,1
JE04639,1
JE04640,1
JE04641,1
JE04642,1
JE04643,1
JE04645,1
JE04647,1
JE04648,1
JE04649,1
JE04650,1
JE04651,1
JE04653,1
JE04656,1
JE04658,1
JE04659,1
JE04660,1
JE04664,1
JE04665,1
JE04667,1
JE04668,1
JE04669,1
JE04670,1
JE04671,1
JE04674,1
JE04676,1
JE04677,1
JE04679,1
JE04680,1
JE04681,1
JE04682,1
JE04683,1
JE04684,1
JE04685,1
JE04688,1
JE04689,1
JE04690,1
JE04691,1
JE04692,1
JE04694,1
JE04695,1
JE04696,1
JE04697,1
JE04698,1
JE04699,1
JE04701,1
JE04702,1
JE04703,1
JE04704,1
JE04705,1
JE04707,1
JE04709,1
JE04710,1
JE04711,1
JE04712,1
JE04713,1
JE04714,1
JE04716,1
JE04717,1
JE04720,1
JE04722,1
JE04724,1
JE04725,1
JE04726,1
JE04729,1
JE04730,1
JE04731,1
JE04732,1
JE04734,1
JE04736,1
JE04738,1
JE04739,1
JE04740,1
JE04741,1
JE04742,1
JE04743,1
JE04744,1
JE04746,1
JE04748,1
JE04749,1
JE04751,1
JE04752,1
JE04753,1
JE04755,1
JE04756,1
JE04757,1
JE04758,1
JE04760,1
JE04761,1
JE04762,1
JE04763,1
JE04764,1
JE04765,1
JE04766,1
JE04767,1
JE04768,1
JE04769,1
JE04770,1
JE04771,1
JE04772,1
JE04773,1
JE04774,1
JE04775,1
JE04776,1
JE04777,1
JE04778,1
JE04779,1
JE04780,1
JE04781,1
JE04782,1
JE04783,1
JE04784,1
JE04785,1
JE04786,1
JE04787,1
JE04788,1
JE04789,1
JE04790,1
JE04791,1
JE04792,1
JE04793,1
JE04794,1
JE04795,1
JE04796,1
JE04797,1
JE04798,1
JE04803,1
JE04804,1
JE04805,1
JE04808,1
JE04810,1
JE04811,1
JE04813,1
JE04814,1
JE04815,1
JE04816,1
JE04817,1
JE04818,1
JE04819,1
JE04820,1
JE04821,1
JE04822,1
JE04825,1
JE04826,1
JE04829,1
JE04830,1
JE04833,1
JE04834,1
JE04835,1
JE04836,1
JE04837,1
JE04838,1
JE04839,1
JE04840,1
JE04841,1
JE04842,1
JE04843,1
JE04844,1
JE04845,1
JE04846,1
JE04847,1
JE04848,1
JE04849,1
JE04851,1
JE04852,1
JE04856,1
JE04857,1
JE04860,1
JE04862,1
JE04863,1
JE04864,1
JE04865,1
JE04867,1
JE04868,1
JE04870,1
JE04871,1
JE04872,1
JE04873,1
JE04874,1
JE04875,1
JE04877,1
JE04878,1
JE04879,1
JE04880,1
JE04882,1
JE04884,1
JE04885,1
JE04886,1
JE04887,1
JE04888,1
JE04889,1
JE04890,1
JE04892,1
JE04893,1
JE04894,1
JE04895,1
JE04896,1
JE04897,1
JE04898,1
JE04899,1
JE04900,1
JE04901,1
JE04903,1
JE04904,1
JE04905,1
JE04906,1
JE04907,1
JE04908,1
JE04909,1
JE04910,1
JE04912,1
JE04913,1
JE04914,1
JE04915,1
JE04916,1
JE04917,1
JE04920,1
JE04921,1
JE04922,1
JE04923,1
JE04924,1
JE04925,1
JE04927,1
JE04928,1
JE04929,1
JE04931,1
JE04932,1
JE04934,1
JE04936,1
JE04938,1
JE04940,1
JE04941,1
JE04942,1
JE04943,1
JE04945,1
JE04947,1
JE04949,1
JE04950,1
JE04953,1
JE04954,1
JE04955,1
JE04956,1
JE04957,1
JE04958,1
JE04959,1
JE04961,1
JE04962,1
JE04965,1
JE04968,1
JE04969,1
JE04979,1
JE04980,1
JE04986,1
JE04990,1
JE04992,1
JE04993,1
JE04994,1
JE04995,1
JE04997,1
JE04999,1
JE05001,1
JE05002,1
JE05005,1
JE05009,1
JE05010,1
JE05012,1
JE05013,1
JE05014,1
JE05016,1
JE05019,1
JE05020,1
JE05022,1
JE05024,1
JE05025,1
JE05027,1
JE05028,1
JE05029,1
JE05031,1
JE05032,1
JE05033,1
JE05034,1
JE05035,1
JE05036,1
JE05037,1
JE05038,1
JE05039,1
JE05040,1
JE05043,1
JE05044,1
JE05047,1
JE05049,1
JE05050,1
JE05051,1
JE05052,1
JE05054,1
JE05055,1
JE05056,1
JE05059,1
JE05062,1
JE05063,1
JE05066,1
JE05067,1
JE05068,1
JE05069,1
JE05070,1
JE05071,1
JE05072,1
JE05075,1
JE05077,1
JE05078,1
JE05080,1
JE05081,1
JE05084,1
JE05086,1
JE05087,1
JE05088,1
JE05091,1
JE05092,1
JE05094,1
JE05095,1
JE05097,1
JE05099,1
JE05100,1
JE05103,1
JE05109,1
JE05110,1
JE05111,1
JE05113,1
JE05114,1
JE05115,1
JE05116,1
JE05118,1
JE05119,1
JE05120,1
JE05121,1
JE05122,1
JE05124,1
JE05125,1
JE05127,1
JE05128,1
JE05130,1
JE05131,1
JE05133,1
JE05134,1
JE05137,1
JE05139,1
JE05142,1
JE05144,1
JE05145,1
JE05146,1
JE05147,1
JE05148,1
JE05149,1
JE05150,1
JE05151,1
JE05152,1
JE05153,1
JE05154,1
JE05155,1
JE05157,1
JE05158,1
JE05159,1
JE05160,1
JE05161,1
JE05162,1
JE05163,1
JE05164,1
JE05165,1
JE05166,1
JE05172,1
JE05173,1
JE05174,1
JE05178,1
JE05180,1
JE05181,1
JE05185,1
JE05186,1
JE05187,1
JE05192,1
JE05193,1
JE05194,1
JE05195,1
JE05196,1
JE05198,1
JE05200,1
JE05203,1
JE05205,1
JE05206,1
JE05207,1
JE05208,1
JE05212,1
JE05214,1
JE05215,1
JE05216,1
JE05221,1
JE05222,1
JE05224,1
JE05225,1
JE05226,1
JE05227,1
JE05229,1
JE05230,1
JE05231,1
JE05232,1
JE05233,1
JE05234,1
JE05235,1
JE05236,1
JE05237,1
JE05238,1
JE05239,1
JE05240,1
JE05241,1
JE05242,1
JE05244,1
JE05245,1
JE05248,1
JE05249,1
JE05250,1
JE05251,1
JE05252,1
JE05254,1
JE05255,1
JE05256,1
JE05257,1
JE05259,1
JE05260,1
JE05261,1
JE05265,1
JE05266,1
JE05267,1
JE05268,1
JE05270,1
JE05271,1
JE05272,1
JE05273,1
JE05274,1
JE05275,1
JE05276,1
JE05277,1
JE05278,1
JE05279,1
JE05280,1
JE05281,1
JE05282,1
JE05285,1
JE05286,1
JE05288,1
JE05289,1
JE05290,1
JE05292,1
JE05294,1
JE05297,1
JE05299,1
JE05302,1
JE05303,1
JE05305,1
JE05306,1
JE05308,1
JE05309,1
JE05310,1
JE05311,1
JE05312,1
JE05313,1
JE05314,1
JE05315,1
JE05316,1
JE05317,1
JE05318,1
JE05319,1
JE05320,1
JE05321,1
JE05323,1
JE05324,1
JE05326,1
JE05327,1
JE05328,1
JE05329,1
JE05332,1
JE05333,1
JE05337,1
JE05338,1
JE05339,1
JE05340,1
JE05341,1
JE05342,1
JE05343,1
JE05344,1
JE05349,1
JE05350,1
JE05351,1
JE05352,1
JE05353,1
JE05354,1
JE05355,1
JE05360,1
JE05361,1
JE05362,1
JE05363,1
JE05364,1
JE05365,1
JE05366,1
JE05367,1
JE05368,1
JE05369,1
JE05370,1
JE05371,1
JE05372,1
JE05377,1
JE05378,1
JE05379,1
JE05382,1
JE05384,1
JE05385,1
JE05388,1
JE05390,1
JE05391,1
JE05393,1
JE05394,1
JE05395,1
JE05396,1
JE05397,1
JE05398,1
JE05399,1
JE05400,1
JE05401,1
JE05402,1
JE05403,1
JE05404,1
JE05405,1
JE05407,1
JE05409,1
JE05410,1
JE05411,1
JE05412,1
JE05413,1
JE05414,1
JE05415,1
JE05418,1
JE05419,1
JE05420,1
JE05421,1
JE05422,1
JE05423,1
JE05424,1
JE05425,1
JE05426,1
JE05427,1
JE05428,1
JE05429,1
JE05431,1
JE05432,1
JE05433,1
JE05434,1
JE05435,1
JE05437,1
JE05438,1
JE05439,1
JE05440,1
JE05441,1
JE05442,1
JE05443,1
JE05448,1
JE05451,1
JE05452,1
JE05453,1
JE05454,1
JE05455,1
JE05458,1
JE05460,1
JE05461,1
JE05462,1
JE05463,1
JE05464,1
JE05465,1
JE05466,1
JE05467,1
JE05469,1
JE05470,1
JE05474,1
JE05476,1
JE05477,1
JE05478,1
JE05480,1
JE05483,1
JE05484,1
JE05485,1
JE05487,1
JE05488,1
JE05489,1
JE05490,1
JE05494,1
JE05499,1
JE05500,1
JE05502,1
JE05505,1
JE05506,1
JE05507,1
JE05511,1
JE05512,1
JE05513,1
JE05514,1
JE05520,1
JE05526,1
JE05527,1
JE05529,1
JE05531,1
JE05532,1
JE05533,1
JE05534,1
JE05535,1
JE05536,1
JE05538,1
JE05539,1
JE05541,1
JE05543,1
JE05544,1
JE05545,1
JE05546,1
JE05547,1
JE05550,1
JE05551,1
JE05552,1
JE05553,1
JE05557,1
JE05558,1
JE05560,1
JE05561,1
JE05564,1
JE05565,1
JE05566,1
JE05569,1
JE05571,1
JE05572,1
JE05573,1
JE05574,1
JE05580,1
JE05582,1
JE05586,1
JE05588,1
JE05591,1
JE05592,1
JE05594,1
JE05599,1
JE05601,1
JE05605,1
JE05609,1
JE05610,1
JE05611,1
JE05612,1
JE05614,1
JE05615,1
JE05616,1
JE05617,1
JE05618,1
JE05619,1
JE05620,1
JE05624,1
JE05625,1
JE05628,1
JE05630,1
JE05631,1
JE05632,1
JE05634,1
JE05635,1
JE05637,1
JE05639,1
JE05641,1
JE05643,1
JE05644,1
JE05647,1
JE05649,1
JE05650,1
JE05651,1
JE05653,1
JE05655,1
JE05658,1
JE05659,1
JE05660,1
JE05661,1
JE05662,1
JE05663,1
JE05664,1
JE05665,1
JE05666,1
JE05667,1
JE05668,1
JE05671,1
JE05672,1
JE05673,1
JE05675,1
JE05676,1
JE05677,1
JE05678,1
JE05679,1
JE05680,1
JE05681,1
JE05682,1
JE05683,1
JE05688,1
JE05689,1
JE05690,1
JE05691,1
JE05692,1
JE05694,1
JE05695,1
JE05696,1
JE05698,1
JE05699,1
JE05703,1
JE05704,1
JE05705,1
JE05710,1
JE05711,1
JE05712,1
JE05716,1
JE05717,1
JE05718,1
JE05719,1
JE05720,1
JE05722,1
JE05724,1
JE05725,1
JE05727,1
JE05728,1
JE05729,1
JE05730,1
JE05732,1
JE05734,1
JE05735,1
JE05736,1
JE05737,1
JE05738,1
JE05739,1
JE05741,1
JE05742,1
JE05743,1
JE05744,1
JE05745,1
JE05746,1
JE05747,1
JE05748,1
JE05749,1
JE05750,1
JE05752,1
JE05754,1
JE05755,1
JE05757,1
JE05758,1
JE05759,1
JE05760,1
JE05762,1
JE05773,1
JE05774,1
JE05775,1
JE05776,1
JE05779,1
JE05780,1
JE05782,1
JE05785,1
JE05786,1
JE05788,1
JE05789,1
JE05794,1
JE05795,1
JE05796,1
JE05799,1
JE05801,1
JE05802,1
JE05803,1
JE05805,1
JE05807,1
JE05808,1
JE05809,1
JE05812,1
JE05813,1
JE05814,1
JE05818,1
JE05819,1
JE05820,1
JE05821,1
JE05822,1
JE05823,1
JE05824,1
JE05825,1
JE05827,1
JE05828,1
JE05829,1
JE05830,1
JE05831,1
JE05833,1
JE05834,1
JE05837,1
JE05839,1
JE05840,1
JE05841,1
JE05843,1
JE05844,1
JE05845,1
JE05848,1
JE05850,1
JE05851,1
JE05852,1
JE05853,1
JE05855,1
JE05856,1
JE05857,1
JE05858,1
JE05859,1
JE05860,1
JE05862,1
JE05863,1
JE05864,1
JE05865,1
JE05866,1
JE05867,1
JE05868,1
JE05869,1
JE05870,1
JE05871,1
JE05872,1
JE05873,1
JE05874,1
JE05875,1
JE05877,1
JE05878,1
JE05881,1
JE05882,1
JE05884,1
JE05886,1
JE05887,1
JE05888,1
JE05889,1
JE05890,1
JE05891,1
JE05892,1
JE05894,1
JE05895,1
JE05896,1
JE05898,1
JE05899,1
JE05901,1
JE05902,1
JE05906,1
JE05907,1
JE05908,1
JE05910,1
JE05912,1
JE05913,1
JE05915,1
JE05916,1
JE05918,1
JE05919,1
JE05920,1
JE05921,1
JE05922,1
JE05924,1
JE05925,1
JE05927,1
JE05928,1
JE05929,1
JE05930,1
JE05931,1
JE05934,1
JE05935,1
JE05937,1
JE05938,1
JE05939,1
JE05940,1
JE05941,1
JE05942,1
JE05943,1
JE05944,1
JE05945,1
JE05946,1
JE05948,1
JE05949,1
JE05951,1
JE05952,1
JE05953,1
JE05954,1
JE05955,1
JE05956,1
JE05957,1
JE05958,1
JE05959,1
JE05960,1
JE05963,1
JE05965,1
JE05966,1
JE05967,1
JE05969,1
JE05970,1
JE05974,1
JE05975,1
JE05977,1
JE05978,1
JE05979,1
JE05980,1
JE05981,1
JE05983,1
JE05984,1
JE05986,1
JE05988,1
JE05989,1
JE05991,1
JE05996,1
JE05997,1
JE05998,1
JE05999,1
JE06000,1
JE06001,1
JE06003,1
JE06004,1
JE06005,1
JE06006,1
JE06008,1
JE06009,1
JE06010,1
JE06011,1
JE06012,1
JE06013,1
JE06014,1
JE06015,1
JE06018,1
JE06019,1
JE06021,1
JE06022,1
JE06023,1
JE06024,1
JE06025,1
JE06027,1
JE06028,1
JE06029,1
JE06030,1
JE06031,1
JE06032,1
JE06033,1
JE06035,1
JE06036,1
JE06037,1
JE06038,1
JE06040,1
JE06042,1
JE06043,1
JE06044,1
JE06045,1
JE06046,1
JE06047,1
JE06048,1
JE06049,1
JE06050,1
JE06052,1
JE06054,1
JE06055,1
JE06056,1
JE06057,1
JE06058,1
JE06060,1
JE06061,1
JE06062,1
JE06064,1
JE06065,1
JE06066,1
JE06067,1
JE06068,1
JE06069,1
JE06072,1
JE06074,1
JE06076,1
JE06077,1
JE06078,1
JE06080,1
JE06081,1
JE06082,1
JE06084,1
JE06085,1
JE06088,1
JE06089,1
JE06091,1
JE06092,1
JE06093,1
JE06097,1
JE06100,1
JE06101,1
JE06102,1
JE06103,1
JE06104,1
JE06105,1
JE06106,1
JE06107,1
JE06108,1
JE06111,1
JE06112,1
JE06113,1
JE06114,1
JE06115,1
JE06116,1
JE06117,1
JE06118,1
JE06120,1
JE06121,1
JE06122,1
JE06123,1
JE06124,1
JE06126,1
JE06127,1
JE06128,1
JE06130,1
JE06132,1
JE06133,1
JE06135,1
JE06139,1
JE06141,1
JE06143,1
JE06144,1
JE06145,1
JE06146,1
JE06147,1
JE06148,1
JE06149,1
JE06150,1
JE06153,1
JE06154,1
JE06155,1
JE06156,1
JE06157,1
JE06158,1
JE06159,1
JE06161,1
JE06162,1
JE06163,1
JE06164,1
JE06165,1
JE06166,1
JE06167,1
JE06169,1
JE06170,1
JE06171,1
JE06172,1
JE06173,1
JE06174,1
JE06175,1
JE06176,1
JE06177,1
JE06178,1
JE06179,1
JE06180,1
JE06182,1
JE06183,1
JE06185,1
JE06186,1
JE06189,1
JE06190,1
JE06191,1
JE06192,1
JE06193,1
JE06194,1
JE06196,1
JE06198,1
JE06200,1
JE06201,1
JE06203,1
JE06204,1
JE06208,1
JE06209,1
JE06210,1
JE06211,1
JE06212,1
JE06213,1
JE06214,1
JE06216,1
JE06217,1
JE06219,1
JE06220,1
JE06222,1
JE06223,1
JE06224,1
JE06225,1
JE06226,1
JE06227,1
JE06228,1
JE06230,1
JE06231,1
JE06232,1
JE06236,1
JE06237,1
JE06240,1
JE06241,1
JE06242,1
JE06243,1
JE06244,1
JE06245,1
JE06246,1
JE06251,1
JE06253,1
JE06254,1
JE06255,1
JE06256,1
JE06257,1
JE06259,1
JE06260,1
JE06261,1
JE06262,1
JE06264,1
JE06265,1
JE06269,1
JE06270,1
JE06271,1
JE06272,1
JE06273,1
JE06274,1
JE06275,1
JE06276,1
JE06277,1
JE06278,1
JE06279,1
JE06280,1
JE06281,1
JE06282,1
JE06283,1
JE06284,1
JE06285,1
JE06287,1
JE06288,1
JE06289,1
JE06290,1
JE06291,1
JE06293,1
JE06295,1
JE06296,1
JE06297,1
JE06298,1
JE06299,1
JE06300,1
JE06301,1
JE06302,1
JE06304,1
JE06305,1
JE06306,1
JE06309,1
JE06310,1
JE06313,1
JE06314,1
JE06316,1
JE06317,1
JE06319,1
JE06321,1
JE06323,1
JE06325,1
JE06326,1
JE06327,1
JE06332,1
JE06333,1
JE06334,1
JE06335,1
JE06336,1
JE06337,1
JE06338,1
JE06340,1
JE06342,1
JE06344,1
JE06346,1
JE06349,1
JE06351,1
JE06352,1
JE06353,1
JE06357,1
JE06358,1
JE06362,1
JE06363,1
JE06364,1
JE06365,1
JE06366,1
JE06367,1
JE06368,1
JE06369,1
JE06370,1
JE06371,1
JE06373,1
JE06375,1
JE06376,1
JE06377,1
JE06378,1
JE06380,1
JE06381,1
JE06384,1
JE06385,1
JE06387,1
JE06388,1
JE06389,1
JE06390,1
JE06391,1
JE06392,1
JE06393,1
JE06394,1
JE06395,1
JE06396,1
JE06397,1
JE06399,1
JE06401,1
JE06402,1
JE06403,1
JE06404,1
JE06405,1
JE06410,1
JE06411,1
JE06412,1
JE06413,1
JE06417,1
JE06419,1
JE06421,1
JE06424,1
JE06425,1
JE06426,1
JE06428,1
JE06429,1
JE06432,1
JE06435,1
JE06436,1
JE06437,1
JE06438,1
JE06444,1
JE06446,1
JE06447,1
JE06450,1
JE06453,1
JE06454,1
JE06455,1
JE06456,1
JE06458,1
JE06459,1
JE06460,1
JE06462,1
JE06463,1
JE06464,1
JE06465,1
JE06466,1
JE06467,1
JE06468,1
JE06469,1
JE06470,1
JE06471,1
JE06472,1
JE06473,1
JE06474,1
JE06475,1
JE06476,1
JE06477,1
JE06478,1
JE06480,1
JE06482,1
JE06483,1
JE06484,1
JE06486,1
JE06488,1
JE06490,1
JE06491,1
JE06492,1
JE06493,1
JE06494,1
JE06495,1
JE06496,1
JE06497,1
JE06498,1
JE06499,1
JE06503,1
JE06506,1
JE06507,1
JE06508,1
JE06509,1
JE06510,1
JE06511,1
JE06513,1
JE06517,1
JE06524,1
JE06526,1
JE06527,1
JE06528,1
JE06529,1
JE06531,1
JE06532,1
JE06534,1
JE06535,1
JE06536,1
JE06537,1
JE06538,1
JE06541,1
JE06542,1
JE06543,1
JE06544,1
JE06545,1
JE06546,1
JE06547,1
JE06548,1
JE06549,1
JE06552,1
JE06553,1
JE06556,1
JE06557,1
JE06558,1
JE06559,1
JE06560,1
JE06561,1
JE06563,1
JE06564,1
JE06565,1
JE06566,1
JE06567,1
JE06571,1
JE06573,1
JE06574,1
JE06578,1
JE06580,1
JE06581,1
JE06582,1
JE06583,1
JE06584,1
JE06585,1
JE06586,1
JE06587,1
JE06588,1
JE06590,1
JE06593,1
JE06597,1
JE06598,1
JE06599,1
JE06601,1
JE06607,1
JE06611,1
JE06616,1
JE06618,1
JE06623,1
JE06624,1
JE06626,1
JE06627,1
JE06628,1
JE06631,1
JE06633,1
JE06635,1
JE06636,1
JE06637,1
JE06640,1
JE06641,1
JE06642,1
JE06644,1
JE06645,1
JE06646,1
JE06648,1
JE06652,1
JE06653,1
JE06657,1
JE06660,1
JE06661,1
JE06665,1
JE06667,1
JE06668,1
JE06671,1
JE06672,1
JE06674,1
JE06675,1
JE06677,1
JE06678,1
JE06679,1
JE06680,1
JE06681,1
JE06682,1
JE06683,1
JE06686,1
JE06687,1
JE06688,1
JE06689,1
JE06691,1
JE06692,1
JE06693,1
JE06694,1
JE06695,1
JE06697,1
JE06698,1
JE06699,1
JE06700,1
JE06701,1
JE06702,1
JE06704,1
JE06705,1
JE06706,1
JE06707,1
JE06708,1
JE06709,1
JE06710,1
JE06711,1
JE06712,1
JE06714,1
JE06715,1
JE06716,1
JE06717,1
JE06718,1
JE06720,1
JE06723,1
JE06725,1
JE06727,1
JE06728,1
JE06731,1
JE06734,1
JE06736,1
JE06738,1
JE06739,1
JE06741,1
JE06742,1
JE06743,1
JE06745,1
JE06747,1
JE06749,1
JE06752,1
JE06757,1
JE06758,1
JE06759,1
JE06760,1
JE06761,1
JE06762,1
JE06763,1
JE06764,1
JE06765,1
JE06767,1
JE06768,1
JE06772,1
JE06773,1
JE06774,1
JE06775,1
JE06777,1
JE06778,1
JE06779,1
JE06780,1
JE06781,1
JE06782,1
JE06783,1
JE06784,1
JE06787,1
JE06790,1
JE06791,1
JE06794,1
JE06796,1
JE06797,1
JE06798,1
JE06799,1
JE06800,1
JE06801,1
JE06803,1
JE06804,1
JE06805,1
JE06807,1
JE06808,1
JE06811,1
JE06814,1
JE06815,1
JE06816,1
JE06817,1
JE06818,1
JE06819,1
JE06820,1
JE06832,1
JE06834,1
JE06835,1
JE06836,1
JE06838,1
JE06839,1
JE06841,1
JE06842,1
JE06843,1
JE06844,1
JE06846,1
JE06847,1
JE06848,1
JE06851,1
JE06852,1
JE06853,1
JE06857,1
JE06858,1
JE06864,1
JE06867,1
JE06869,1
JE06870,1
JE06871,1
JE06874,1
JE06879,1
JE06881,1
JE06883,1
JE06884,1
JE06885,1
JE06886,1
JE06891,1
JE06892,1
JE06897,1
JE06899,1
JE06901,1
JE06902,1
JE06903,1
JE06904,1
JE06906,1
JE06907,1
JE06908,1
JE06909,1
JE06912,1
JE06913,1
JE06918,1
JE06920,1
JE06921,1
JE06922,1
JE06923,1
JE06925,1
JE06926,1
JE06927,1
JE06928,1
JE06929,1
JE06930,1
JE06934,1
JE06935,1
JE06936,1
JE06937,1
JE06957,1
JE06959,1
JE06963,1
JE06964,1
JE06965,1
JE06966,1
JE06967,1
JE06972,1
JE06975,1
JE06976,1
JE06979,1
JE06980,1
JE06981,1
JE06986,1
JE06989,1
JE06994,1
JE06995,1
JE07000,1
JE07002,1
JE07003,1
JE07004,1
JE07007,1
JE07010,1
JE07012,1
JE07017,1
JE07020,1
JE07024,1
JE07025,1
JE07027,1
JE07028,1
JE07029,1
JE07030,1
JE07031,1
JE07032,1
JE07033,1
JE07036,1
JE07039,1
JE07043,1
JE07047,1
JE07048,1
JE07053,1
JE07054,1
JE07055,1
JE07056,1
JE07057,1
JE07064,1
JE07065,1
JE07069,1
JE07070,1
JE07072,1
JE07073,1
JE07075,1
JE07076,1
JE07077,1
JE07078,1
JE07079,1
JE07080,1
JE07084,1
JE07085,1
JE07086,1
JE07089,1
JE07090,1
JE07092,1
JE07093,1
JE07095,1
JE07096,1
JE07098,1
JE07099,1
JE07102,1
JE07103,1
JE07104,1
JE07107,1
JE07110,1
JE07111,1
JE07112,1
JE07113,1
JE07114,1
JE07115,1
JE07116,1
JE07117,1
JE07118,1
JE07120,1
JE07121,1
JE07123,1
JE07124,1
JE07125,1
JE07126,1
JE07128,1
JE07129,1
JE07131,1
JE07132,1
JE07134,1
JE07135,1
JE07136,1
JE07137,1
JE07138,1
JE07139,1
JE07140,1
JE07144,1
JE07150,1
JE07151,1
JE07153,1
JE07158,1
JE07161,1
JE07162,1
JE07163,1
JE07164,1
JE07165,1
JE07166,1
JE07167,1
JE07173,1
JE07174,1
JE07175,1
JE07176,1
JE07177,1
JE07178,1
JE07181,1
JE07182,1
JE07183,1
JE07184,1
JE07185,1
JE07186,1
JE07193,1
JE07194,1
JE07195,1
JE07196,1
JE07197,1
JE07199,1
JE07200,1
JE07203,1
JE07205,1
JE07206,1
JE07210,1
JE07211,1
JE07213,1
JE07214,1
JE07215,1
JE07216,1
JE07227,1
JE07229,1
JE07231,1
JE07232,1
JE07234,1
JE07235,1
JE07236,1
JE07237,1
JE07238,1
JE07239,1
JE07244,1
JE07252,1
JE07253,1
JE07262,1
JE07263,1
JE07264,1
JE07267,1
JE07268,1
JE07269,1
JE07272,1
JE07274,1
JE07281,1
JE07282,1
JE07288,1
JE07295,1
JE07298,1
JE07300,1
JE07301,1
JE07305,1
JE07307,1
JE07316,1
JE07318,1
JE07319,1
JE07324,1
JE07331,1
JE07337,1
JE07353,1
JE07356,1
JE07359,1
JE07364,1
JE07366,1
JE07378,1
JE07379,1
JE07382,1
JE07383,1
JE07384,1
JE07385,1
JE07387,1
JE07388,1
JE07391,1
JE07394,1
JE07395,1
JE07396,1
JE07402,1
JE07422,1
JE07423,1
JE07424,1
JE07425,1
JE07426,1
JE07427,1
JE07428,1
JE07429,1
JE07430,1
JE07432,1
JE07433,1
JE07434,1
JE07436,1
JE07438,1
JE07444,1
JE07450,1
JE07455,1
JE07456,1
JE07457,1
JE07459,1
JE07460,1
JE07466,1
JE07467,1
JE07468,1
JE07469,1
JE07470,1
JE07471,1
JE07472,1
JE07473,1
JE07481,1
JE07484,1
JE07486,1
JE07492,1
JE07493,1
JE07499,1
JE07505,1
JE07507,1
JE07508,1
JE07510,1
JE07511,1
JE07512,1
JE07516,1
JE07517,1
JE07518,1
JE07519,1
JE07520,1
JE07521,1
JE07522,1
JE07533,1
JE07534,1
JE07536,1
JE07538,1
JE07541,1
JE07552,1
JE07557,1
JE07559,1
JE07561,1
JE07562,1
JE07565,1
JE07567,1
JE07568,1
JE07569,1
JE07571,1
JE07574,1
JE07592,1
JE07596,1
JE07597,1
JE07598,1
JE07602,1
JE07603,1
JE07610,1
JE07613,1
JE07616,1
JE07617,1
JE07623,1
JE07625,1
JE07626,1
JE07630,1
JE07631,1
JE07633,1
JE07642,1
JE07644,1
JE07645,1
JE07650,1
JE07656,1
JE07660,1
JE07664,1
JE07665,1
JE07666,1
JE07688,1
JE07691,1
JE07694,1
JE07711,1
JE07722,1
JE07723,1
JE07732,1
JE07747,1
JE07750,1
JE07753,1
JE07758,1
JE07784,1
JE07789,1
JE07790,1
JE07799,1
JE07804,1
JE07824,1
JE07850,1
JE07853,1
JE07858,1
JE07874,1
JE07883,1
JE07889,1
JE07909,1
JE07913,1
JE07915,1
JE07923,1
JE07925,1
JE07928,1
JE07938,1
JE07940,1
JE07943,1
JE07948,1
JE07949,1
JE07950,1
JE07956,1
JE07958,1
JE07959,1
JE07960,1
JE07976,1
JE07981,1
JE07983,1
JE07987,1
JE07988,1
JE07989,1
JE07990,1
JE07992,1
JE07993,1
JE08000,1
JE08002,1
JE08003,1
JE08006,1
JE08011,1
JE08014,1
JE08015,1
JE08017,1
JE08018,1
JE08020,1
JE08027,1
JE08028,1
JE08029,1
JE08032,1
JE08033,1
JE08037,1
JE08040,1
JE08044,1
JE08052,1
JE08053,1
JE08061,1
JE08062,1
JE08066,1
JE08068,1
JE08072,1
JE08158,1
JE08178,1
JE08209,1
JE08212,1
JE08279,1
JE08280,1
JE08322,1
JE08437,1
JE08484,1
JE08549,1
JE08551,1
JE08756,1
JE08828,1
JE08854,1
JE08893,1
JE08897,1
JE08924,1
JE08945,1
JE08969,1
JE08998,1
JE08999,1
JE09001,1
JE09020,1
JE09044,1
JE09055,1
JE09088,1
JE09102,1
JE09129,1
JE09130,1
JE09135,1
JE09140,1
JE09382,1
JE09405,1
JE09542,1
JE09607,1
JE09621,1
JE09703,1
JE09835,1
JE09858,1
JE09881,1
JE09895,1
JE09938,1
JE09997,1
JEL10043,1
JEL10076,1
JEL10136,1
JEL10157,1
JEL10159,1
JEL10195,1
JEL10219,1
JEL10272,1
JEL10316,1
JEL10318,1
JEL10372,1
JEL10440,1
JEL10450,1
JEL10496,1
JEL10570,1
JEL10631,1
JEL10638,1
JEL10720,1
JEL10737,1
JEL10741,1
JEL10747,1
JEL10771,1
JEL10772,1
JEL10872,1
JEL10880,1
JEL10939,1
JEL11003,1
JEL11100,1
JEL11105,1
JEL11149,1
JEL11158,1
JEL11193,1
JEL11480,1
JEL11504,1
JEL11597,1
JEL11624,1
JEL11757,1
JEL11818,1
JEL11854,1
JEL11953,1
JEL11961,1
JEL11962,1
JEL12035,1
JEL12175,1
JEL12186,1
JEL12215,1
JEL12322,1
JEL12326,1
JEL12357,1
JEL12434,1
JEL12551,1
JEL12612,1
JEL12800,1
JEL12822,1
JEL12831,1
JEL12940,1
JEL12991,1
JEL13010,1
JEL13034,1
JEL13052,1
JEL13078,1
JEL13149,1
JEL13160,1
JEL13169,1
JEL13492,1
JEL13493,1
JEL13499,1
JEL13502,1
JEL13506,1
JEL13507,1
JEL13508,1
JEL13514,1
JEL13520,1
JEL13521,1
JEL13522,1
JEL13527,1
JEL13529,1
JEL13556,1
JEL13574,1
JEL13580,1
JEL13585,1
JEL13594,1
JEL13604,1
JEL13612,1
JEL13615,1
JEL13624,1
JEL13655,1
JEL13682,1
JEL13683,1
JF00001,1
JF00010,1
JF00017,1
JF00018,1
JF00019,1
JF00020,1
JF00021,1
JF00025,1
JF00026,1
JF00029,1
JF00032,1
JF00043,1
JF00047,1
JF00054,1
JF00059,1
JF00061,1
JF00062,1
JF00063,1
JF00064,1
JF00066,1
JF00072,1
JF00075,1
JF00076,1
JF00077,1
JF00078,1
JF00081,1
JF00082,1
JF00085,1
JF00086,1
JF00087,1
JF00088,1
JF00089,1
JF00093,1
JF00094,1
JF00096,1
JF00097,1
JF00098,1
JF00099,1
JF00101,1
JF00102,1
JF00104,1
JF00105,1
JF00106,1
JF00108,1
JF00109,1
JF00110,1
JF00111,1
JF00112,1
JF00114,1
JF00116,1
JF00118,1
JF00120,1
JF00123,1
JF00125,1
JF00130,1
JF00131,1
JF00132,1
JF00133,1
JF00134,1
JF00135,1
JF00137,1
JF00138,1
JF00140,1
JF00143,1
JF00144,1
JF00145,1
JF00146,1
JF00147,1
JF00148,1
JF00149,1
JF00151,1
JF00154,1
JF00156,1
JF00160,1
JF00164,1
JF00165,1
JF00166,1
JF00167,1
JF00168,1
JF00172,1
JF00173,1
JF00175,1
JF00176,1
JF00180,1
JF00187,1
JF00190,1
JF00192,1
JF00193,1
JF00194,1
JF00195,1
JF00197,1
JF00198,1
JF00199,1
JF00200,1
JF00201,1
JF00204,1
JF00205,1
JF00206,1
JF00210,1
JF00211,1
JF00212,1
JF00214,1
JF00215,1
JF00216,1
JF00217,1
JF00218,1
JF00220,1
JF00222,1
JF00224,1
JF00225,1
JF00226,1
JF00228,1
JF00230,1
JF00231,1
JF00232,1
JF00233,1
JF00234,1
JF00235,1
JF00237,1
JF00238,1
JF00239,1
JF00241,1
JF00242,1
JF00243,1
JF00244,1
JF00245,1
JF00247,1
JF00249,1
JF00250,1
JF00252,1
JF00253,1
JF00254,1
JF00255,1
JF00256,1
JF00262,1
JF00263,1
JF00266,1
JF00267,1
JF00268,1
JF00269,1
JF00270,1
JF00271,1
JF00273,1
JF00275,1
JF00276,1
JF00277,1
JF00278,1
JF00279,1
JF00280,1
JF00281,1
JF00283,1
JF00284,1
JF00285,1
JF00286,1
JF00287,1
JF00288,1
JF00289,1
JF00290,1
JF00291,1
JF00296,1
JF00297,1
JF00298,1
JF00299,1
JF00300,1
JF00301,1
JF00303,1
JF00304,1
JF00306,1
JF00307,1
JF00308,1
JF00310,1
JF00313,1
JF00314,1
JF00315,1
JF00316,1
JF00317,1
JF00318,1
JF00320,1
JF00321,1
JF00322,1
JF00323,1
JF00324,1
JF00325,1
JF00328,1
JF00329,1
JF00331,1
JF00334,1
JF00335,1
JF00338,1
JF00339,1
JF00340,1
JF00341,1
JF00343,1
JF00344,1
JF00345,1
JF00346,1
JF00347,1
JF00348,1
JF00349,1
JF00350,1
JF00351,1
JF00353,1
JF00354,1
JF00355,1
JF00356,1
JF00358,1
JF00360,1
JF00361,1
JF00362,1
JF00363,1
JF00364,1
JF00365,1
JF00366,1
JF00367,1
JF00369,1
JF00370,1
JF00371,1
JF00372,1
JF00377,1
JF00378,1
JF00381,1
JF00382,1
JF00383,1
JF00384,1
JF00387,1
JF00388,1
JF00389,1
JF00390,1
JF00391,1
JF00392,1
JF00393,1
JF00394,1
JF00395,1
JF00396,1
JF00397,1
JF00398,1
JF00399,1
JF00401,1
JF00402,1
JF00405,1
JF00407,1
JF00408,1
JF00409,1
JF00410,1
JF00411,1
JF00412,1
JF00413,1
JF00418,1
JF00421,1
JF00425,1
JF00426,1
JF00427,1
JF00428,1
JF00429,1
JF00430,1
JF00432,1
JF00433,1
JF00437,1
JF00439,1
JF00441,1
JF00445,1
JF00448,1
JF00450,1
JF00451,1
JF00452,1
JF00453,1
JF00457,1
JF00459,1
JF00460,1
JF00461,1
JF00462,1
JF00464,1
JF00466,1
JF00467,1
JF00468,1
JF00469,1
JF00471,1
JF00472,1
JF00473,1
JF00474,1
JF00479,1
JF00482,1
JF00483,1
JF00484,1
JF00485,1
JF00486,1
JF00489,1
JF00490,1
JF00491,1
JF00492,1
JF00493,1
JF00495,1
JF00500,1
JF00501,1
JF00502,1
JF00503,1
JF00504,1
JF00505,1
JF00506,1
JF00508,1
JF00509,1
JF00510,1
JF00511,1
JF00512,1
JF00515,1
JF00520,1
JF00521,1
JF00522,1
JF00524,1
JF00526,1
JF00528,1
JF00531,1
JF00534,1
JF00539,1
JF00541,1
JF00543,1
JF00547,1
JF00549,1
JF00550,1
JF00552,1
JF00554,1
JF00556,1
JF00557,1
JF00559,1
JF00560,1
JF00561,1
JF00563,1
JF00564,1
JF00567,1
JF00571,1
JF00572,1
JF00573,1
JF00574,1
JF00577,1
JF00579,1
JF00586,1
JF00587,1
JF00589,1
JF00591,1
JF00594,1
JF00596,1
JF00597,1
JF00598,1
JF00599,1
JF00601,1
JF00603,1
JF00604,1
JF00605,1
JF00608,1
JF00611,1
JF00613,1
JF00615,1
JF00617,1
JF00622,1
JF00628,1
JF00629,1
JF00630,1
JF00634,1
JF00639,1
JF00640,1
JF00641,1
JF00642,1
JF00650,1
JF00651,1
JF00652,1
JF00655,1
JF00656,1
JF00658,1
JF00660,1
JF00665,1
JF00666,1
JF00675,1
JF00679,1
JF00680,1
JF00685,1
JF00688,1
JF00692,1
JF00693,1
JF00696,1
JF00697,1
JF00704,1
JF00705,1
JF00706,1
JF00707,1
JF00708,1
JF00709,1
JF00714,1
JF00715,1
JF00716,1
JF00717,1
JF00719,1
JF00723,1
JF00727,1
JF00731,1
JF00741,1
JF00744,1
JF00745,1
JF00746,1
JF00748,1
JF00751,1
JF00753,1
JF00754,1
JF00756,1
JF00766,1
JF00775,1
JF00777,1
JF00780,1
JF00783,1
JF07500,1
JF07501,1
JF07503,1
JF07506,1
JF07507,1
JF07509,1
JF07530,1
JF07580,1
JF07591,1
JF07605,1
JH00002,1
JH00003,1
JH00005,1
JH00008,1
JH00009,1
JH00010,1
JH00013,1
JH00015,1
JH00016,1
JH00020,1
JH00021,1
JH00026,1
JH00027,1
JH00029,1
JH00034,1
JH00035,1
JH00043,1
JH00044,1
JH00046,1
JH00047,1
JH00049,1
JH00050,1
JH00052,1
JH00053,1
JH00054,1
JH00060,1
JH00065,1
JH00067,1
JH00071,1
JH00078,1
JH00079,1
JH00080,1
JH00081,1
JH00082,1
JH00084,1
JH00087,1
JH00088,1
JH00092,1
JH00093,1
JH00098,1
JH00100,1
JH00101,1
JH00102,1
JH00106,1
JH00108,1
JH00109,1
JH00110,1
JH00111,1
JH00113,1
JH00114,1
JH00115,1
JH00119,1
JH00120,1
JH00122,1
JH00130,1
JH00136,1
JH00137,1
JH00140,1
JH00141,1
JH00142,1
JH00145,1
JH00146,1
JH00151,1
JH00152,1
JH00153,1
JH00156,1
JH00158,1
JH00160,1
JH00162,1
JH00163,1
JH00164,1
JH00169,1
JH00172,1
JH00173,1
JH00174,1
JH00176,1
JH00180,1
JH00181,1
JH00182,1
JH00187,1
JH00188,1
JH00189,1
JH00190,1
JH00191,1
JH00193,1
JH00194,1
JH00195,1
JH00198,1
JH00199,1
JH00207,1
JH00208,1
JH00212,1
JH00214,1
JH00218,1
JH00220,1
JH00222,1
JH00223,1
JH00225,1
JH00226,1
JH00229,1
JH00230,1
JH00234,1
JH00239,1
JH00244,1
JH00246,1
JH00247,1
JH00248,1
JH00249,1
JH00252,1
JH00253,1
JH00256,1
JH00260,1
JH00264,1
JH00268,1
JH00269,1
JH00270,1
JH00272,1
JH00273,1
JH00274,1
JH00276,1
JH00277,1
JH00278,1
JH00279,1
JH00280,1
JH00281,1
JH00286,1
JH00290,1
JH00301,1
JH00302,1
JH00304,1
JH00305,1
JH00308,1
JH00309,1
JH00310,1
JH00311,1
JH00319,1
JH00320,1
JH00321,1
JH00322,1
JH00324,1
JH00326,1
JH00328,1
JH00329,1
JH00331,1
JH00334,1
JH00335,1
JH00336,1
JH00337,1
JH00338,1
JH00340,1
JH00345,1
JH00346,1
JH00349,1
JH00350,1
JH00352,1
JH00353,1
JH00354,1
JH00358,1
JH00364,1
JH00365,1
JH00367,1
JH00368,1
JH00372,1
JH00374,1
JH00376,1
JH00381,1
JH00383,1
JH00384,1
JH00385,1
JH00387,1
JH00392,1
JH00393,1
JH00398,1
JH00400,1
JH00401,1
JH00402,1
JH00404,1
JH00406,1
JH00407,1
JH00408,1
JH00409,1
JH00410,1
JH00411,1
JH00412,1
JH00413,1
JH00414,1
JH00415,1
JH00416,1
JH00418,1
JH00419,1
JH00421,1
JH00423,1
JH00424,1
JH00425,1
JH00427,1
JH00429,1
JH00431,1
JH00434,1
JH00435,1
JH00446,1
JH00447,1
JH00448,1
JH00449,1
JH00451,1
JH00457,1
JH00458,1
JH00459,1
JH00460,1
JH00462,1
JH00464,1
JH00465,1
JH00467,1
JH00468,1
JH00469,1
JH00470,1
JH00471,1
JH00472,1
JH00473,1
JH00474,1
JH00475,1
JH00477,1
JH00479,1
JH00480,1
JH00481,1
JH00482,1
JH00483,1
JH00485,1
JH00487,1
JH00488,1
JH00489,1
JH00491,1
JH00492,1
JH00495,1
JH00496,1
JH00497,1
JH00501,1
JH00503,1
JH00504,1
JH00508,1
JH00509,1
JH00512,1
JH00513,1
JH00514,1
JH00516,1
JH00517,1
JH00518,1
JH00519,1
JH00521,1
JH00522,1
JH00523,1
JH00524,1
JH00526,1
JH00527,1
JH00528,1
JH00529,1
JH00530,1
JH00532,1
JH00533,1
JH00534,1
JH00537,1
JH00540,1
JH00541,1
JH00543,1
JH00544,1
JH00548,1
JH00550,1
JH00551,1
JH00553,1
JH00554,1
JH00556,1
JH00557,1
JH00558,1
JH00559,1
JH00560,1
JH00561,1
JH00564,1
JH00565,1
JH00566,1
JH00568,1
JH00569,1
JH00570,1
JH00572,1
JH00574,1
JH00575,1
JH00576,1
JH00579,1
JH00580,1
JH00582,1
JH00583,1
JH00584,1
JH00585,1
JH00586,1
JH00588,1
JH00589,1
JH00591,1
JH00592,1
JH00594,1
JH00595,1
JH00596,1
JH00597,1
JH00599,1
JH00606,1
JH00607,1
JH00608,1
JH00609,1
JH00613,1
JH00615,1
JH00620,1
JH00622,1
JH00623,1
JH00625,1
JH00626,1
JH00627,1
JH00630,1
JH00633,1
JH00635,1
JH00637,1
JH00638,1
JH00639,1
JH00640,1
JH00641,1
JH00644,1
JH00651,1
JH00654,1
JH00655,1
JH00661,1
JH00662,1
JH00663,1
JH00664,1
JH00665,1
JH00666,1
JH00670,1
JH00672,1
JH00673,1
JH00676,1
JH00678,1
JH00679,1
JH00680,1
JH00682,1
JH00683,1
JH00685,1
JH00688,1
JH00690,1
JH00691,1
JH00692,1
JH00693,1
JH00695,1
JH00696,1
JH00697,1
JH00698,1
JH00699,1
JH00700,1
JH00701,1
JH00702,1
JH00704,1
JH00705,1
JH00708,1
JH00709,1
JH00712,1
JH00714,1
JH00715,1
JH00717,1
JH00718,1
JH00720,1
JH00721,1
JH00723,1
JH00726,1
JH00727,1
JH00728,1
JH00729,1
JH00731,1
JH00733,1
JH00734,1
JH00735,1
JH00737,1
JH00738,1
JH00742,1
JH00745,1
JH00746,1
JH00748,1
JH00749,1
JH00750,1
JH00755,1
JH00757,1
JH00758,1
JH00760,1
JH00761,1
JH00763,1
JH00764,1
JH00766,1
JH00768,1
JH00771,1
JH00773,1
JH00776,1
JH00777,1
JH00779,1
JH00780,1
JH00784,1
JH00785,1
JH00787,1
JH00788,1
JH00789,1
JH00790,1
JH00791,1
JH00793,1
JH00794,1
JH00795,1
JH00796,1
JH00797,1
JH00798,1
JH00800,1
JH00801,1
JH00802,1
JH00803,1
JH00804,1
JH00805,1
JH00806,1
JH00807,1
JH00808,1
JH00809,1
JH00812,1
JH00813,1
JH00814,1
JH00815,1
JH00816,1
JH00819,1
JH00821,1
JH00822,1
JH00823,1
JH00824,1
JH00825,1
JH00826,1
JH00827,1
JH00828,1
JH00830,1
JH00831,1
JH00834,1
JH00835,1
JH00836,1
JH00837,1
JH00839,1
JH00840,1
JH00841,1
JH00843,1
JH00844,1
JH00845,1
JH00846,1
JH00849,1
JH00850,1
JH00851,1
JH00852,1
JH00853,1
JH00855,1
JH00856,1
JH00858,1
JH00859,1
JH00860,1
JH00861,1
JH00862,1
JH00863,1
JH00864,1
JH00865,1
JH00866,1
JH00867,1
JH00871,1
JH00872,1
JH00873,1
JH00875,1
JH00876,1
JH00877,1
JH00879,1
JH00880,1
JH00881,1
JH00882,1
JH00883,1
JH00884,1
JH00885,1
JH00886,1
JH00887,1
JH00889,1
JH00890,1
JH00891,1
JH00895,1
JH00896,1
JH00897,1
JH00898,1
JH00899,1
JH00901,1
JH00902,1
JH00903,1
JH00906,1
JH00907,1
JH00912,1
JH00913,1
JH00914,1
JH00918,1
JH00919,1
JH00920,1
JH00921,1
JH00922,1
JH00923,1
JH00924,1
JH00925,1
JH00929,1
JH00932,1
JH00933,1
JH00934,1
JH00936,1
JH00939,1
JH00940,1
JH00941,1
JH00942,1
JH00943,1
JH00944,1
JH00948,1
JH00951,1
JH00952,1
JH00953,1
JH00955,1
JH00956,1
JH00957,1
JH00958,1
JH00959,1
JH00960,1
JH00961,1
JH00962,1
JH00963,1
JH00964,1
JH00967,1
JH00968,1
JH00969,1
JH00970,1
JH00971,1
JH00972,1
JH00973,1
JH00974,1
JH00976,1
JH00977,1
JH00978,1
JH00982,1
JH00983,1
JH00984,1
JH00985,1
JH00986,1
JH00987,1
JH00988,1
JH00990,1
JH00991,1
JH00993,1
JH00994,1
JH00995,1
JH00996,1
JH00998,1
JH00999,1
JH01000,1
JH01001,1
JH01002,1
JH01004,1
JH01005,1
JH01009,1
JH01016,1
JH01019,1
JH01020,1
JH01021,1
JH01023,1
JH01025,1
JH01026,1
JH01027,1
JH01028,1
JH01030,1
JH01031,1
JH01032,1
JH01033,1
JH01034,1
JH01035,1
JH01036,1
JH01037,1
JH01038,1
JH01039,1
JH01040,1
JH01041,1
JH01042,1
JH01044,1
JH01045,1
JH01046,1
JH01048,1
JH01049,1
JH01050,1
JH01051,1
JH01052,1
JH01053,1
JH01056,1
JH01057,1
JH01058,1
JH01059,1
JH01061,1
JH01062,1
JH01063,1
JH01064,1
JH01065,1
JH01066,1
JH01068,1
JH01069,1
JH01070,1
JH01071,1
JH01072,1
JH01073,1
JH01075,1
JH01076,1
JH01077,1
JH01078,1
JH01079,1
JH01081,1
JH01082,1
JH01083,1
JH01084,1
JH01085,1
JH01087,1
JH01088,1
JH01089,1
JH01090,1
JH01091,1
JH01092,1
JH01093,1
JH01094,1
JH01095,1
JH01096,1
JH01097,1
JH01099,1
JH01100,1
JH01101,1
JH01102,1
JH01104,1
JH01105,1
JH01106,1
JH01107,1
JH01108,1
JH01109,1
JH01110,1
JH01111,1
JH01112,1
JH01116,1
JH01127,1
JH01128,1
JH01130,1
JH01131,1
JH01132,1
JH01133,1
JH01134,1
JH01135,1
JH01136,1
JH01137,1
JH01139,1
JH01140,1
JH01141,1
JH01142,1
JH01144,1
JH01148,1
JH01150,1
JH01151,1
JH01152,1
JH01153,1
JH01155,1
JH01156,1
JH01157,1
JH01158,1
JH01159,1
JH01160,1
JH01161,1
JH01162,1
JH01163,1
JH01164,1
JH01165,1
JH01168,1
JH01170,1
JH01174,1
JH01177,1
JH01178,1
JH01179,1
JH01180,1
JH01181,1
JH01182,1
JH01183,1
JH01185,1
JH01187,1
JH01188,1
JH01189,1
JH01190,1
JH01191,1
JH01192,1
JH01195,1
JH01197,1
JH01199,1
JH01200,1
JH01201,1
JH01203,1
JH01204,1
JH01205,1
JH01207,1
JH01208,1
JH01209,1
JH01210,1
JH01211,1
JH01212,1
JH01213,1
JH01214,1
JH01215,1
JH01216,1
JH01217,1
JH01219,1
JH01220,1
JH01221,1
JH01222,1
JH01224,1
JH01225,1
JH01227,1
JH01229,1
JH01230,1
JH01231,1
JH01232,1
JH01233,1
JH01234,1
JH01235,1
JH01236,1
JH01237,1
JH01238,1
JH01239,1
JH01240,1
JH01241,1
JH01243,1
JH01244,1
JH01245,1
JH01246,1
JH01250,1
JH01251,1
JH01252,1
JH01254,1
JH01255,1
JH01256,1
JH01258,1
JH01259,1
JH01261,1
JH01263,1
JH01264,1
JH01265,1
JH01266,1
JH01267,1
JH01274,1
JH01275,1
JH01276,1
JH01277,1
JH01278,1
JH01279,1
JH01280,1
JH01281,1
JH01283,1
JH01284,1
JH01286,1
JH01287,1
JH01288,1
JH01290,1
JH01292,1
JH01297,1
JH01298,1
JH01299,1
JH01301,1
JH01302,1
JH01304,1
JH01306,1
JH01308,1
JH01309,1
JH01312,1
JH01313,1
JH01314,1
JH01315,1
JH01323,1
JH01325,1
JH01326,1
JH01329,1
JH01330,1
JH01331,1
JH01332,1
JH01333,1
JH01336,1
JH01337,1
JH01338,1
JH01339,1
JH01340,1
JH01341,1
JH01342,1
JH01345,1
JH01346,1
JH01350,1
JH01351,1
JH01352,1
JH01354,1
JH01355,1
JH01356,1
JH01358,1
JH01359,1
JH01360,1
JH01361,1
JH01364,1
JH01365,1
JH01366,1
JH01367,1
JH01368,1
JH01370,1
JH01372,1
JH01373,1
JH01374,1
JH01375,1
JH01376,1
JH01377,1
JH01378,1
JH01379,1
JH01380,1
JH01381,1
JH01382,1
JH01383,1
JH01384,1
JH01390,1
JH01391,1
JH01392,1
JH01393,1
JH01394,1
JH01396,1
JH01397,1
JH01398,1
JH01399,1
JH01400,1
JH01401,1
JH01404,1
JH01408,1
JH01410,1
JH01411,1
JH01412,1
JH01413,1
JH01414,1
JH01415,1
JH01417,1
JH01418,1
JH01419,1
JH01420,1
JH01421,1
JH01422,1
JH01423,1
JH01424,1
JH01425,1
JH01426,1
JH01427,1
JH01430,1
JH01431,1
JH01432,1
JH01433,1
JH01436,1
JH01437,1
JH01438,1
JH01440,1
JH01441,1
JH01442,1
JH01443,1
JH01444,1
JH01445,1
JH01447,1
JH01448,1
JH01449,1
JH01451,1
JH01452,1
JH01453,1
JH01454,1
JH01455,1
JH01456,1
JH01458,1
JH01459,1
JH01460,1
JH01462,1
JH01463,1
JH01464,1
JH01465,1
JH01466,1
JH01467,1
JH01469,1
JH01470,1
JH01471,1
JH01472,1
JH01474,1
JH01475,1
JH01476,1
JH01478,1
JH01479,1
JH01481,1
JH01482,1
JH01483,1
JH01486,1
JH01487,1
JH01488,1
JH01489,1
JH01490,1
JH01491,1
JH01495,1
JH01497,1
JH01499,1
JH01502,1
JH01503,1
JH01505,1
JH01506,1
JH01509,1
JH01510,1
JH01514,1
JH01516,1
JH01519,1
JH01522,1
JH01527,1
JH01530,1
JH01531,1
JH01535,1
JH01537,1
JH01539,1
JH01540,1
JH01543,1
JH01550,1
JH01551,1
JH01552,1
JH01553,1
JH01556,1
JH01601,1
JH01602,1
JH01603,1
JH01604,1
JH01605,1
JH01606,1
JH01607,1
JH01608,1
JH01610,1
JH01611,1
JH01613,1
JH01614,1
JH01616,1
JH01617,1
JH01618,1
JH01620,1
JH01621,1
JH01624,1
JH01625,1
JH01626,1
JH01627,1
JH01628,1
JH01630,1
JH01631,1
JH01632,1
JH01633,1
JH01634,1
JH01635,1
JH01636,1
JH01637,1
JH01639,1
JH01646,1
JH01647,1
JH01648,1
JH01649,1
JH01650,1
JH01652,1
JH01655,1
JH01656,1
JH01657,1
JH01665,1
JH01666,1
JH01667,1
JH01670,1
JH01671,1
JH01672,1
JH01675,1
JH01676,1
JH01679,1
JH01680,1
JH01684,1
JH01687,1
JH01688,1
JH01689,1
JH01690,1
JH01691,1
JH01692,1
JH01694,1
JH01696,1
JH01697,1
JH01698,1
JH01699,1
JH01702,1
JH01703,1
JH01704,1
JH01706,1
JH01707,1
JH01708,1
JH01709,1
JH01710,1
JH01711,1
JH01712,1
JH01714,1
JH01715,1
JH01716,1
JH01717,1
JH01718,1
JH01719,1
JH01721,1
JH01723,1
JH01724,1
JH01726,1
JH01728,1
JH01729,1
JH01730,1
JH01731,1
JH01732,1
JH01733,1
JH01734,1
JH01735,1
JH01736,1
JH01737,1
JH01738,1
JH01739,1
JH01740,1
JH01743,1
JH01744,1
JH01746,1
JH01747,1
JH01748,1
JH01749,1
JH01750,1
JH01751,1
JH01753,1
JH01754,1
JH01755,1
JH01756,1
JH01757,1
JH01758,1
JH01759,1
JH01760,1
JH01761,1
JH01762,1
JH01763,1
JH01764,1
JH01765,1
JH01766,1
JH01767,1
JH01768,1
JH01770,1
JH01771,1
JH01772,1
JH01777,1
JH01779,1
JH01783,1
JH01784,1
JH01785,1
JH01786,1
JH01787,1
JH01788,1
JH01789,1
JH01790,1
JH01795,1
JH01796,1
JH01798,1
JH01799,1
JH01800,1
JH01801,1
JH01803,1
JH01805,1
JH01806,1
JH01807,1
JH01809,1
JH01810,1
JH01816,1
JH01817,1
JH01818,1
JH01820,1
JH01821,1
JH01822,1
JH01825,1
JH01826,1
JH01827,1
JH01828,1
JH01829,1
JH01830,1
JH01831,1
JH01832,1
JH01833,1
JH01835,1
JH01836,1
JH01837,1
JH01838,1
JH01839,1
JH01840,1
JH01841,1
JH01842,1
JH01844,1
JH01846,1
JH01847,1
JH01853,1
JH01854,1
JH01855,1
JH01856,1
JH01857,1
JH01859,1
JH01860,1
JH01861,1
JH01862,1
JH01863,1
JH01864,1
JH01865,1
JH01866,1
JH01867,1
JH01868,1
JH01870,1
JH01875,1
JH01881,1
JH01882,1
JH01883,1
JH01884,1
JH01885,1
JH01887,1
JH01888,1
JH01890,1
JH01892,1
JH01893,1
JH01894,1
JH01895,1
JH01908,1
JH01909,1
JH01910,1
JH01911,1
JH01912,1
JH01914,1
JH01916,1
JH01917,1
JH01918,1
JH01919,1
JH01921,1
JH01923,1
JH01924,1
JH01925,1
JH01926,1
JH01927,1
JH01928,1
JH01929,1
JH01931,1
JH01932,1
JH01934,1
JH01935,1
JH01936,1
JH01939,1
JH01940,1
JH01945,1
JH01946,1
JH01953,1
JH01954,1
JH01955,1
JH01956,1
JH01960,1
JH01961,1
JH01962,1
JH01964,1
JH01966,1
JH01968,1
JH01969,1
JH01971,1
JH01972,1
JH01973,1
JH01975,1
JH01980,1
JH01984,1
JH01986,1
JH01987,1
JH01990,1
JH01991,1
JH01992,1
JH01993,1
JH01994,1
JH01997,1
JH01998,1
JH01999,1
JH02000,1
JH02001,1
JH02003,1
JH02004,1
JH02005,1
JH02023,1
JH02024,1
JH02025,1
JH02026,1
JH02027,1
JH02028,1
JH02029,1
JH02030,1
JH02031,1
JH02033,1
JH02036,1
JH02040,1
JH02041,1
JH02050,1
JH02051,1
JH02052,1
JH02053,1
JH02054,1
JH02055,1
JH02056,1
JH02059,1
JH02061,1
JH02062,1
JH02064,1
JH02065,1
JH02072,1
JH02075,1
JH02076,1
JH02077,1
JH02079,1
JH02080,1
JH02082,1
JH02084,1
JH02085,1
JH02086,1
JH02090,1
JH02091,1
JH02092,1
JH02093,1
JH02095,1
JH02096,1
JH02099,1
JH02100,1
JH02101,1
JH02103,1
JH02105,1
JH02107,1
JH02110,1
JH02111,1
JH02112,1
JH02113,1
JH02115,1
JH02116,1
JH02123,1
JH02131,1
JH02132,1
JH02133,1
JH02134,1
JH02136,1
JH02145,1
JH02146,1
JH02147,1
JH02148,1
JH02149,1
JH02153,1
JH02161,1
JH02164,1
JH02166,1
JH02167,1
JH02168,1
JH02169,1
JH02171,1
JH02172,1
JH02173,1
JH02174,1
JH02175,1
JH02176,1
JH02177,1
JH02178,1
JH02179,1
JH02180,1
JH02186,1
JH02193,1
JH02196,1
JH02197,1
JH02198,1
JH02200,1
JH02201,1
JH02206,1
JH02212,1
JH02219,1
JH02220,1
JH02221,1
JH02222,1
JH02223,1
JH02225,1
JH02228,1
JH02235,1
JH02258,1
JH02261,1
JH02262,1
JH02263,1
JH02264,1
JH02266,1
JH02274,1
JH02275,1
JH02276,1
JH02280,1
JH02281,1
JH02282,1
JH02292,1
JH02295,1
JH02298,1
JH02300,1
JH02302,1
JH02303,1
JH02306,1
JH02307,1
JH02308,1
JH02309,1
JH02311,1
JH02313,1
JH02314,1
JH02320,1
JH02321,1
JH02322,1
JH02324,1
JH02325,1
JH02338,1
JH02339,1
JH02340,1
JH02344,1
JH02345,1
JH02357,1
JH02386,1
JH02396,1
JH02401,1
JH02403,1
JH02407,1
JH02414,1
JH02431,1
JH02432,1
JH02457,1
JH02477,1
JH02481,1
JH02482,1
JH02485,1
JH02486,1
JH02490,1
JH02536,1
JH02537,1
JH02542,1
JH02544,1
JK00003,1
JK00004,1
JK00006,1
JK00007,1
JK00009,1
JK00014,1
JK00015,1
JK00016,1
JK00023,1
JK00024,1
JK00025,1
JK00026,1
JK00028,1
JK00029,1
JK00030,1
JK00031,1
JK00032,1
JK00034,1
JK00037,1
JK00038,1
JK00040,1
JK00042,1
JK00049,1
JK00050,1
JK00051,1
JK00056,1
JK00057,1
JK00058,1
JK00059,1
JK00063,1
JK00065,1
JK00068,1
JK00071,1
JK00078,1
JK00084,1
JK00086,1
JK00091,1
JK00092,1
JK00095,1
JK00096,1
JK00098,1
JK00100,1
JK00101,1
JK00102,1
JK00105,1
JK00107,1
JK00114,1
JK00117,1
JK00118,1
JK00127,1
JK00129,1
JK00130,1
JK00132,1
JK00134,1
JK00136,1
JK00138,1
JK00143,1
JK00144,1
JK00145,1
JK00146,1
JK00150,1
JK00154,1
JK00157,1
JK00159,1
JK00160,1
JK00161,1
JK00164,1
JK00166,1
JK00169,1
JK00170,1
JK00172,1
JK00175,1
JK00177,1
JK00179,1
JK00182,1
JK00183,1
JK00185,1
JK00186,1
JK00188,1
JK00189,1
JK00190,1
JK00191,1
JK00193,1
JK00194,1
JK00196,1
JK00197,1
JK00198,1
JK00199,1
JK00200,1
JK00202,1
JK00203,1
JK00205,1
JK00206,1
JK00207,1
JK00209,1
JK00210,1
JK00211,1
JK00212,1
JK00213,1
JK00214,1
JK00216,1
JK00217,1
JK00218,1
JK00220,1
JK00228,1
JK00233,1
JK00234,1
JK00235,1
JK00236,1
JK00239,1
JK00246,1
JK00250,1
JK00251,1
JK00252,1
JK00253,1
JK00259,1
JK00262,1
JK00265,1
JK00266,1
JK00270,1
JK00271,1
JK00272,1
JK00273,1
JK00274,1
JK00276,1
JK00278,1
JK00279,1
JK00284,1
JK00287,1
JK00288,1
JK00290,1
JK00292,1
JK00295,1
JK00296,1
JK00297,1
JK00298,1
JK00300,1
JK00301,1
JK00302,1
JK00309,1
JK00312,1
JK00314,1
JK00315,1
JK00316,1
JK00321,1
JK00322,1
JK00323,1
JK00325,1
JK00328,1
JK00334,1
JK00335,1
JK00336,1
JK00337,1
JK00339,1
JK00345,1
JK00346,1
JK00353,1
JK00355,1
JK00359,1
JK00361,1
JK00363,1
JK00364,1
JK00365,1
JK00366,1
JK00367,1
JK00368,1
JK00369,1
JK00371,1
JK00375,1
JK00376,1
JK00378,1
JK00379,1
JK00380,1
JK00381,1
JK00382,1
JK00383,1
JK00384,1
JK00385,1
JK00386,1
JK00388,1
JK00390,1
JK00391,1
JK00392,1
JK00393,1
JK00394,1
JK00398,1
JK00399,1
JK00400,1
JK00401,1
JK00402,1
JK00404,1
JK00405,1
JK00406,1
JK00410,1
JK00411,1
JK00417,1
JK00418,1
JK00419,1
JK00422,1
JK00424,1
JK00425,1
JK00430,1
JK00432,1
JK00436,1
JK00442,1
JK00443,1
JK00448,1
JK00449,1
JK00450,1
JK00451,1
JK00452,1
JK00455,1
JK00460,1
JK00461,1
JK00465,1
JK00468,1
JK00471,1
JK00472,1
JK00475,1
JK00478,1
JK00479,1
JK00480,1
JK00482,1
JK00483,1
JK00485,1
JK00486,1
JK00487,1
JK00488,1
JK00489,1
JK00492,1
JK00494,1
JK00495,1
JK00496,1
JK00497,1
JK00498,1
JK00499,1
JK00501,1
JK00502,1
JK00503,1
JK00504,1
JK00505,1
JK00507,1
JK00508,1
JK00510,1
JK00511,1
JK00512,1
JK00515,1
JK00521,1
JK00522,1
JK00523,1
JK00524,1
JK00525,1
JK00526,1
JK00527,1
JK00528,1
JK00529,1
JK00531,1
JK00532,1
JK00534,1
JK00535,1
JK00536,1
JK00537,1
JK00538,1
JK00540,1
JK00541,1
JK00543,1
JK00552,1
JK00554,1
JK00556,1
JK00557,1
JK00561,1
JK00562,1
JK00564,1
JK00566,1
JK00567,1
JK00569,1
JK00573,1
JK00580,1
JK00581,1
JK00582,1
JK00585,1
JK00586,1
JK00589,1
JK00594,1
JK00595,1
JK00596,1
JK00597,1
JK00598,1
JK00604,1
JK00608,1
JK00610,1
JK00612,1
JK00613,1
JK00618,1
JK00619,1
JK00620,1
JK00622,1
JK00624,1
JK00626,1
JK00627,1
JK00628,1
JK00629,1
JK00630,1
JK00631,1
JK00632,1
JK00634,1
JK00635,1
JK00636,1
JK00637,1
JK00640,1
JK00641,1
JK00643,1
JK00644,1
JK00645,1
JK00646,1
JK00647,1
JK00648,1
JK00649,1
JK00650,1
JK00652,1
JK00653,1
JK00654,1
JK00655,1
JK00657,1
JK00658,1
JK00659,1
JK00660,1
JK00662,1
JK00663,1
JK00665,1
JK00668,1
JK00671,1
JK00674,1
JK00677,1
JK00680,1
JK00682,1
JK00684,1
JK00688,1
JK00689,1
JK00693,1
JK00694,1
JK00697,1
JK00698,1
JK00700,1
JK00701,1
JK00702,1
JK00703,1
JK00705,1
JK00708,1
JK00711,1
JK00712,1
JK00717,1
JK00719,1
JK00720,1
JK00721,1
JK00725,1
JK00726,1
JK00728,1
JK00729,1
JK00731,1
JK00733,1
JK00735,1
JK00736,1
JK00737,1
JK00740,1
JK00741,1
JK00742,1
JK00745,1
JK00746,1
JK00747,1
JK00748,1
JK00749,1
JK00750,1
JK00752,1
JK00753,1
JK00754,1
JK00755,1
JK00756,1
JK00757,1
JK00765,1
JK00768,1
JK00769,1
JK00772,1
JK00773,1
JK00778,1
JK00779,1
JK00781,1
JK00782,1
JK00783,1
JK00786,1
JK00787,1
JK00789,1
JK00791,1
JK00792,1
JK00793,1
JK00794,1
JK00795,1
JK00797,1
JK00802,1
JK00804,1
JK00805,1
JK00806,1
JK00809,1
JK00810,1
JK00811,1
JK00814,1
JK00815,1
JK00817,1
JK00818,1
JK00819,1
JK00821,1
JK00822,1
JK00823,1
JK00825,1
JK00827,1
JK00829,1
JK00831,1
JK00832,1
JK00836,1
JK00837,1
JK00838,1
JK00842,1
JK00846,1
JK00848,1
JK00849,1
JK00852,1
JK00854,1
JK00858,1
JK00859,1
JK00861,1
JK00863,1
JK00864,1
JK00865,1
JK00867,1
JK00868,1
JK00869,1
JK00870,1
JK00871,1
JK00872,1
JK00876,1
JK00878,1
JK00879,1
JK00880,1
JK00881,1
JK00882,1
JK00883,1
JK00884,1
JK00886,1
JK00887,1
JK00889,1
JK00894,1
JK00896,1
JK00898,1
JK00900,1
JK00902,1
JK00903,1
JK00904,1
JK00905,1
JK00908,1
JK00909,1
JK00911,1
JK00912,1
JK00914,1
JK00916,1
JK00918,1
JK00919,1
JK00922,1
JK00924,1
JK00926,1
JK00927,1
JK00931,1
JK00933,1
JK00935,1
JK00937,1
JK00939,1
JK00940,1
JK00941,1
JK00944,1
JK00946,1
JK00949,1
JK00950,1
JK00953,1
JK00955,1
JK00956,1
JK00958,1
JK00960,1
JK00962,1
JK00964,1
JK00966,1
JK00968,1
JK00969,1
JK00970,1
JK00973,1
JK00976,1
JK00980,1
JK00988,1
JK00989,1
JK00992,1
JK00993,1
JK00995,1
JK00996,1
JK00997,1
JK00998,1
JK00999,1
JK01000,1
JK01001,1
JK01002,1
JK01003,1
JK01005,1
JK01006,1
JK01007,1
JK01011,1
JK01013,1
JK01014,1
JK01016,1
JK01017,1
JK01018,1
JK01021,1
JK01022,1
JK01024,1
JK01027,1
JK01028,1
JK01029,1
JK01034,1
JK01035,1
JK01040,1
JK01041,1
JK01042,1
JK01043,1
JK01044,1
JK01045,1
JK01047,1
JK01048,1
JK01049,1
JK01052,1
JK01053,1
JK01056,1
JK01060,1
JK01061,1
JK01063,1
JK01064,1
JK01066,1
JK01067,1
JK01068,1
JK01069,1
JK01070,1
JK01071,1
JK01074,1
JK01075,1
JK01076,1
JK01080,1
JK01081,1
JK01082,1
JK01084,1
JK01085,1
JK01086,1
JK01087,1
JK01089,1
JK01092,1
JK01094,1
JK01098,1
JK01100,1
JK01102,1
JK01104,1
JK01106,1
JK01107,1
JK01108,1
JK01109,1
JK01111,1
JK01112,1
JK01113,1
JK01116,1
JK01119,1
JK01120,1
JK01121,1
JK01124,1
JK01127,1
JK01128,1
JK01129,1
JK01130,1
JK01131,1
JK01133,1
JK01134,1
JK01135,1
JK01136,1
JK01137,1
JK01138,1
JK01139,1
JK01140,1
JK01142,1
JK01143,1
JK01145,1
JK01146,1
JK01147,1
JK01149,1
JK01150,1
JK01151,1
JK01152,1
JK01154,1
JK01160,1
JK01162,1
JK01164,1
JK01167,1
JK01168,1
JK01170,1
JK01173,1
JK01174,1
JK01175,1
JK01179,1
JK01180,1
JK01183,1
JK01185,1
JK01186,1
JK01188,1
JK01189,1
JK01190,1
JK01195,1
JK01196,1
JK01197,1
JK01198,1
JK01199,1
JK01200,1
JK01201,1
JK01203,1
JK01204,1
JK01205,1
JK01206,1
JK01208,1
JK01209,1
JK01210,1
JK01213,1
JK01216,1
JK01218,1
JK01222,1
JK01223,1
JK01225,1
JK01226,1
JK01227,1
JK01230,1
JK01231,1
JK01232,1
JK01234,1
JK01239,1
JK01241,1
JK01242,1
JK01244,1
JK01246,1
JK01247,1
JK01251,1
JK01252,1
JK01253,1
JK01255,1
JK01257,1
JK01260,1
JK01262,1
JK01264,1
JK01266,1
JK01267,1
JK01270,1
JK01271,1
JK01272,1
JK01273,1
JK01274,1
JK01278,1
JK01280,1
JK01282,1
JK01284,1
JK01286,1
JK01290,1
JK01292,1
JK01293,1
JK01295,1
JK01297,1
JK01301,1
JK01303,1
JK01304,1
JK01305,1
JK01307,1
JK01308,1
JK01309,1
JK01311,1
JK01314,1
JK01316,1
JK01320,1
JK01322,1
JK01323,1
JK01326,1
JK01329,1
JK01332,1
JK01333,1
JK01334,1
JK01335,1
JK01336,1
JK01337,1
JK01338,1
JK01340,1
JK01341,1
JK01342,1
JK01343,1
JK01344,1
JK01347,1
JK01350,1
JK01351,1
JK01354,1
JK01356,1
JK01358,1
JK01359,1
JK01361,1
JK01365,1
JK01366,1
JK01367,1
JK01368,1
JK01369,1
JK01372,1
JK01375,1
JK01376,1
JK01378,1
JK01379,1
JK01381,1
JK01382,1
JK01383,1
JK01384,1
JK01386,1
JK01387,1
JK01389,1
JK01390,1
JK01391,1
JK01392,1
JK01393,1
JK01394,1
JK01395,1
JK01396,1
JK01397,1
JK01398,1
JK01399,1
JK01400,1
JK01402,1
JK01403,1
JK01404,1
JK01405,1
JK01406,1
JK01407,1
JK01408,1
JK01409,1
JK01410,1
JK01412,1
JK01413,1
JK01414,1
JK01416,1
JK01418,1
JK01419,1
JK01421,1
JK01423,1
JK01427,1
JK01428,1
JK01430,1
JK01431,1
JK01433,1
JK01436,1
JK01437,1
JK01439,1
JK01442,1
JK01446,1
JK01447,1
JK01450,1
JK01453,1
JK01454,1
JK01456,1
JK01463,1
JK01467,1
JK01468,1
JK01469,1
JK01473,1
JK01475,1
JK01477,1
JK01479,1
JK01480,1
JK01481,1
JK01482,1
JK01484,1
JK01485,1
JK01488,1
JK01489,1
JK01490,1
JK01492,1
JK01494,1
JK01497,1
JK01498,1
JK01499,1
JK01506,1
JK01509,1
JK01512,1
JK01513,1
JK01518,1
JK01521,1
JK01522,1
JK01528,1
JK01529,1
JK01530,1
JK01532,1
JK01535,1
JK01536,1
JK01537,1
JK01538,1
JK01539,1
JK01540,1
JK01542,1
JK01543,1
JK01546,1
JK01547,1
JK01549,1
JK01550,1
JK01554,1
JK01555,1
JK01557,1
JK01558,1
JK01559,1
JK01561,1
JK01563,1
JK01567,1
JK01569,1
JK01570,1
JK01572,1
JK01574,1
JK01576,1
JK01577,1
JK01578,1
JK01579,1
JK01581,1
JK01584,1
JK01585,1
JK01586,1
JK01588,1
JK01590,1
JK01591,1
JK01593,1
JK01594,1
JK01595,1
JK01596,1
JK01597,1
JK01598,1
JK01603,1
JK01604,1
JK01605,1
JK01606,1
JK01608,1
JK01609,1
JK01610,1
JK01613,1
JK01614,1
JK01615,1
JK01616,1
JK01617,1
JK01621,1
JK01623,1
JK01624,1
JK01625,1
JK01627,1
JK01628,1
JK01632,1
JK01640,1
JK01641,1
JK01642,1
JK01643,1
JK01645,1
JK01646,1
JK01647,1
JK01648,1
JK01649,1
JK01650,1
JK01651,1
JK01652,1
JK01654,1
JK01658,1
JK01659,1
JK01661,1
JK01662,1
JK01663,1
JK01664,1
JK01666,1
JK01667,1
JK01668,1
JK01669,1
JK01674,1
JK01675,1
JK01676,1
JK01677,1
JK01678,1
JK01680,1
JK01681,1
JK01688,1
JK01689,1
JK01693,1
JK01694,1
JK01695,1
JK01697,1
JK01698,1
JK01699,1
JK01702,1
JK01704,1
JK01705,1
JK01706,1
JK01707,1
JK01710,1
JK01713,1
JK01714,1
JK01716,1
JK01717,1
JK01718,1
JK01719,1
JK01721,1
JK01722,1
JK01725,1
JK01726,1
JK01729,1
JK01731,1
JK01732,1
JK01736,1
JK01739,1
JK01740,1
JK01741,1
JK01742,1
JK01744,1
JK01748,1
JK01749,1
JK01750,1
JK01754,1
JK01755,1
JK01757,1
JK01760,1
JK01761,1
JK01762,1
JK01764,1
JK01766,1
JK01769,1
JK01770,1
JK01772,1
JK01773,1
JK01774,1
JK01776,1
JK01777,1
JK01778,1
JK01779,1
JK01780,1
JK01782,1
JK01783,1
JK01785,1
JK01786,1
JK01787,1
JK01788,1
JK01789,1
JK01790,1
JK01791,1
JK01793,1
JK01795,1
JK01796,1
JK01797,1
JK01798,1
JK01799,1
JK01802,1
JK01803,1
JK01804,1
JK01805,1
JK01806,1
JK01807,1
JK01810,1
JK01812,1
JK01813,1
JK01815,1
JK01816,1
JK01817,1
JK01819,1
JK01820,1
JK01821,1
JK01822,1
JK01823,1
JK01824,1
JK01825,1
JK01826,1
JK01828,1
JK01837,1
JK01842,1
JK01843,1
JK01845,1
JK01853,1
JK01859,1
JK01861,1
JK01862,1
JK01865,1
JK01867,1
JK01868,1
JK01869,1
JK01870,1
JK01871,1
JK01872,1
JK01874,1
JK01875,1
JK01876,1
JK01877,1
JK01878,1
JK01879,1
JK01880,1
JK01881,1
JK01882,1
JK01887,1
JK01889,1
JK01891,1
JK01894,1
JK01897,1
JK01899,1
JK01903,1
JK01905,1
JK01906,1
JK01909,1
JK01911,1
JK01912,1
JK01913,1
JK01918,1
JK01919,1
JK01920,1
JK01921,1
JK01922,1
JK01924,1
JK01927,1
JK01928,1
JK01929,1
JK01930,1
JK01931,1
JK01932,1
JK01934,1
JK01935,1
JK01936,1
JK01943,1
JK01944,1
JK01945,1
JK01946,1
JK01947,1
JK01948,1
JK01949,1
JK01950,1
JK01951,1
JK01952,1
JK01956,1
JK01957,1
JK01962,1
JK01963,1
JK01965,1
JK01970,1
JK01971,1
JK01972,1
JK01977,1
JK01980,1
JK01982,1
JK01983,1
JK01984,1
JK01986,1
JK01987,1
JK01989,1
JK01990,1
JK01993,1
JK01994,1
JK01996,1
JK02001,1
JK02003,1
JK02005,1
JK02006,1
JK02007,1
JK02009,1
JK02010,1
JK02011,1
JK02018,1
JK02021,1
JK02022,1
JK02023,1
JK02024,1
JK02027,1
JK02032,1
JK02034,1
JK02035,1
JK02040,1
JK02041,1
JK02043,1
JK02044,1
JK02047,1
JK02048,1
JK02050,1
JK02053,1
JK02055,1
JK02056,1
JK02060,1
JK02061,1
JK02062,1
JK02063,1
JK02066,1
JK02067,1
JK02069,1
JK02070,1
JK02071,1
JK02072,1
JK02073,1
JK02075,1
JK02077,1
JK02079,1
JK02080,1
JK02081,1
JK02082,1
JK02083,1
JK02085,1
JK02087,1
JK02089,1
JK02091,1
JK02092,1
JK02093,1
JK02100,1
JK02101,1
JK02102,1
JK02104,1
JK02105,1
JK02106,1
JK02107,1
JK02109,1
JK02110,1
JK02111,1
JK02112,1
JK02114,1
JK02115,1
JK02116,1
JK02117,1
JK02118,1
JK02119,1
JK02120,1
JK02122,1
JK02123,1
JK02124,1
JK02126,1
JK02127,1
JK02128,1
JK02130,1
JK02131,1
JK02132,1
JK02135,1
JK02136,1
JK02137,1
JK02138,1
JK02139,1
JK02140,1
JK02143,1
JK02146,1
JK02148,1
JK02149,1
JK02153,1
JK02157,1
JK02160,1
JK02161,1
JK02167,1
JK02172,1
JK02173,1
JK02174,1
JK02181,1
JK02185,1
JK02186,1
JK02188,1
JK02191,1
JK02192,1
JK02193,1
JK02194,1
JK02198,1
JK02199,1
JK02201,1
JK02203,1
JK02204,1
JK02205,1
JK02206,1
JK02207,1
JK02210,1
JK02211,1
JK02213,1
JK02214,1
JK02216,1
JK02217,1
JK02223,1
JK02225,1
JK02227,1
JK02228,1
JK02229,1
JK02230,1
JK02233,1
JK02234,1
JK02235,1
JK02236,1
JK02237,1
JK02241,1
JK02243,1
JK02244,1
JK02245,1
JK02246,1
JK02247,1
JK02248,1
JK02249,1
JK02250,1
JK02251,1
JK02252,1
JK02253,1
JK02255,1
JK02256,1
JK02257,1
JK02262,1
JK02263,1
JK02264,1
JK02266,1
JK02271,1
JK02272,1
JK02274,1
JK02275,1
JK02276,1
JK02278,1
JK02279,1
JK02283,1
JK02284,1
JK02288,1
JK02291,1
JK02292,1
JK02293,1
JK02294,1
JK02295,1
JK02297,1
JK02299,1
JK02300,1
JK02301,1
JK02303,1
JK02304,1
JK02305,1
JK02306,1
JK02307,1
JK02309,1
JK02314,1
JK02315,1
JK02319,1
JK02321,1
JK02323,1
JK02326,1
JK02330,1
JK02331,1
JK02334,1
JK02335,1
JK02336,1
JK02337,1
JK02338,1
JK02339,1
JK02340,1
JK02344,1
JK02345,1
JK02346,1
JK02347,1
JK02350,1
JK02352,1
JK02354,1
JK02357,1
JK02358,1
JK02360,1
JK02361,1
JK02362,1
JK02364,1
JK02365,1
JK02366,1
JK02367,1
JK02369,1
JK02371,1
JK02372,1
JK02373,1
JK02374,1
JK02375,1
JK02377,1
JK02378,1
JK02379,1
JK02380,1
JK02381,1
JK02382,1
JK02383,1
JK02384,1
JK02386,1
JK02387,1
JK02388,1
JK02391,1
JK02392,1
JK02393,1
JK02394,1
JK02395,1
JK02396,1
JK02397,1
JK02398,1
JK02399,1
JK02400,1
JK02401,1
JK02403,1
JK02404,1
JK02405,1
JK02406,1
JK02410,1
JK02411,1
JK02415,1
JK02416,1
JK02417,1
JK02418,1
JK02419,1
JK02421,1
JK02422,1
JK02425,1
JK02426,1
JK02427,1
JK02431,1
JK02433,1
JK02434,1
JK02438,1
JK02440,1
JK02441,1
JK02444,1
JK02445,1
JK02448,1
JK02451,1
JK02452,1
JK02453,1
JK02454,1
JK02455,1
JK02457,1
JK02458,1
JK02459,1
JK02460,1
JK02461,1
JK02463,1
JK02464,1
JK02465,1
JK02467,1
JK02468,1
JK02472,1
JK02473,1
JK02475,1
JK02476,1
JK02477,1
JK02482,1
JK02483,1
JK02484,1
JK02485,1
JK02486,1
JK02489,1
JK02491,1
JK02492,1
JK02499,1
JK02500,1
JK02501,1
JK02503,1
JK02506,1
JK02508,1
JK02509,1
JK02515,1
JK02522,1
JK02523,1
JK02524,1
JK02525,1
JK02526,1
JK02528,1
JK02529,1
JK02534,1
JK02537,1
JK02541,1
JK02551,1
JK02552,1
JK02554,1
JK02555,1
JK02556,1
JK02558,1
JK02559,1
JK02563,1
JK02568,1
JK02575,1
JK02577,1
JK02579,1
JK02580,1
JK02585,1
JK02587,1
JK02596,1
JK02599,1
JK02602,1
JK02604,1
JK02606,1
JK02608,1
JK02611,1
JK02612,1
JK02615,1
JK02618,1
JK02619,1
JK02620,1
JK02621,1
JK02622,1
JK02623,1
JK02624,1
JK02626,1
JK02627,1
JK02628,1
JK02632,1
JK02633,1
JK02635,1
JK02637,1
JK02638,1
JK02639,1
JK02640,1
JK02641,1
JK02642,1
JK02645,1
JK02647,1
JK02648,1
JK02654,1
JK02657,1
JK02659,1
JK02661,1
JK02662,1
JK02664,1
JK02665,1
JK02671,1
JK02674,1
JK02679,1
JK02680,1
JK02685,1
JK02686,1
JK02687,1
JK02689,1
JK02690,1
JK02691,1
JK02692,1
JK02693,1
JK02694,1
JK02697,1
JK02698,1
JK02703,1
JK02706,1
JK02707,1
JK02709,1
JK02711,1
JK02712,1
JK02713,1
JK02714,1
JK02717,1
JK02719,1
JK02752,1
JK02753,1
JK02755,1
JK02756,1
JK02757,1
JK02762,1
JK02766,1
JK02767,1
JK02768,1
JK02771,1
JK02777,1
JK02778,1
JK02780,1
JK02785,1
JK02790,1
JK02792,1
JK02797,1
JK02799,1
JK02801,1
JK02803,1
JK02806,1
JK02807,1
JK02812,1
JK02816,1
JK02817,1
JK02818,1
JK02819,1
JK02822,1
JK02823,1
JK02824,1
JK02825,1
JK02826,1
JK02827,1
JK02829,1
JK02831,1
JK02832,1
JK02834,1
JK02835,1
JK02836,1
JK02838,1
JK02841,1
JK02842,1
JK02843,1
JK02845,1
JK02847,1
JK02848,1
JK02849,1
JK02853,1
JK02859,1
JK02860,1
JK02862,1
JK02863,1
JK02864,1
JK02866,1
JK02867,1
JK02869,1
JK02871,1
JK02872,1
JK02873,1
JK02874,1
JK02876,1
JK02877,1
JK02881,1
JK02883,1
JK02885,1
JK02886,1
JK02889,1
JK02890,1
JK02892,1
JK02893,1
JK02895,1
JK02896,1
JK02897,1
JK02899,1
JK02900,1
JK02901,1
JK02902,1
JK02904,1
JK02905,1
JK02906,1
JK02907,1
JK02908,1
JK02910,1
JK02911,1
JK02914,1
JK02919,1
JK02928,1
JK02936,1
JK02940,1
JK02942,1
JK02943,1
JK02947,1
JK02950,1
JK02951,1
JK02956,1
JK02957,1
JK02958,1
JK02960,1
JK02962,1
JK02965,1
JK02966,1
JK02967,1
JK02970,1
JK02971,1
JK02972,1
JK02973,1
JK02974,1
JK02977,1
JK02980,1
JK02982,1
JK02983,1
JK02984,1
JK02988,1
JK02991,1
JK02992,1
JK02994,1
JK02996,1
JK02998,1
JK02999,1
JK03000,1
JK03001,1
JK03002,1
JK03005,1
JK03010,1
JK03011,1
JK03014,1
JK03015,1
JK03016,1
JK03017,1
JK03018,1
JK03024,1
JK03026,1
JK03029,1
JK03032,1
JK03034,1
JK03035,1
JK03036,1
JK03037,1
JK03038,1
JK03039,1
JK03040,1
JK03041,1
JK03043,1
JK03044,1
JK03045,1
JK03046,1
JK03047,1
JK03048,1
JK03050,1
JK03051,1
JK03053,1
JK03057,1
JK03059,1
JK03060,1
JK03061,1
JK03064,1
JK03067,1
JK03068,1
JK03070,1
JK03072,1
JK03075,1
JK03076,1
JK03077,1
JK03078,1
JK03079,1
JK03080,1
JK03081,1
JK03082,1
JK03083,1
JK03084,1
JK03085,1
JK03086,1
JK03087,1
JK03088,1
JK03090,1
JK03093,1
JK03094,1
JK03096,1
JK03098,1
JK03099,1
JK03100,1
JK03101,1
JK03102,1
JK03103,1
JK03106,1
JK03107,1
JK03108,1
JK03109,1
JK03110,1
JK03111,1
JK03113,1
JK03114,1
JK03115,1
JK03116,1
JK03118,1
JK03123,1
JK03124,1
JK03127,1
JK03131,1
JK03134,1
JK03136,1
JK03137,1
JK03141,1
JK03142,1
JK03160,1
JK03161,1
JK03162,1
JK03163,1
JK03164,1
JK03167,1
JK03168,1
JK03171,1
JK03172,1
JK03173,1
JK03176,1
JK03178,1
JK03179,1
JK03182,1
JK03184,1
JK03185,1
JK03186,1
JK03188,1
JK03189,1
JK03193,1
JK03196,1
JK03198,1
JK03199,1
JK03200,1
JK03201,1
JK03202,1
JK03204,1
JK03206,1
JK03209,1
JK03210,1
JK03212,1
JK03215,1
JK03216,1
JK03217,1
JK03219,1
JK03222,1
JK03225,1
JK03226,1
JK03228,1
JK03237,1
JK03239,1
JK03241,1
JK03242,1
JK03244,1
JK03249,1
JK03258,1
JK03260,1
JK03261,1
JK03262,1
JK03265,1
JK03268,1
JK03269,1
JK03272,1
JK03273,1
JK03274,1
JK03275,1
JK03276,1
JK03277,1
JK03280,1
JK03281,1
JK03282,1
JK03284,1
JK03285,1
JK03286,1
JK03287,1
JK03288,1
JK03289,1
JK03290,1
JK03291,1
JK03292,1
JK03295,1
JK03296,1
JK03297,1
JK03298,1
JK03303,1
JK03304,1
JK03306,1
JK03308,1
JK03309,1
JK03310,1
JK03311,1
JK03312,1
JK03315,1
JK03316,1
JK03317,1
JK03318,1
JK03319,1
JK03321,1
JK03323,1
JK03324,1
JK03325,1
JK03326,1
JK03328,1
JK03330,1
JK03331,1
JK03333,1
JK03334,1
JK03336,1
JK03337,1
JK03338,1
JK03339,1
JK03340,1
JK03342,1
JK03343,1
JK03345,1
JK03347,1
JK03348,1
JK03351,1
JK03358,1
JK03359,1
JK03360,1
JK03362,1
JK03363,1
JK03364,1
JK03365,1
JK03366,1
JK03367,1
JK03368,1
JK03369,1
JK03370,1
JK03371,1
JK03373,1
JK03374,1
JK03375,1
JK03376,1
JK03378,1
JK03379,1
JK03382,1
JK03383,1
JK03384,1
JK03385,1
JK03386,1
JK03387,1
JK03388,1
JK03390,1
JK03391,1
JK03392,1
JK03393,1
JK03394,1
JK03398,1
JK03399,1
JK03400,1
JK03401,1
JK03402,1
JK03403,1
JK03405,1
JK03406,1
JK03408,1
JK03409,1
JK03410,1
JK03411,1
JK03412,1
JK03414,1
JK03415,1
JK03424,1
JK03428,1
JK03430,1
JK03431,1
JK03432,1
JK03433,1
JK03434,1
JK03435,1
JK03438,1
JK03439,1
JK03440,1
JK03441,1
JK03444,1
JK03445,1
JK03450,1
JK03451,1
JK03452,1
JK03454,1
JK03455,1
JK03456,1
JK03458,1
JK03459,1
JK03460,1
JK03461,1
JK03462,1
JK03463,1
JK03464,1
JK03465,1
JK03466,1
JK03468,1
JK03470,1
JK03471,1
JK03473,1
JK03476,1
JK03477,1
JK03480,1
JK03482,1
JK03484,1
JK03486,1
JK03487,1
JK03489,1
JK03491,1
JK03493,1
JK03494,1
JK03495,1
JK03497,1
JK03498,1
JK03500,1
JK03501,1
JK03505,1
JK03506,1
JK03507,1
JK03508,1
JK03509,1
JK03510,1
JK03513,1
JK03514,1
JK03515,1
JK03517,1
JK03518,1
JK03520,1
JK03523,1
JK03524,1
JK03525,1
JK03526,1
JK03527,1
JK03528,1
JK03529,1
JK03531,1
JK03532,1
JK03535,1
JK03539,1
JK03540,1
JK03541,1
JK03542,1
JK03544,1
JK03547,1
JK03550,1
JK03551,1
JK03552,1
JK03553,1
JK03554,1
JK03555,1
JK03557,1
JK03558,1
JK03559,1
JK03560,1
JK03561,1
JK03564,1
JK03568,1
JK03569,1
JK03570,1
JK03572,1
JK03576,1
JK03578,1
JK03581,1
JK03584,1
JK03585,1
JK03587,1
JK03589,1
JK03590,1
JK03591,1
JK03592,1
JK03593,1
JK03595,1
JK03597,1
JK03598,1
JK03599,1
JK03600,1
JK03603,1
JK03604,1
JK03605,1
JK03606,1
JK03607,1
JK03608,1
JK03612,1
JK03613,1
JK03617,1
JK03621,1
JK03622,1
JK03623,1
JK03627,1
JK03629,1
JK03631,1
JK03632,1
JK03634,1
JK03636,1
JK03639,1
JK03640,1
JK03641,1
JK03644,1
JK03645,1
JK03646,1
JK03650,1
JK03651,1
JK03652,1
JK03654,1
JK03656,1
JK03657,1
JK03658,1
JK03665,1
JK03667,1
JK03668,1
JK03672,1
JK03674,1
JK03675,1
JK03676,1
JK03677,1
JK03687,1
JK03690,1
JK03691,1
JK03692,1
JK03693,1
JK03694,1
JK03695,1
JK03696,1
JK03697,1
JK03698,1
JK03701,1
JK03704,1
JK03705,1
JK03706,1
JK03707,1
JK03708,1
JK03709,1
JK03710,1
JK03711,1
JK03712,1
JK03713,1
JK03714,1
JK03715,1
JK03717,1
JK03718,1
JK03720,1
JK03722,1
JK03727,1
JK03731,1
JK03732,1
JK03733,1
JK03735,1
JK03739,1
JK03741,1
JK03743,1
JK03744,1
JK03746,1
JK03748,1
JK03749,1
JK03752,1
JK03754,1
JK03757,1
JK03759,1
JK03762,1
JK03764,1
JK03765,1
JK03767,1
JK03778,1
JK03785,1
JK03794,1
JK03795,1
JK03800,1
JK03805,1
JK03806,1
JK03809,1
JK03810,1
JK03822,1
JK03823,1
JK03826,1
JK03836,1
JK03837,1
JK03840,1
JK03843,1
JK03844,1
JK03847,1
JK03848,1
JK03850,1
JK03851,1
JK03854,1
JK03855,1
JK03856,1
JK03858,1
JK03859,1
JK03860,1
JK03861,1
JK03862,1
JK03863,1
JK03864,1
JK03866,1
JK03869,1
JK03872,1
JK03876,1
JK03879,1
JK03882,1
JK03883,1
JK03885,1
JK03896,1
JK03897,1
JK03898,1
JK03900,1
JK03901,1
JK03905,1
JK03906,1
JK03909,1
JK03910,1
JK03911,1
JK03912,1
JK03913,1
JK03914,1
JK03915,1
JK03916,1
JK03917,1
JK03918,1
JK03921,1
JK03923,1
JK03928,1
JK03930,1
JK03932,1
JK03933,1
JK03934,1
JK03938,1
JK03941,1
JK03942,1
JK03945,1
JK03946,1
JK03947,1
JK03948,1
JK03949,1
JK03950,1
JK03951,1
JK03953,1
JK03955,1
JK03956,1
JK03957,1
JK03958,1
JK03959,1
JK03960,1
JK03961,1
JK03964,1
JK03965,1
JK03966,1
JK03971,1
JK03972,1
JK03973,1
JK03977,1
JK03979,1
JK03980,1
JK03981,1
JK03982,1
JK03985,1
JK03986,1
JK03987,1
JK03988,1
JK03991,1
JK03993,1
JK03994,1
JK03997,1
JK03998,1
JK03999,1
JK04000,1
JK04001,1
JK04002,1
JK04004,1
JK04006,1
JK04007,1
JK04008,1
JK04009,1
JK04010,1
JK04012,1
JK04014,1
JK04015,1
JK04018,1
JK04019,1
JK04020,1
JK04022,1
JK04023,1
JK04026,1
JK04027,1
JK04028,1
JK04029,1
JK04031,1
JK04033,1
JK04034,1
JK04035,1
JK04036,1
JK04037,1
JK04039,1
JK04040,1
JK04042,1
JK04044,1
JK04045,1
JK04046,1
JK04051,1
JK04053,1
JK04054,1
JK04055,1
JK04056,1
JK04057,1
JK04058,1
JK04059,1
JK04060,1
JK04061,1
JK04062,1
JK04063,1
JK04066,1
JK04067,1
JK04077,1
JK04081,1
JK04082,1
JK04084,1
JK04085,1
JK04087,1
JK04088,1
JK04089,1
JK04090,1
JK04091,1
JK04093,1
JK04094,1
JK04096,1
JK04097,1
JK04098,1
JK04100,1
JK04103,1
JK04111,1
JK04112,1
JK04113,1
JK04114,1
JK04115,1
JK04116,1
JK04119,1
JK04121,1
JK04124,1
JK04125,1
JK04127,1
JK04128,1
JK04130,1
JK04131,1
JK04133,1
JK04137,1
JK04149,1
JK04163,1
JK04164,1
JK04167,1
JK04169,1
JK04170,1
JK04174,1
JK04177,1
JK04178,1
JK04180,1
JK04181,1
JK04182,1
JK04185,1
JK04186,1
JK04190,1
JK04194,1
JK04195,1
JK04196,1
JK04200,1
JK04201,1
JK04203,1
JK04207,1
JK04208,1
JK04209,1
JK04210,1
JK04211,1
JK04212,1
JK04213,1
JK04214,1
JK04215,1
JK04216,1
JK04217,1
JK04218,1
JK04219,1
JK04221,1
JK04222,1
JK04223,1
JK04224,1
JK04225,1
JK04228,1
JK04230,1
JK04232,1
JK04234,1
JK04235,1
JK04236,1
JK04237,1
JK04238,1
JK04239,1
JK04241,1
JK04242,1
JK04243,1
JK04244,1
JK04249,1
JK04250,1
JK04251,1
JK04253,1
JK04257,1
JK04258,1
JK04259,1
JK04260,1
JK04261,1
JK04263,1
JK04265,1
JK04266,1
JK04267,1
JK04272,1
JK04274,1
JK04275,1
JK04276,1
JK04277,1
JK04279,1
JK04280,1
JK04281,1
JK04282,1
JK04284,1
JK04286,1
JK04287,1
JK04293,1
JK04294,1
JK04295,1
JK04296,1
JK04297,1
JK04304,1
JK04305,1
JK04306,1
JK04307,1
JK04308,1
JK04309,1
JK04314,1
JK04315,1
JK04317,1
JK04319,1
JK04321,1
JK04324,1
JK04327,1
JK04328,1
JK04329,1
JK04335,1
JK04336,1
JK04337,1
JK04341,1
JK04342,1
JK04343,1
JK04346,1
JK04347,1
JK04348,1
JK04349,1
JK04350,1
JK04351,1
JK04353,1
JK04354,1
JK04355,1
JK04356,1
JK04358,1
JK04359,1
JK04360,1
JK04361,1
JK04362,1
JK04364,1
JK04367,1
JK04371,1
JK04372,1
JK04373,1
JK04374,1
JK04377,1
JK04378,1
JK04379,1
JK04380,1
JK04381,1
JK04382,1
JK04386,1
JK04387,1
JK04389,1
JK04394,1
JK04397,1
JK04398,1
JK04399,1
JK04401,1
JK04406,1
JK04408,1
JK04409,1
JK04411,1
JK04413,1
JK04415,1
JK04416,1
JK04423,1
JK04424,1
JK04425,1
JK04426,1
JK04427,1
JK04428,1
JK04432,1
JK04433,1
JK04435,1
JK04443,1
JK04451,1
JK04452,1
JK04453,1
JK04461,1
JK04464,1
JK04466,1
JK04469,1
JK04471,1
JK04476,1
JK04478,1
JK04484,1
JK04485,1
JK04486,1
JK04487,1
JK04488,1
JK04489,1
JK04492,1
JK04496,1
JK04498,1
JK04499,1
JK04500,1
JK04502,1
JK04503,1
JK04504,1
JK04505,1
JK04506,1
JK04508,1
JK04509,1
JK04510,1
JK04511,1
JK04515,1
JK04520,1
JK04523,1
JK04525,1
JK04528,1
JK04530,1
JK04531,1
JK04532,1
JK04533,1
JK04535,1
JK04536,1
JK04537,1
JK04538,1
JK04539,1
JK04540,1
JK04541,1
JK04542,1
JK04543,1
JK04544,1
JK04545,1
JK04546,1
JK04548,1
JK04550,1
JK04551,1
JK04553,1
JK04555,1
JK04557,1
JK04558,1
JK04559,1
JK04561,1
JK04562,1
JK04563,1
JK04565,1
JK04568,1
JK04569,1
JK04570,1
JK04573,1
JK04574,1
JK04576,1
JK04577,1
JK04578,1
JK04581,1
JK04585,1
JK04588,1
JK04590,1
JK04592,1
JK04593,1
JK04594,1
JK04595,1
JK04596,1
JK04597,1
JK04598,1
JK04599,1
JK04601,1
JK04602,1
JK04606,1
JK04607,1
JK04608,1
JK04609,1
JK04610,1
JK04611,1
JK04616,1
JK04619,1
JK04622,1
JK04625,1
JK04626,1
JK04627,1
JK04628,1
JK04629,1
JK04632,1
JK04633,1
JK04636,1
JK04638,1
JK04639,1
JK04640,1
JK04641,1
JK04642,1
JK04643,1
JK04644,1
JK04645,1
JK04646,1
JK04649,1
JK04651,1
JK04653,1
JK04654,1
JK04655,1
JK04656,1
JK04657,1
JK04658,1
JK04659,1
JK04660,1
JK04662,1
JK04663,1
JK04664,1
JK04665,1
JK04666,1
JK04667,1
JK04668,1
JK04670,1
JK04672,1
JK04674,1
JK04675,1
JK04676,1
JK04679,1
JK04680,1
JK04681,1
JK04682,1
JK04688,1
JK04689,1
JK04691,1
JK04692,1
JK04693,1
JK04694,1
JK04696,1
JK04697,1
JK04701,1
JK04702,1
JK04703,1
JK04704,1
JK04707,1
JK04708,1
JK04709,1
JK04710,1
JK04711,1
JK04713,1
JK04714,1
JK04717,1
JK04718,1
JK04719,1
JK04720,1
JK04727,1
JK04728,1
JK04729,1
JK04732,1
JK04733,1
JK04734,1
JK04735,1
JK04736,1
JK04742,1
JK04743,1
JK04744,1
JK04745,1
JK04746,1
JK04748,1
JK04749,1
JK04750,1
JK04751,1
JK04752,1
JK04753,1
JK04754,1
JK04755,1
JK04757,1
JK04758,1
JK04759,1
JK04760,1
JK04761,1
JK04762,1
JK04763,1
JK04767,1
JK04768,1
JK04769,1
JK04772,1
JK04773,1
JK04774,1
JK04775,1
JK04777,1
JK04778,1
JK04781,1
JK04782,1
JK04783,1
JK04785,1
JK04786,1
JK04788,1
JK04789,1
JK04790,1
JK04791,1
JK04793,1
JK04795,1
JK04797,1
JK04798,1
JK04799,1
JK04800,1
JK04801,1
JK04803,1
JK04805,1
JK04806,1
JK04808,1
JK04809,1
JK04810,1
JK04811,1
JK04813,1
JK04814,1
JK04815,1
JK04816,1
JK04817,1
JK04818,1
JK04819,1
JK04822,1
JK04823,1
JK04824,1
JK04830,1
JK04837,1
JK04839,1
JK04840,1
JK04841,1
JK04842,1
JK04843,1
JK04844,1
JK04845,1
JK04846,1
JK04847,1
JK04848,1
JK04849,1
JK04850,1
JK04851,1
JK04855,1
JK04856,1
JK04859,1
JK04861,1
JK04862,1
JK04863,1
JK04864,1
JK04865,1
JK04866,1
JK04867,1
JK04868,1
JK04880,1
JK04882,1
JK04883,1
JK04886,1
JK04888,1
JK04889,1
JK04893,1
JK04895,1
JK04897,1
JK04898,1
JK04900,1
JK04902,1
JK04903,1
JK04905,1
JK04908,1
JK04911,1
JK04912,1
JK04913,1
JK04917,1
JK04920,1
JK04923,1
JK04924,1
JK04925,1
JK04926,1
JK04927,1
JK04929,1
JK04930,1
JK04932,1
JK04933,1
JK04934,1
JK04935,1
JK04936,1
JK04937,1
JK04938,1
JK04939,1
JK04947,1
JK04948,1
JK04949,1
JK04950,1
JK04951,1
JK04953,1
JK04955,1
JK04958,1
JK04960,1
JK04961,1
JK04962,1
JK04963,1
JK04965,1
JK04966,1
JK04967,1
JK04968,1
JK04970,1
JK04973,1
JK04974,1
JK04975,1
JK04976,1
JK04978,1
JK04980,1
JK04981,1
JK04982,1
JK04983,1
JK04985,1
JK04986,1
JK04987,1
JK04988,1
JK04990,1
JK04991,1
JK04993,1
JK04995,1
JK04996,1
JK04997,1
JK04998,1
JK05000,1
JK05001,1
JK05002,1
JK05003,1
JK05004,1
JK05005,1
JK05006,1
JK05009,1
JK05010,1
JK05012,1
JK05013,1
JK05014,1
JK05016,1
JK05017,1
JK05018,1
JK05020,1
JK05021,1
JK05022,1
JK05023,1
JK05024,1
JK05025,1
JK05026,1
JK05027,1
JK05029,1
JK05030,1
JK05031,1
JK05032,1
JK05035,1
JK05037,1
JK05040,1
JK05041,1
JK05042,1
JK05044,1
JK05045,1
JK05046,1
JK05047,1
JK05050,1
JK05051,1
JK05053,1
JK05054,1
JK05056,1
JK05058,1
JK05059,1
JK05060,1
JK05061,1
JK05062,1
JK05063,1
JK05064,1
JK05068,1
JK05073,1
JK05076,1
JK05077,1
JK05078,1
JK05079,1
JK05080,1
JK05083,1
JK05084,1
JK05085,1
JK05086,1
JK05087,1
JK05089,1
JK05090,1
JK05091,1
JK05092,1
JK05094,1
JK05095,1
JK05102,1
JK05104,1
JK05112,1
JK05114,1
JK05115,1
JK05117,1
JK05119,1
JK05120,1
JK05121,1
JK05122,1
JK05123,1
JK05124,1
JK05125,1
JK05126,1
JK05127,1
JK05128,1
JK05129,1
JK05131,1
JK05133,1
JK05137,1
JK05138,1
JK05139,1
JK05140,1
JK05141,1
JK05142,1
JK05143,1
JK05146,1
JK05148,1
JK05149,1
JK05152,1
JK05153,1
JK05154,1
JK05155,1
JK05156,1
JK05159,1
JK05160,1
JK05162,1
JK05165,1
JK05166,1
JK05167,1
JK05168,1
JK05169,1
JK05171,1
JK05172,1
JK05173,1
JK05174,1
JK05175,1
JK05179,1
JK05184,1
JK05185,1
JK05186,1
JK05187,1
JK05189,1
JK05190,1
JK05191,1
JK05194,1
JK05195,1
JK05196,1
JK05197,1
JK05198,1
JK05199,1
JK05200,1
JK05201,1
JK05202,1
JK05203,1
JK05204,1
JK05205,1
JK05206,1
JK05207,1
JK05208,1
JK05210,1
JK05213,1
JK05214,1
JK05215,1
JK05216,1
JK05217,1
JK05219,1
JK05220,1
JK05221,1
JK05225,1
JK05228,1
JK05231,1
JK05233,1
JK05237,1
JK05239,1
JK05240,1
JK05241,1
JK05242,1
JK05243,1
JK05244,1
JK05245,1
JK05248,1
JK05249,1
JK05250,1
JK05251,1
JK05253,1
JK05254,1
JK05255,1
JK05256,1
JK05257,1
JK05258,1
JK05259,1
JK05261,1
JK05262,1
JK05266,1
JK05267,1
JK05268,1
JK05270,1
JK05271,1
JK05272,1
JK05278,1
JK05279,1
JK05281,1
JK05283,1
JK05285,1
JK05286,1
JK05287,1
JK05288,1
JK05291,1
JK05292,1
JK05295,1
JK05296,1
JK05297,1
JK05298,1
JK05299,1
JK05300,1
JK05301,1
JK05302,1
JK05303,1
JK05304,1
JK05306,1
JK05307,1
JK05308,1
JK05309,1
JK05310,1
JK05311,1
JK05314,1
JK05316,1
JK05317,1
JK05318,1
JK05319,1
JK05320,1
JK05323,1
JK05324,1
JK05325,1
JK05326,1
JK05328,1
JK05329,1
JK05330,1
JK05332,1
JK05333,1
JK05337,1
JK05338,1
JK05341,1
JK05342,1
JK05343,1
JK05344,1
JK05345,1
JK05346,1
JK05347,1
JK05348,1
JK05349,1
JK05350,1
JK05351,1
JK05353,1
JK05354,1
JK05356,1
JK05357,1
JK05358,1
JK05359,1
JK05360,1
JK05361,1
JK05362,1
JK05364,1
JK05365,1
JK05366,1
JK05367,1
JK05371,1
JK05372,1
JK05376,1
JK05377,1
JK05378,1
JK05379,1
JK05380,1
JK05381,1
JK05383,1
JK05384,1
JK05386,1
JK05387,1
JK05388,1
JK05390,1
JK05391,1
JK05392,1
JK05393,1
JK05394,1
JK05396,1
JK05397,1
JK05398,1
JK05399,1
JK05403,1
JK05405,1
JK05406,1
JK05407,1
JK05408,1
JK05409,1
JK05410,1
JK05411,1
JK05412,1
JK05413,1
JK05414,1
JK05415,1
JK05416,1
JK05417,1
JK05418,1
JK05419,1
JK05420,1
JK05421,1
JK05422,1
JK05423,1
JK05424,1
JK05425,1
JK05426,1
JK05427,1
JK05428,1
JK05429,1
JK05431,1
JK05433,1
JK05434,1
JK05435,1
JK05436,1
JK05437,1
JK05439,1
JK05440,1
JK05441,1
JK05442,1
JK05443,1
JK05444,1
JK05445,1
JK05446,1
JK05447,1
JK05448,1
JK05449,1
JK05451,1
JK05452,1
JK05453,1
JK05454,1
JK05455,1
JK05457,1
JK05458,1
JK05461,1
JK05462,1
JK05463,1
JK05465,1
JK05466,1
JK05467,1
JK05468,1
JK05469,1
JK05470,1
JK05471,1
JK05472,1
JK05473,1
JK05474,1
JK05475,1
JK05476,1
JK05477,1
JK05478,1
JK05479,1
JK05480,1
JK05481,1
JK05483,1
JK05484,1
JK05485,1
JK05487,1
JK05488,1
JK05489,1
JK05490,1
JK05491,1
JK05492,1
JK05493,1
JK05495,1
JK05497,1
JK05498,1
JK05499,1
JK05502,1
JK05503,1
JK05504,1
JK05505,1
JK05506,1
JK05508,1
JK05509,1
JK05511,1
JK05512,1
JK05513,1
JK05514,1
JK05515,1
JK05516,1
JK05517,1
JK05520,1
JK05523,1
JK05524,1
JK05525,1
JK05526,1
JK05527,1
JK05528,1
JK05529,1
JK05530,1
JK05532,1
JK05533,1
JK05534,1
JK05535,1
JK05536,1
JK05539,1
JK05544,1
JK05545,1
JK05546,1
JK05547,1
JK05548,1
JK05549,1
JK05550,1
JK05552,1
JK05553,1
JK05554,1
JK05557,1
JK05559,1
JK05562,1
JK05563,1
JK05564,1
JK05567,1
JK05568,1
JK05569,1
JK05570,1
JK05571,1
JK05572,1
JK05573,1
JK05574,1
JK05575,1
JK05579,1
JK05580,1
JK05581,1
JK05583,1
JK05584,1
JK05585,1
JK05586,1
JK05589,1
JK05590,1
JK05591,1
JK05592,1
JK05593,1
JK05594,1
JK05595,1
JK05596,1
JK05597,1
JK05598,1
JK05599,1
JK05600,1
JK05601,1
JK05602,1
JK05603,1
JK05606,1
JK05607,1
JK05608,1
JK05609,1
JK05611,1
JK05612,1
JK05616,1
JK05617,1
JK05620,1
JK05621,1
JK05623,1
JK05624,1
JK05625,1
JK05626,1
JK05627,1
JK05628,1
JK05629,1
JK05630,1
JK05631,1
JK05632,1
JK05633,1
JK05637,1
JK05638,1
JK05639,1
JK05640,1
JK05641,1
JK05643,1
JK05644,1
JK05645,1
JK05647,1
JK05648,1
JK05650,1
JK05651,1
JK05652,1
JK05653,1
JK05654,1
JK05655,1
JK05656,1
JK05657,1
JK05658,1
JK05659,1
JK05660,1
JK05661,1
JK05662,1
JK05663,1
JK05664,1
JK05665,1
JK05666,1
JK05667,1
JK05668,1
JK05669,1
JK05670,1
JK05672,1
JK05675,1
JK05678,1
JK05679,1
JK05681,1
JK05682,1
JK05683,1
JK05685,1
JK05686,1
JK05687,1
JK05688,1
JK05689,1
JK05690,1
JK05691,1
JK05692,1
JK05693,1
JK05694,1
JK05695,1
JK05696,1
JK05697,1
JK05698,1
JK05699,1
JK05700,1
JK05702,1
JK05703,1
JK05704,1
JK05705,1
JK05706,1
JK05707,1
JK05708,1
JK05710,1
JK05711,1
JK05712,1
JK05728,1
JK05735,1
JK05736,1
JK05737,1
JK05738,1
JK05740,1
JK05741,1
JK05743,1
JK05744,1
JK05745,1
JK05751,1
JK05752,1
JK05754,1
JK05755,1
JK05757,1
JK05758,1
JK05759,1
JK05760,1
JK05761,1
JK05762,1
JK05763,1
JK05764,1
JK05765,1
JK05766,1
JK05767,1
JK05768,1
JK05769,1
JK05770,1
JK05771,1
JK05772,1
JK05773,1
JK05774,1
JK05775,1
JK05776,1
JK05777,1
JK05778,1
JK05779,1
JK05780,1
JK05781,1
JK05782,1
JK05784,1
JK05785,1
JK05786,1
JK05787,1
JK05788,1
JK05791,1
JK05792,1
JK05795,1
JK05796,1
JK05797,1
JK05798,1
JK05799,1
JK05801,1
JK05802,1
JK05803,1
JK05804,1
JK05805,1
JK05807,1
JK05808,1
JK05809,1
JK05811,1
JK05812,1
JK05813,1
JK05814,1
JK05816,1
JK05818,1
JK05821,1
JK05822,1
JK05823,1
JK05825,1
JK05826,1
JK05828,1
JK05829,1
JK05830,1
JK05831,1
JK05832,1
JK05833,1
JK05834,1
JK05836,1
JK05838,1
JK05842,1
JK05844,1
JK05845,1
JK05846,1
JK05847,1
JK05848,1
JK05849,1
JK05851,1
JK05852,1
JK05854,1
JK05855,1
JK05856,1
JK05857,1
JK05858,1
JK05859,1
JK05862,1
JK05865,1
JK05867,1
JK05868,1
JK05869,1
JK05870,1
JK05871,1
JK05872,1
JK05873,1
JK05874,1
JK05875,1
JK05877,1
JK05878,1
JK05879,1
JK05880,1
JK05881,1
JK05882,1
JK05883,1
JK05884,1
JK05885,1
JK05886,1
JK05887,1
JK05888,1
JK05889,1
JK05891,1
JK05893,1
JK05898,1
JK05899,1
JK05900,1
JK05901,1
JK05902,1
JK05903,1
JK05905,1
JK05906,1
JK05907,1
JK05908,1
JK05909,1
JK05910,1
JK05911,1
JK05912,1
JK05913,1
JK05914,1
JK05915,1
JK05917,1
JK05918,1
JK05920,1
JK05921,1
JK05922,1
JK05923,1
JK05925,1
JK05926,1
JK05927,1
JK05928,1
JK05929,1
JK05930,1
JK05931,1
JK05932,1
JK05933,1
JK05934,1
JK05935,1
JK05936,1
JK05937,1
JK05938,1
JK05939,1
JK05940,1
JK05942,1
JK05944,1
JK05945,1
JK05947,1
JK05948,1
JK05949,1
JK05950,1
JK05951,1
JK05953,1
JK05954,1
JK05955,1
JK05957,1
JK05958,1
JK05959,1
JK05960,1
JK05961,1
JK05963,1
JK05964,1
JK05965,1
JK05966,1
JK05967,1
JK05968,1
JK05969,1
JK05970,1
JK05973,1
JK05975,1
JK05976,1
JK05979,1
JK05980,1
JK05981,1
JK05982,1
JK05983,1
JK05984,1
JK05985,1
JK05986,1
JK05987,1
JK05989,1
JK05990,1
JK05992,1
JK05993,1
JK05994,1
JK05995,1
JK05996,1
JK05997,1
JK05998,1
JK05999,1
JK06000,1
JK06001,1
JK06002,1
JK06003,1
JK06006,1
JK06007,1
JK06008,1
JK06009,1
JK06010,1
JK06011,1
JK06012,1
JK06013,1
JK06014,1
JK06015,1
JK06016,1
JK06017,1
JK06018,1
JK06019,1
JK06020,1
JK06022,1
JK06024,1
JK06026,1
JK06027,1
JK06031,1
JK06032,1
JK06033,1
JK06035,1
JK06036,1
JK06037,1
JK06038,1
JK06039,1
JK06040,1
JK06042,1
JK06044,1
JK06045,1
JK06048,1
JK06050,1
JK06051,1
JK06052,1
JK06053,1
JK06055,1
JK06056,1
JK06057,1
JK06058,1
JK06059,1
JK06060,1
JK06061,1
JK06062,1
JK06064,1
JK06065,1
JK06066,1
JK06067,1
JK06068,1
JK06069,1
JK06070,1
JK06071,1
JK06072,1
JK06073,1
JK06074,1
JK06075,1
JK06076,1
JK06077,1
JK06078,1
JK06079,1
JK06080,1
JK06081,1
JK06082,1
JK06083,1
JK06084,1
JK06085,1
JK06086,1
JK06088,1
JK06089,1
JK06090,1
JK06091,1
JK06093,1
JK06094,1
JK06095,1
JK06096,1
JK06097,1
JK06098,1
JK06099,1
JK06101,1
JK06102,1
JK06103,1
JK06104,1
JK06105,1
JK06106,1
JK06109,1
JK06110,1
JK06111,1
JK06112,1
JK06113,1
JK06114,1
JK06116,1
JK06117,1
JK06118,1
JK06119,1
JK06120,1
JK06121,1
JK06122,1
JK06123,1
JK06124,1
JK06125,1
JK06126,1
JK06127,1
JK06128,1
JK06129,1
JK06131,1
JK06132,1
JK06133,1
JK06134,1
JK06135,1
JK06137,1
JK06139,1
JK06140,1
JK06141,1
JK06143,1
JK06146,1
JK06149,1
JK06152,1
JK06153,1
JK06154,1
JK06155,1
JK06156,1
JK06157,1
JK06158,1
JK06159,1
JK06160,1
JK06161,1
JK06162,1
JK06163,1
JK06164,1
JK06165,1
JK06166,1
JK06167,1
JK06168,1
JK06169,1
JK06170,1
JK06171,1
JK06172,1
JK06173,1
JK06174,1
JK06175,1
JK06179,1
JK06181,1
JK06182,1
JK06183,1
JK06184,1
JK06185,1
JK06186,1
JK06187,1
JK06188,1
JK06189,1
JK06190,1
JK06191,1
JK06192,1
JK06193,1
JK06194,1
JK06195,1
JK06196,1
JK06197,1
JK06198,1
JK06199,1
JK06200,1
JK06201,1
JK06202,1
JK06203,1
JK06204,1
JK06208,1
JK06209,1
JK06210,1
JK06212,1
JK06213,1
JK06214,1
JK06215,1
JK06218,1
JK06219,1
JK06220,1
JK06222,1
JK06223,1
JK06224,1
JK06225,1
JK06226,1
JK06227,1
JK06228,1
JK06230,1
JK06232,1
JK06233,1
JK06234,1
JK06235,1
JK06236,1
JK06237,1
JK06238,1
JK06239,1
JK06240,1
JK06241,1
JK06242,1
JK06243,1
JK06244,1
JK06245,1
JK06247,1
JK06248,1
JK06249,1
JK06250,1
JK06251,1
JK06252,1
JK06253,1
JK06254,1
JK06255,1
JK06256,1
JK06257,1
JK06258,1
JK06259,1
JK06261,1
JK06262,1
JK06263,1
JK06264,1
JK06265,1
JK06266,1
JK06267,1
JK06269,1
JK06270,1
JK06271,1
JK06272,1
JK06273,1
JK06275,1
JK06276,1
JK06277,1
JK06279,1
JK06280,1
JK06281,1
JK06282,1
JK06283,1
JK06284,1
JK06285,1
JK06286,1
JK06288,1
JK06289,1
JK06290,1
JK06291,1
JK06292,1
JK06293,1
JK06294,1
JK06295,1
JK06297,1
JK06298,1
JK06299,1
JK06300,1
JK06301,1
JK06302,1
JK06303,1
JK06304,1
JK06305,1
JK06306,1
JK06307,1
JK06308,1
JK06310,1
JK06311,1
JK06312,1
JK06313,1
JK06315,1
JK06317,1
JK06318,1
JK06319,1
JK06320,1
JK06321,1
JK06325,1
JK06326,1
JK06327,1
JK06328,1
JK06329,1
JK06330,1
JK06331,1
JK06332,1
JK06333,1
JK06334,1
JK06335,1
JK06336,1
JK06337,1
JK06339,1
JK06340,1
JK06341,1
JK06342,1
JK06344,1
JK06345,1
JK06346,1
JK06347,1
JK06348,1
JK06349,1
JK06350,1
JK06351,1
JK06352,1
JK06353,1
JK06354,1
JK06355,1
JK06356,1
JK06358,1
JK06359,1
JK06362,1
JK06363,1
JK06364,1
JK06365,1
JK06366,1
JK06367,1
JK06369,1
JK06370,1
JK06371,1
JK06372,1
JK06373,1
JK06374,1
JK06375,1
JK06376,1
JK06377,1
JK06378,1
JK06379,1
JK06381,1
JK06382,1
JK06383,1
JK06385,1
JK06386,1
JK06387,1
JK06388,1
JK06389,1
JK06390,1
JK06391,1
JK06393,1
JK06394,1
JK06395,1
JK06396,1
JK06398,1
JK06399,1
JK06400,1
JK06402,1
JK06403,1
JK06404,1
JK06405,1
JK06406,1
JK06407,1
JK06408,1
JK06409,1
JK06410,1
JK06411,1
JK06412,1
JK06416,1
JK06418,1
JK06420,1
JK06421,1
JK06422,1
JK06423,1
JK06424,1
JK06425,1
JK06426,1
JK06427,1
JK06428,1
JK06429,1
JK06430,1
JK06432,1
JK06433,1
JK06434,1
JK06435,1
JK06438,1
JK06439,1
JK06440,1
JK06441,1
JK06442,1
JK06443,1
JK06444,1
JK06445,1
JK06446,1
JK06447,1
JK06448,1
JK06449,1
JK06450,1
JK06451,1
JK06452,1
JK06453,1
JK06455,1
JK06456,1
JK06457,1
JK06458,1
JK06459,1
JK06460,1
JK06461,1
JK06462,1
JK06463,1
JK06464,1
JK06465,1
JK06466,1
JK06467,1
JK06469,1
JK06470,1
JK06472,1
JK06473,1
JK06475,1
JK06476,1
JK06477,1
JK06478,1
JK06479,1
JK06480,1
JK06481,1
JK06482,1
JK06483,1
JK06484,1
JK06486,1
JK06487,1
JK06488,1
JK06489,1
JK06490,1
JK06491,1
JK06492,1
JK06493,1
JK06494,1
JK06495,1
JK06496,1
JK06497,1
JK06498,1
JK06499,1
JK06500,1
JK06502,1
JK06503,1
JK06505,1
JK06508,1
JK06510,1
JK06512,1
JK06515,1
JK06516,1
JK06517,1
JK06518,1
JK06519,1
JK06521,1
JK06525,1
JK06526,1
JK06527,1
JK06529,1
JK06535,1
JK06536,1
JK06537,1
JK06538,1
JK06540,1
JK06541,1
JK06543,1
JK06544,1
JK06545,1
JK06546,1
JK06547,1
JK06548,1
JK06549,1
JK06550,1
JK06551,1
JK06552,1
JK06554,1
JK06555,1
JK06556,1
JK06558,1
JK06559,1
JK06560,1
JK06561,1
JK06563,1
JK06564,1
JK06565,1
JK06566,1
JK06567,1
JK06568,1
JK06569,1
JK06571,1
JK06572,1
JK06573,1
JK06574,1
JK06575,1
JK06576,1
JK06577,1
JK06578,1
JK06579,1
JK06580,1
JK06581,1
JK06582,1
JK06583,1
JK06584,1
JK06585,1
JK06586,1
JK06587,1
JK06588,1
JK06589,1
JK06591,1
JK06593,1
JK06594,1
JK06595,1
JK06596,1
JK06597,1
JK06598,1
JK06600,1
JK06601,1
JK06602,1
JK06604,1
JK06605,1
JK06606,1
JK06607,1
JK06609,1
JK06613,1
JK06615,1
JK06617,1
JK06618,1
JK06619,1
JK06620,1
JK06621,1
JK06622,1
JK06623,1
JK06624,1
JK06626,1
JK06627,1
JK06629,1
JK06632,1
JK06634,1
JK06635,1
JK06636,1
JK06637,1
JK06638,1
JK06639,1
JK06641,1
JK06643,1
JK06645,1
JK06646,1
JK06647,1
JK06648,1
JK06649,1
JK06651,1
JK06652,1
JK06654,1
JK06655,1
JK06656,1
JK06657,1
JK06658,1
JK06659,1
JK06661,1
JK06662,1
JK06663,1
JK06665,1
JK06666,1
JK06667,1
JK06668,1
JK06670,1
JK06671,1
JK06672,1
JK06673,1
JK06674,1
JK06675,1
JK06676,1
JK06677,1
JK06678,1
JK06679,1
JK06680,1
JK06681,1
JK06682,1
JK06683,1
JK06686,1
JK06687,1
JK06688,1
JK06690,1
JK06691,1
JK06692,1
JK06693,1
JK06694,1
JK06695,1
JK06696,1
JK06697,1
JK06698,1
JK06699,1
JK06700,1
JK06701,1
JK06702,1
JK06703,1
JK06704,1
JK06705,1
JK06706,1
JK06707,1
JK06708,1
JK06709,1
JK06710,1
JK06711,1
JK06714,1
JK06715,1
JK06716,1
JK06717,1
JK06719,1
JK06720,1
JK06722,1
JK06723,1
JK06724,1
JK06725,1
JK06726,1
JK06727,1
JK06728,1
JK06729,1
JK06730,1
JK06731,1
JK06732,1
JK06733,1
JK06735,1
JK06736,1
JK06737,1
JK06738,1
JK06739,1
JK06740,1
JK06741,1
JK06742,1
JK06743,1
JK06744,1
JK06745,1
JK06746,1
JK06747,1
JK06748,1
JK06749,1
JK06750,1
JK06751,1
JK06752,1
JK06753,1
JK06754,1
JK06755,1
JK06756,1
JK06757,1
JK06758,1
JK06759,1
JK06760,1
JK06761,1
JK06762,1
JK06764,1
JK06765,1
JK06766,1
JK06767,1
JK06768,1
JK06769,1
JK06771,1
JK06772,1
JK06773,1
JK06774,1
JK06775,1
JK06776,1
JK06778,1
JK06779,1
JK06780,1
JK06782,1
JK06783,1
JK06784,1
JK06785,1
JK06786,1
JK06789,1
JK06790,1
JK06791,1
JK06792,1
JK06794,1
JK06795,1
JK06796,1
JK06797,1
JK06800,1
JK06801,1
JK06804,1
JK06806,1
JK06807,1
JK06808,1
JK06811,1
JK06812,1
JK06813,1
JK06814,1
JK06815,1
JK06816,1
JK06817,1
JK06819,1
JK06820,1
JK06821,1
JK06822,1
JK06823,1
JK06824,1
JK06825,1
JK06826,1
JK06827,1
JK06828,1
JK06829,1
JK06830,1
JK06832,1
JK06833,1
JK06835,1
JK06836,1
JK06837,1
JK06838,1
JK06839,1
JK06840,1
JK06842,1
JK06844,1
JK06846,1
JK06847,1
JK06848,1
JK06849,1
JK06850,1
JK06851,1
JK06852,1
JK06853,1
JK06854,1
JK06855,1
JK06856,1
JK06857,1
JK06858,1
JK06859,1
JK06860,1
JK06862,1
JK06863,1
JK06865,1
JK06866,1
JK06867,1
JK06868,1
JK06869,1
JK06870,1
JK06871,1
JK06872,1
JK06873,1
JK06874,1
JK06875,1
JK06876,1
JK06877,1
JK06879,1
JK06880,1
JK06881,1
JK06883,1
JK06884,1
JK06885,1
JK06886,1
JK06887,1
JK06888,1
JK06889,1
JK06890,1
JK06891,1
JK06892,1
JK06893,1
JK06894,1
JK06895,1
JK06896,1
JK06897,1
JK06898,1
JK06901,1
JK06902,1
JK06903,1
JK06904,1
JK06906,1
JK06907,1
JK06908,1
JK06910,1
JK06912,1
JK06913,1
JK06914,1
JK06915,1
JK06916,1
JK06917,1
JK06918,1
JK06920,1
JK06921,1
JK06922,1
JK06923,1
JK06925,1
JK06926,1
JK06928,1
JK06929,1
JK06930,1
JK06931,1
JK06932,1
JK06933,1
JK06934,1
JK06935,1
JK06936,1
JK06937,1
JK06938,1
JK06939,1
JK06940,1
JK06941,1
JK06942,1
JK06944,1
JK06950,1
JK06951,1
JK06952,1
JK06953,1
JK06954,1
JK06955,1
JK06956,1
JK06959,1
JK06960,1
JK06961,1
JK06962,1
JK06963,1
JK06964,1
JK06965,1
JK06968,1
JK06969,1
JK06970,1
JK06972,1
JK06973,1
JK06975,1
JK06976,1
JK06977,1
JK06979,1
JK06980,1
JK06981,1
JK06982,1
JK06987,1
JK06988,1
JK06989,1
JK06991,1
JK06992,1
JK06993,1
JK06994,1
JK06995,1
JK06996,1
JK06997,1
JK06998,1
JK06999,1
JK07000,1
JK07001,1
JK07002,1
JK07003,1
JK07004,1
JK07005,1
JK07007,1
JK07008,1
JK07009,1
JK07010,1
JK07011,1
JK07013,1
JK07014,1
JK07015,1
JK07017,1
JK07018,1
JK07019,1
JK07020,1
JK07021,1
JK07023,1
JK07024,1
JK07025,1
JK07026,1
JK07028,1
JK07030,1
JK07031,1
JK07032,1
JK07033,1
JK07034,1
JK07041,1
JK07042,1
JK07043,1
JK07044,1
JK07045,1
JK07046,1
JK07047,1
JK07049,1
JK07051,1
JK07052,1
JK07053,1
JK07054,1
JK07055,1
JK07056,1
JK07057,1
JK07059,1
JK07060,1
JK07061,1
JK07062,1
JK07063,1
JK07064,1
JK07065,1
JK07066,1
JK07067,1
JK07068,1
JK07069,1
JK07071,1
JK07072,1
JK07076,1
JK07077,1
JK07078,1
JK07079,1
JK07080,1
JK07081,1
JK07082,1
JK07083,1
JK07084,1
JK07085,1
JK07086,1
JK07087,1
JK07088,1
JK07089,1
JK07090,1
JK07091,1
JK07092,1
JK07093,1
JK07094,1
JK07095,1
JK07096,1
JK07097,1
JK07098,1
JK07099,1
JK07100,1
JK07101,1
JK07102,1
JK07103,1
JK07104,1
JK07105,1
JK07106,1
JK07108,1
JK07109,1
JK07110,1
JK07111,1
JK07112,1
JK07116,1
JK07117,1
JK07118,1
JK07119,1
JK07120,1
JK07121,1
JK07122,1
JK07125,1
JK07126,1
JK07127,1
JK07128,1
JK07131,1
JK07132,1
JK07133,1
JK07134,1
JK07135,1
JK07136,1
JK07137,1
JK07138,1
JK07139,1
JK07140,1
JK07141,1
JK07142,1
JK07143,1
JK07144,1
JK07145,1
JK07146,1
JK07147,1
JK07148,1
JK07149,1
JK07150,1
JK07151,1
JK07152,1
JK07153,1
JK07154,1
JK07155,1
JK07156,1
JK07157,1
JK07158,1
JK07159,1
JK07161,1
JK07162,1
JK07163,1
JK07164,1
JK07165,1
JK07167,1
JK07168,1
JK07169,1
JK07170,1
JK07171,1
JK07174,1
JK07175,1
JK07176,1
JK07177,1
JK07178,1
JK07179,1
JK07181,1
JK07182,1
JK07185,1
JK07188,1
JK07189,1
JK07191,1
JK07192,1
JK07193,1
JK07194,1
JK07195,1
JK07196,1
JK07197,1
JK07198,1
JK07200,1
JK07202,1
JK07203,1
JK07204,1
JK07205,1
JK07206,1
JK07207,1
JK07208,1
JK07210,1
JK07211,1
JK07212,1
JK07213,1
JK07215,1
JK07216,1
JK07218,1
JK07219,1
JK07220,1
JK07221,1
JK07222,1
JK07226,1
JK07227,1
JK07228,1
JK07229,1
JK07230,1
JK07232,1
JK07234,1
JK07235,1
JK07236,1
JK07237,1
JK07238,1
JK07239,1
JK07242,1
JK07243,1
JK07244,1
JK07245,1
JK07246,1
JK07247,1
JK07248,1
JK07249,1
JK07250,1
JK07251,1
JK07252,1
JK07253,1
JK07254,1
JK07255,1
JK07256,1
JK07258,1
JK07259,1
JK07260,1
JK07262,1
JK07263,1
JK07264,1
JK07265,1
JK07269,1
JK07270,1
JK07272,1
JK07273,1
JK07274,1
JK07275,1
JK07276,1
JK07277,1
JK07278,1
JK07279,1
JK07280,1
JK07282,1
JK07283,1
JK07284,1
JK07285,1
JK07286,1
JK07290,1
JK07291,1
JK07293,1
JK07294,1
JK07295,1
JK07296,1
JK07297,1
JK07298,1
JK07300,1
JK07301,1
JK07303,1
JK07304,1
JK07307,1
JK07308,1
JK07309,1
JK07310,1
JK07311,1
JK07312,1
JK07313,1
JK07314,1
JK07315,1
JK07316,1
JK07317,1
JK07318,1
JK07320,1
JK07321,1
JK07322,1
JK07323,1
JK07325,1
JK07326,1
JK07328,1
JK07329,1
JK07330,1
JK07331,1
JK07332,1
JK07333,1
JK07334,1
JK07335,1
JK07336,1
JK07337,1
JK07338,1
JK07340,1
JK07341,1
JK07342,1
JK07343,1
JK07346,1
JK07347,1
JK07348,1
JK07349,1
JK07350,1
JK07351,1
JK07352,1
JK07353,1
JK07354,1
JK07356,1
JK07359,1
JK07361,1
JK07362,1
JK07363,1
JK07365,1
JK07366,1
JK07367,1
JK07369,1
JK07370,1
JK07374,1
JK07375,1
JK07376,1
JK07379,1
JK07380,1
JK07381,1
JK07382,1
JK07383,1
JK07384,1
JK07385,1
JK07386,1
JK07387,1
JK07388,1
JK07389,1
JK07391,1
JK07393,1
JK07394,1
JK07395,1
JK07396,1
JK07397,1
JK07398,1
JK07400,1
JK07401,1
JK07404,1
JK07405,1
JK07406,1
JK07407,1
JK07409,1
JK07410,1
JK07412,1
JK07413,1
JK07414,1
JK07415,1
JK07416,1
JK07418,1
JK07420,1
JK07421,1
JK07422,1
JK07424,1
JK07425,1
JK07426,1
JK07427,1
JK07428,1
JK07429,1
JK07430,1
JK07431,1
JK07432,1
JK07433,1
JK07434,1
JK07435,1
JK07436,1
JK07437,1
JK07438,1
JK07439,1
JK07440,1
JK07442,1
JK07444,1
JK07445,1
JK07446,1
JK07447,1
JK07449,1
JK07450,1
JK07451,1
JK07452,1
JK07453,1
JK07454,1
JK07455,1
JK07456,1
JK07457,1
JK07458,1
JK07460,1
JK07461,1
JK07462,1
JK07464,1
JK07465,1
JK07466,1
JK07467,1
JK07468,1
JK07469,1
JK07471,1
JK07472,1
JK07473,1
JK07474,1
JK07475,1
JK07479,1
JK07481,1
JK07482,1
JK07483,1
JK07484,1
JK07485,1
JK07487,1
JK07488,1
JK07489,1
JK07491,1
JK07492,1
JK07493,1
JK07494,1
JK07495,1
JK07498,1
JK07499,1
JK07500,1
JK07501,1
JK07502,1
JK07503,1
JK07504,1
JK07505,1
JK07506,1
JK07507,1
JK07508,1
JK07509,1
JK07510,1
JK07511,1
JK07513,1
JK07514,1
JK07515,1
JK07516,1
JK07517,1
JK07518,1
JK07519,1
JK07520,1
JK07521,1
JK07522,1
JK07524,1
JK07525,1
JK07526,1
JK07527,1
JK07528,1
JK07529,1
JK07530,1
JK07531,1
JK07532,1
JK07533,1
JK07534,1
JK07535,1
JK07536,1
JK07537,1
JK07538,1
JK07539,1
JK07540,1
JK07541,1
JK07542,1
JK07543,1
JK07544,1
JK07545,1
JK07546,1
JK07547,1
JK07550,1
JK07551,1
JK07552,1
JK07553,1
JK07556,1
JK07557,1
JK07558,1
JK07559,1
JK07560,1
JK07561,1
JK07563,1
JK07565,1
JK07566,1
JK07567,1
JK07568,1
JK07569,1
JK07570,1
JK07571,1
JK07572,1
JK07575,1
JK07576,1
JK07577,1
JK07578,1
JK07579,1
JK07580,1
JK07582,1
JK07583,1
JK07584,1
JK07585,1
JK07586,1
JK07587,1
JK07588,1
JK07589,1
JK07590,1
JK07591,1
JK07592,1
JK07593,1
JK07594,1
JK07595,1
JK07596,1
JK07597,1
JK07599,1
JK07600,1
JK07601,1
JK07602,1
JK07603,1
JK07604,1
JK07605,1
JK07606,1
JK07607,1
JK07608,1
JK07609,1
JK07610,1
JK07611,1
JK07612,1
JK07614,1
JK07615,1
JK07616,1
JK07617,1
JK07618,1
JK07619,1
JK07621,1
JK07622,1
JK07623,1
JK07624,1
JK07625,1
JK07626,1
JK07628,1
JK07629,1
JK07630,1
JK07631,1
JK07632,1
JK07633,1
JK07634,1
JK07636,1
JK07637,1
JK07638,1
JK07640,1
JK07641,1
JK07642,1
JK07643,1
JK07644,1
JK07645,1
JK07646,1
JK07647,1
JK07648,1
JK07649,1
JK07651,1
JK07652,1
JK07653,1
JK07654,1
JK07655,1
JK07656,1
JK07657,1
JK07658,1
JK07659,1
JK07660,1
JK07661,1
JK07662,1
JK07663,1
JK07664,1
JK07665,1
JK07666,1
JK07668,1
JK07669,1
JK07670,1
JK07671,1
JK07672,1
JK07676,1
JK07677,1
JK07679,1
JK07680,1
JK07682,1
JK07683,1
JK07685,1
JK07686,1
JK07687,1
JK07688,1
JK07689,1
JK07690,1
JK07691,1
JK07692,1
JK07693,1
JK07694,1
JK07695,1
JK07696,1
JK07697,1
JK07698,1
JK07699,1
JK07700,1
JK07701,1
JK07702,1
JK07704,1
JK07705,1
JK07706,1
JK07707,1
JK07708,1
JK07710,1
JK07711,1
JK07712,1
JK07714,1
JK07715,1
JK07716,1
JK07718,1
JK07719,1
JK07720,1
JK07721,1
JK07722,1
JK07723,1
JK07724,1
JK07726,1
JK07727,1
JK07728,1
JK07729,1
JK07730,1
JK07731,1
JK07732,1
JK07733,1
JK07734,1
JK07736,1
JK07738,1
JK07739,1
JK07740,1
JK07741,1
JK07742,1
JK07744,1
JK07745,1
JK07747,1
JK07748,1
JK07749,1
JK07750,1
JK07751,1
JK07752,1
JK07753,1
JK07754,1
JK07755,1
JK07756,1
JK07757,1
JK07758,1
JK07759,1
JK07760,1
JK07761,1
JK07762,1
JK07763,1
JK07764,1
JK07765,1
JK07766,1
JK07769,1
JK07770,1
JK07773,1
JK07774,1
JK07775,1
JK07777,1
JK07780,1
JK07781,1
JK07782,1
JK07783,1
JK07784,1
JK07785,1
JK07786,1
JK07787,1
JK07788,1
JK07789,1
JK07790,1
JK07791,1
JK07792,1
JK07793,1
JK07794,1
JK07795,1
JK07796,1
JK07797,1
JK07798,1
JK07799,1
JK07800,1
JK07801,1
JK07802,1
JK07803,1
JK07804,1
JK07806,1
JK07808,1
JK07810,1
JK07811,1
JK07812,1
JK07813,1
JK07815,1
JK07816,1
JK07817,1
JK07818,1
JK07819,1
JK07821,1
JK07822,1
JK07823,1
JK07824,1
JK07825,1
JK07826,1
JK07827,1
JK07828,1
JK07829,1
JK07830,1
JK07831,1
JK07832,1
JK07833,1
JK07834,1
JK07835,1
JK07836,1
JK07838,1
JK07839,1
JK07840,1
JK07841,1
JK07842,1
JK07843,1
JK07844,1
JK07845,1
JK07846,1
JK07847,1
JK07849,1
JK07850,1
JK07851,1
JK07852,1
JK07853,1
JK07854,1
JK07855,1
JK07856,1
JK07858,1
JK07859,1
JK07860,1
JK07862,1
JK07863,1
JK07866,1
JK07867,1
JK07868,1
JK07869,1
JK07870,1
JK07872,1
JK07873,1
JK07874,1
JK07875,1
JK07876,1
JK07877,1
JK07878,1
JK07879,1
JK07880,1
JK07881,1
JK07882,1
JK07883,1
JK07885,1
JK07886,1
JK07887,1
JK07888,1
JK07889,1
JK07890,1
JK07892,1
JK07893,1
JK07894,1
JK07895,1
JK07896,1
JK07897,1
JK07898,1
JK07899,1
JK07900,1
JK07901,1
JK07903,1
JK07904,1
JK07905,1
JK07906,1
JK07907,1
JK07908,1
JK07909,1
JK07910,1
JK07911,1
JK07912,1
JK07913,1
JK07914,1
JK07915,1
JK07916,1
JK07917,1
JK07918,1
JK07919,1
JK07920,1
JK07921,1
JK07922,1
JK07923,1
JK07925,1
JK07926,1
JK07927,1
JK07928,1
JK07929,1
JK07930,1
JK07931,1
JK07933,1
JK07934,1
JK07935,1
JK07936,1
JK07937,1
JK07943,1
JK07947,1
JK07953,1
JK07954,1
JK07955,1
JK07956,1
JK07959,1
JK07960,1
JK07961,1
JK07966,1
JK07970,1
JK07972,1
JK07976,1
JK07977,1
JK07978,1
JK07980,1
JK07981,1
JK07983,1
JK07984,1
JK07985,1
JK07986,1
JK07987,1
JK07988,1
JK07989,1
JK07990,1
JK07992,1
JK07993,1
JK07994,1
JK07995,1
JK07996,1
JK07997,1
JK07998,1
JK07999,1
JK08001,1
JK08002,1
JK08004,1
JK08005,1
JK08006,1
JK08007,1
JK08009,1
JK08010,1
JK08011,1
JK08012,1
JK08013,1
JK08015,1
JK08016,1
JK08017,1
JK08018,1
JK08019,1
JK08020,1
JK08021,1
JK08022,1
JK08023,1
JK08024,1
JK08025,1
JK08026,1
JK08027,1
JK08028,1
JK08029,1
JK08030,1
JK08031,1
JK08032,1
JK08033,1
JK08034,1
JK08035,1
JK08036,1
JK08037,1
JK08038,1
JK08039,1
JK08040,1
JK08041,1
JK08042,1
JK08043,1
JK08044,1
JK08045,1
JK08046,1
JK08047,1
JK08048,1
JK08049,1
JK08050,1
JK08051,1
JK08052,1
JK08053,1
JK08054,1
JK08055,1
JK08057,1
JK08058,1
JK08059,1
JK08060,1
JK08061,1
JK08062,1
JK08063,1
JK08064,1
JK08065,1
JK08066,1
JK08068,1
JK08069,1
JK08072,1
JK08073,1
JK08074,1
JK08075,1
JK08076,1
JK08077,1
JK08078,1
JK08079,1
JK08080,1
JK08081,1
JK08083,1
JK08084,1
JK08085,1
JK08087,1
JK08088,1
JK08089,1
JK08090,1
JK08093,1
JK08094,1
JK08096,1
JK08097,1
JK08098,1
JK08099,1
JK08100,1
JK08101,1
JK08102,1
JK08104,1
JK08105,1
JK08106,1
JK08107,1
JK08108,1
JK08109,1
JK08111,1
JK08112,1
JK08113,1
JK08114,1
JK08115,1
JK08117,1
JK08118,1
JK08119,1
JK08120,1
JK08121,1
JK08122,1
JK08123,1
JK08124,1
JK08126,1
JK08127,1
JK08128,1
JK08129,1
JK08130,1
JK08131,1
JK08132,1
JK08134,1
JK08135,1
JK08136,1
JK08138,1
JK08139,1
JK08140,1
JK08141,1
JK08143,1
JK08144,1
JK08145,1
JK08146,1
JK08149,1
JK08150,1
JK08151,1
JK08152,1
JK08153,1
JK08155,1
JK08156,1
JK08157,1
JK08158,1
JK08159,1
JK08160,1
JK08162,1
JK08163,1
JK08164,1
JK08165,1
JK08166,1
JK08167,1
JK08169,1
JK08170,1
JK08171,1
JK08172,1
JK08173,1
JK08174,1
JK08175,1
JK08176,1
JK08177,1
JK08178,1
JK08181,1
JK08184,1
JK08187,1
JK08188,1
JK08189,1
JK08190,1
JK08191,1
JK08192,1
JK08193,1
JK08194,1
JK08195,1
JK08197,1
JK08198,1
JK08199,1
JK08200,1
JK08202,1
JK08207,1
JK08208,1
JK08209,1
JK08210,1
JK08211,1
JK08212,1
JK08213,1
JK08214,1
JK08216,1
JK08217,1
JK08221,1
JK08222,1
JK08223,1
JK08224,1
JK08225,1
JK08226,1
JK08229,1
JK08230,1
JK08231,1
JK08232,1
JK08233,1
JK08234,1
JK08235,1
JK08236,1
JK08237,1
JK08238,1
JK08239,1
JK08240,1
JK08241,1
JK08242,1
JK08243,1
JK08244,1
JK08245,1
JK08246,1
JK08247,1
JK08248,1
JK08250,1
JK08252,1
JK08253,1
JK08254,1
JK08255,1
JK08256,1
JK08257,1
JK08258,1
JK08259,1
JK08260,1
JK08261,1
JK08262,1
JK08263,1
JK08264,1
JK08265,1
JK08266,1
JK08267,1
JK08268,1
JK08269,1
JK08270,1
JK08271,1
JK08272,1
JK08273,1
JK08275,1
JK08276,1
JK08277,1
JK08278,1
JK08279,1
JK08280,1
JK08281,1
JK08282,1
JK08283,1
JK08284,1
JK08285,1
JK08286,1
JK08287,1
JK08288,1
JK08289,1
JK08290,1
JK08291,1
JK08292,1
JK08294,1
JK08295,1
JK08296,1
JK08297,1
JK08298,1
JK08299,1
JK08300,1
JK08301,1
JK08302,1
JK08303,1
JK08304,1
JK08305,1
JK08306,1
JK08307,1
JK08308,1
JK08309,1
JK08310,1
JK08311,1
JK08313,1
JK08314,1
JK08315,1
JK08316,1
JK08317,1
JK08318,1
JK08319,1
JK08320,1
JK08321,1
JK08322,1
JK08323,1
JK08324,1
JK08325,1
JK08327,1
JK08328,1
JK08329,1
JK08330,1
JK08331,1
JK08332,1
JK08333,1
JK08334,1
JK08335,1
JK08336,1
JK08337,1
JK08338,1
JK08339,1
JK08340,1
JK08341,1
JK08342,1
JK08343,1
JK08344,1
JK08345,1
JK08346,1
JK08347,1
JK08348,1
JK08349,1
JK08350,1
JK08351,1
JK08352,1
JK08353,1
JK08354,1
JK08355,1
JK08356,1
JK08357,1
JK08358,1
JK08359,1
JK08360,1
JK08361,1
JK08362,1
JK08363,1
JK08364,1
JK08365,1
JK08367,1
JK08368,1
JK08369,1
JK08370,1
JK08372,1
JK08375,1
JK08376,1
JK08377,1
JK08378,1
JK08379,1
JK08380,1
JK08382,1
JK08384,1
JK08386,1
JK08387,1
JK08388,1
JK08389,1
JK08390,1
JK08391,1
JK08392,1
JK08394,1
JK08395,1
JK08396,1
JK08397,1
JK08398,1
JK08400,1
JK08401,1
JK08402,1
JK08403,1
JK08405,1
JK08406,1
JK08407,1
JK08408,1
JK08411,1
JK08412,1
JK08413,1
JK08414,1
JK08415,1
JK08416,1
JK08417,1
JK08418,1
JK08419,1
JK08420,1
JK08422,1
JK08423,1
JK08432,1
JK08433,1
JK08434,1
JK08435,1
JK08436,1
JK08437,1
JK08438,1
JK08440,1
JK08441,1
JK08442,1
JK08443,1
JK08444,1
JK08445,1
JK08446,1
JK08447,1
JK08449,1
JK08450,1
JK08451,1
JK08452,1
JK08454,1
JK08455,1
JK08456,1
JK08457,1
JK08458,1
JK08459,1
JK08461,1
JK08462,1
JK08463,1
JK08464,1
JK08465,1
JK08466,1
JK08467,1
JK08468,1
JK08469,1
JK08470,1
JK08472,1
JK08474,1
JK08476,1
JK08477,1
JK08478,1
JK08479,1
JK08480,1
JK08481,1
JK08483,1
JK08484,1
JK08485,1
JK08486,1
JK08487,1
JK08488,1
JK08489,1
JK08490,1
JK08491,1
JK08492,1
JK08493,1
JK08495,1
JK08496,1
JK08497,1
JK08499,1
JK08500,1
JK08502,1
JK08504,1
JK08505,1
JK08506,1
JK08508,1
JK08509,1
JK08510,1
JK08511,1
JK08512,1
JK08513,1
JK08514,1
JK08515,1
JK08516,1
JK08518,1
JK08519,1
JK08520,1
JK08521,1
JK08522,1
JK08523,1
JK08524,1
JK08525,1
JK08526,1
JK08528,1
JK08529,1
JK08530,1
JK08531,1
JK08532,1
JK08533,1
JK08534,1
JK08535,1
JK08536,1
JK08537,1
JK08538,1
JK08539,1
JK08540,1
JK08541,1
JK08542,1
JK08543,1
JK08544,1
JK08545,1
JK08546,1
JK08547,1
JK08548,1
JK08549,1
JK08550,1
JK08551,1
JK08553,1
JK08555,1
JK08556,1
JK08557,1
JK08558,1
JK08559,1
JK08560,1
JK08561,1
JK08562,1
JK08563,1
JK08564,1
JK08565,1
JK08566,1
JK08567,1
JK08568,1
JK08569,1
JK08570,1
JK08571,1
JK08572,1
JK08573,1
JK08574,1
JK08575,1
JK08578,1
JK08582,1
JK08583,1
JK08588,1
JK08589,1
JK08592,1
JK08593,1
JK08595,1
JK08599,1
JK08600,1
JK08601,1
JK08602,1
JK08603,1
JK08605,1
JK08606,1
JK08607,1
JK08609,1
JK08610,1
JK08611,1
JK08614,1
JK08615,1
JK08616,1
JK08617,1
JK08619,1
JK08620,1
JK08621,1
JK08622,1
JK08623,1
JK08624,1
JK08625,1
JK08626,1
JK08627,1
JK08628,1
JK08629,1
JK08630,1
JK08631,1
JK08632,1
JK08633,1
JK08634,1
JK08635,1
JK08637,1
JK08638,1
JK08639,1
JK08640,1
JK08642,1
JK08643,1
JK08644,1
JK08646,1
JK08647,1
JK08648,1
JK08649,1
JK08650,1
JK08651,1
JK08652,1
JK08653,1
JK08655,1
JK08656,1
JK08657,1
JK08658,1
JK08660,1
JK08661,1
JK08662,1
JK08664,1
JK08665,1
JK08668,1
JK08669,1
JK08671,1
JK08672,1
JK08673,1
JK08674,1
JK08675,1
JK08676,1
JK08677,1
JK08678,1
JK08679,1
JK08680,1
JK08683,1
JK08684,1
JK08685,1
JK08686,1
JK08687,1
JK08689,1
JK08690,1
JK08692,1
JK08694,1
JK08695,1
JK08697,1
JK08698,1
JK08699,1
JK08701,1
JK08702,1
JK08703,1
JK08704,1
JK08705,1
JK08706,1
JK08707,1
JK08708,1
JK08709,1
JK08711,1
JK08713,1
JK08714,1
JK08715,1
JK08716,1
JK08717,1
JK08718,1
JK08719,1
JK08720,1
JK08721,1
JK08722,1
JK08723,1
JK08724,1
JK08725,1
JK08726,1
JK08727,1
JK08728,1
JK08729,1
JK08730,1
JK08732,1
JK08734,1
JK08735,1
JK08736,1
JK08737,1
JK08738,1
JK08739,1
JK08741,1
JK08742,1
JK08743,1
JK08744,1
JK08745,1
JK08746,1
JK08747,1
JK08748,1
JK08752,1
JK08753,1
JK08754,1
JK08755,1
JK08756,1
JK08757,1
JK08758,1
JK08759,1
JK08761,1
JK08763,1
JK08765,1
JK08766,1
JK08767,1
JK08769,1
JK08770,1
JK08774,1
JK08775,1
JK08777,1
JK08778,1
JK08779,1
JK08780,1
JK08781,1
JK08782,1
JK08783,1
JK08784,1
JK08786,1
JK08787,1
JK08788,1
JK08789,1
JK08790,1
JK08791,1
JK08793,1
JK08794,1
JK08795,1
JK08796,1
JK08797,1
JK08798,1
JK08799,1
JK08800,1
JK08802,1
JK08803,1
JK08804,1
JK08805,1
JK08806,1
JK08807,1
JK08808,1
JK08809,1
JK08810,1
JK08811,1
JK08812,1
JK08813,1
JK08814,1
JK08815,1
JK08816,1
JK08817,1
JK08818,1
JK08819,1
JK08820,1
JK08821,1
JK08822,1
JK08823,1
JK08824,1
JK08826,1
JK08827,1
JK08828,1
JK08829,1
JK08830,1
JK08831,1
JK08832,1
JK08833,1
JK08834,1
JK08835,1
JK08836,1
JK08837,1
JK08838,1
JK08839,1
JK08840,1
JK08841,1
JK08842,1
JK08843,1
JK08844,1
JK08845,1
JK08846,1
JK08849,1
JK08850,1
JK08851,1
JK08854,1
JK08855,1
JK08856,1
JK08857,1
JK08858,1
JK08859,1
JK08860,1
JK08861,1
JK08862,1
JK08863,1
JK08864,1
JK08865,1
JK08866,1
JK08867,1
JK08868,1
JK08869,1
JK08870,1
JK08871,1
JK08872,1
JK08873,1
JK08874,1
JK08875,1
JK08876,1
JK08877,1
JK08878,1
JK08881,1
JK08882,1
JK08883,1
JK08884,1
JK08887,1
JK08888,1
JK08890,1
JK08891,1
JK08892,1
JK08893,1
JK08894,1
JK08895,1
JK08896,1
JK08897,1
JK08898,1
JK08899,1
JK08900,1
JK08901,1
JK08903,1
JK08904,1
JK08905,1
JK08906,1
JK08907,1
JK08908,1
JK08909,1
JK08910,1
JK08911,1
JK08912,1
JK08913,1
JK08914,1
JK08915,1
JK08916,1
JK08917,1
JK08918,1
JK08919,1
JK08920,1
JK08921,1
JK08922,1
JK08923,1
JK08924,1
JK08925,1
JK08926,1
JK08927,1
JK08929,1
JK08930,1
JK08931,1
JK08932,1
JK08934,1
JK08935,1
JK08936,1
JK08938,1
JK08939,1
JK08941,1
JK08942,1
JK08944,1
JK08945,1
JK08946,1
JK08947,1
JK08949,1
JK08950,1
JK08951,1
JK08952,1
JK08953,1
JK08954,1
JK08955,1
JK08956,1
JK08957,1
JK08958,1
JK08959,1
JK08960,1
JK08961,1
JK08962,1
JK08963,1
JK08964,1
JK08965,1
JK08966,1
JK08967,1
JK08970,1
JK08971,1
JK08974,1
JK08975,1
JK08976,1
JK08977,1
JK08978,1
JK08979,1
JK08980,1
JK08981,1
JK08982,1
JK08983,1
JK08984,1
JK08986,1
JK08987,1
JK08990,1
JK08991,1
JK08992,1
JK08993,1
JK08994,1
JK08995,1
JK08996,1
JK08997,1
JK08999,1
JK09000,1
JK09003,1
JK09004,1
JK09005,1
JK09006,1
JK09007,1
JK09008,1
JK09009,1
JK09010,1
JK09011,1
JK09012,1
JK09013,1
JK09014,1
JK09015,1
JK09016,1
JK09017,1
JK09018,1
JK09019,1
JK09020,1
JK09022,1
JK09024,1
JK09025,1
JK09026,1
JK09027,1
JK09028,1
JK09030,1
JK09031,1
JK09032,1
JK09033,1
JK09034,1
JK09035,1
JK09036,1
JK09037,1
JK09038,1
JK09039,1
JK09041,1
JK09042,1
JK09044,1
JK09045,1
JK09046,1
JK09047,1
JK09048,1
JK09049,1
JK09059,1
JK09070,1
JK09071,1
JK09072,1
JK09073,1
JK09074,1
JK09075,1
JK09076,1
JK09077,1
JK09080,1
JK09081,1
JK09082,1
JK09083,1
JK09084,1
JK09085,1
JK09086,1
JK09087,1
JK09088,1
JK09089,1
JK09090,1
JK09091,1
JK09093,1
JK09094,1
JK09095,1
JK09096,1
JK09098,1
JK09100,1
JK09101,1
JK09102,1
JK09103,1
JK09104,1
JK09105,1
JK09106,1
JK09110,1
JK09111,1
JK09112,1
JK09113,1
JK09114,1
JK09115,1
JK09116,1
JK09117,1
JK09118,1
JK09119,1
JK09120,1
JK09121,1
JK09122,1
JK09123,1
JK09125,1
JK09127,1
JK09128,1
JK09129,1
JK09130,1
JK09131,1
JK09132,1
JK09133,1
JK09134,1
JK09135,1
JK09137,1
JK09138,1
JK09139,1
JK09140,1
JK09143,1
JK09144,1
JK09145,1
JK09147,1
JK09148,1
JK09149,1
JK09150,1
JK09152,1
JK09153,1
JK09154,1
JK09155,1
JK09156,1
JK09157,1
JK09158,1
JK09159,1
JK09160,1
JK09161,1
JK09162,1
JK09163,1
JK09164,1
JK09165,1
JK09166,1
JK09167,1
JK09168,1
JK09170,1
JK09172,1
JK09173,1
JK09174,1
JK09176,1
JK09177,1
JK09179,1
JK09180,1
JK09181,1
JK09182,1
JK09183,1
JK09184,1
JK09186,1
JK09187,1
JK09188,1
JK09189,1
JK09190,1
JK09191,1
JK09192,1
JK09193,1
JK09194,1
JK09198,1
JK09200,1
JK09201,1
JK09202,1
JK09203,1
JK09204,1
JK09205,1
JK09206,1
JK09207,1
JK09208,1
JK09209,1
JK09210,1
JK09212,1
JK09213,1
JK09214,1
JK09215,1
JK09216,1
JK09217,1
JK09218,1
JK09219,1
JK09220,1
JK09221,1
JK09222,1
JK09223,1
JK09224,1
JK09225,1
JK09226,1
JK09227,1
JK09228,1
JK09229,1
JK09231,1
JK09232,1
JK09233,1
JK09234,1
JK09235,1
JK09236,1
JK09238,1
JK09240,1
JK09246,1
JK09247,1
JK09248,1
JK09249,1
JK09250,1
JK09252,1
JK09254,1
JK09255,1
JK09256,1
JK09258,1
JK09259,1
JK09260,1
JK09261,1
JK09263,1
JK09264,1
JK09265,1
JK09266,1
JK09267,1
JK09268,1
JK09269,1
JK09270,1
JK09273,1
JK09274,1
JK09276,1
JK09280,1
JK09282,1
JK09284,1
JK09285,1
JK09286,1
JK09287,1
JK09288,1
JK09289,1
JK09290,1
JK09292,1
JK09293,1
JK09294,1
JK09295,1
JK09296,1
JK09297,1
JK09299,1
JK09300,1
JK09302,1
JK09304,1
JK09307,1
JK09308,1
JK09309,1
JK09312,1
JK09316,1
JK09317,1
JK09318,1
JK09324,1
JK09325,1
JK09326,1
JK09327,1
JK09328,1
JK09329,1
JK09335,1
JK09336,1
JK09337,1
JK09338,1
JK09339,1
JK09340,1
JK09341,1
JK09342,1
JK09343,1
JK09344,1
JK09345,1
JK09346,1
JK09347,1
JK09348,1
JK09349,1
JK09350,1
JK09351,1
JK09352,1
JK09353,1
JK09354,1
JK09355,1
JK09356,1
JK09357,1
JK09359,1
JK09360,1
JK09361,1
JK09362,1
JK09363,1
JK09364,1
JK09365,1
JK09366,1
JK09367,1
JK09368,1
JK09369,1
JK09370,1
JK09371,1
JK09372,1
JK09373,1
JK09374,1
JK09375,1
JK09377,1
JK09378,1
JK09380,1
JK09381,1
JK09382,1
JK09383,1
JK09384,1
JK09385,1
JK09386,1
JK09387,1
JK09388,1
JK09389,1
JK09390,1
JK09391,1
JK09392,1
JK09393,1
JK09394,1
JK09397,1
JK09398,1
JK09399,1
JK09400,1
JK09401,1
JK09402,1
JK09403,1
JK09404,1
JK09405,1
JK09406,1
JK09407,1
JK09411,1
JK09412,1
JK09413,1
JK09414,1
JK09415,1
JK09416,1
JK09417,1
JK09418,1
JK09419,1
JK09422,1
JK09424,1
JK09425,1
JK09426,1
JK09427,1
JK09428,1
JK09429,1
JK09430,1
JK09431,1
JK09432,1
JK09433,1
JK09434,1
JK09435,1
JK09436,1
JK09437,1
JK09438,1
JK09439,1
JK09440,1
JK09441,1
JK09442,1
JK09445,1
JK09447,1
JK09448,1
JK09449,1
JK09451,1
JK09452,1
JK09453,1
JK09455,1
JK09456,1
JK09457,1
JK09458,1
JK09459,1
JK09460,1
JK09461,1
JK09462,1
JK09463,1
JK09465,1
JK09467,1
JK09469,1
JK09471,1
JK09473,1
JK09474,1
JK09475,1
JK09476,1
JK09477,1
JK09478,1
JK09479,1
JK09480,1
JK09481,1
JK09482,1
JK09483,1
JK09484,1
JK09485,1
JK09486,1
JK09487,1
JK09489,1
JK09494,1
JK09495,1
JK09498,1
JK09499,1
JK09502,1
JK09503,1
JK09506,1
JK09507,1
JK09508,1
JK09511,1
JK09512,1
JK09513,1
JK09515,1
JK09516,1
JK09517,1
JK09520,1
JK09523,1
JK09528,1
JK09529,1
JK09530,1
JK09534,1
JK09538,1
JK09539,1
JK09542,1
JK09543,1
JK09545,1
JK09550,1
JK09554,1
JK09555,1
JK09557,1
JK09558,1
JK09562,1
JK09565,1
JK09575,1
JK09577,1
JK09578,1
JK09580,1
JK09581,1
JK09582,1
JK09583,1
JK09584,1
JK09585,1
JK09586,1
JK09587,1
JK09588,1
JK09592,1
JK09594,1
JK09595,1
JK09596,1
JK09597,1
JK09599,1
JK09603,1
JK09604,1
JK09606,1
JK09610,1
JK09611,1
JK09614,1
JK09616,1
JK09617,1
JK09618,1
JK09619,1
JK09620,1
JK09621,1
JK09623,1
JK09624,1
JK09625,1
JK09626,1
JK09627,1
JK09628,1
JK09632,1
JK09633,1
JK09637,1
JK09638,1
JK09639,1
JK09641,1
JK09643,1
JK09644,1
JK09646,1
JK09647,1
JK09648,1
JK09649,1
JK09650,1
JK09651,1
JK09653,1
JK09656,1
JK09658,1
JK09660,1
JK09661,1
JK09662,1
JK09664,1
JK09665,1
JK09666,1
JK09668,1
JK09669,1
JK09671,1
JK09672,1
JK09673,1
JK09674,1
JK09676,1
JK09677,1
JK09680,1
JK09683,1
JK09685,1
JK09687,1
JK09688,1
JK09689,1
JK09692,1
JK09693,1
JK09695,1
JK09696,1
JK09698,1
JK09699,1
JK09701,1
JK09705,1
JK09706,1
JK09707,1
JK09708,1
JK09712,1
JK09714,1
JK09717,1
JK09718,1
JK09719,1
JK09721,1
JK09722,1
JK09723,1
JK09725,1
JK09726,1
JK09727,1
JK09731,1
JK09735,1
JK09744,1
JK09752,1
JK09770,1
JK09772,1
JK09783,1
JK09784,1
JK09785,1
JK09786,1
JK09788,1
JK09789,1
JK09790,1
JK09791,1
JK09792,1
JK09793,1
JK09794,1
JK09795,1
JK09796,1
JK09797,1
JK09798,1
JK09800,1
JK09801,1
JK09802,1
JK09803,1
JK09804,1
JK09805,1
JK09806,1
JK09807,1
JK09808,1
JK09809,1
JK09810,1
JK09811,1
JK09812,1
JK09813,1
JK09814,1
JK09815,1
JK09816,1
JK09818,1
JK09819,1
JK09820,1
JK09821,1
JK09831,1
JK09832,1
JK09839,1
JK09840,1
JK09841,1
JK09843,1
JK09844,1
JK09845,1
JK09846,1
JK09847,1
JK09848,1
JK09849,1
JK09850,1
JK09852,1
JK09853,1
JK09854,1
JK09857,1
JK09858,1
JK09859,1
JK09860,1
JK09861,1
JK09862,1
JK09863,1
JK09864,1
JK09865,1
JK09866,1
JK09867,1
JK09868,1
JK09869,1
JK09870,1
JK09871,1
JK09872,1
JK09873,1
JK09875,1
JK09877,1
JK09879,1
JK09880,1
JK09881,1
JK09882,1
JK09883,1
JK09885,1
JK09886,1
JK09887,1
JK09888,1
JK09889,1
JK09890,1
JK09891,1
JK09892,1
JK09893,1
JK09894,1
JK09895,1
JK09896,1
JK09897,1
JK09898,1
JK09899,1
JK09900,1
JK09901,1
JK09902,1
JK09903,1
JK09905,1
JK09906,1
JK09908,1
JK09909,1
JK09910,1
JK09912,1
JK09913,1
JK09915,1
JK09916,1
JK09917,1
JK09918,1
JK09920,1
JK09922,1
JK09923,1
JK09924,1
JK09925,1
JK09926,1
JK09927,1
JK09928,1
JK09930,1
JK09931,1
JK09932,1
JK09933,1
JK09934,1
JK09935,1
JK09936,1
JK09937,1
JK09938,1
JK09941,1
JK09942,1
JK09943,1
JK09944,1
JK09945,1
JK09946,1
JK09947,1
JK09948,1
JK09949,1
JK09950,1
JK09953,1
JK09955,1
JK09956,1
JK09957,1
JK09972,1
JK09973,1
JK09974,1
JK09975,1
JK09976,1
JK09977,1
JK09979,1
JK09980,1
JK09981,1
JK09982,1
JK09983,1
JK09984,1
JK09985,1
JK09986,1
JK09987,1
JK09988,1
JK09989,1
JK09990,1
JK09991,1
JK09992,1
JK09993,1
JK09995,1
JK09996,1
JK09997,1
JK09998,1
JK09999,1
JK10000,1
JK10003,1
JK10004,1
JK10005,1
JK10006,1
JK10007,1
JK10008,1
JK10009,1
JK10010,1
JK10011,1
JK10012,1
JK10013,1
JK10015,1
JK10016,1
JK10017,1
JK10019,1
JK10020,1
JK10022,1
JK10023,1
JK10024,1
JK10025,1
JK10027,1
JK10028,1
JK10029,1
JK10030,1
JK10031,1
JK10032,1
JK10033,1
JK10034,1
JK10035,1
JK10036,1
JK10038,1
JK10039,1
JK10040,1
JK10042,1
JK10044,1
JK10047,1
JK10051,1
JK10052,1
JK10054,1
JK10055,1
JK10056,1
JK10058,1
JK10059,1
JK10060,1
JK10061,1
JK10062,1
JK10063,1
JK10064,1
JK10065,1
JK10066,1
JK10067,1
JK10068,1
JK10069,1
JK10070,1
JK10071,1
JK10072,1
JK10073,1
JK10074,1
JK10075,1
JK10076,1
JK10077,1
JK10079,1
JK10080,1
JK10081,1
JK10082,1
JK10083,1
JK10084,1
JK10085,1
JK10086,1
JK10087,1
JK10088,1
JK10090,1
JK10091,1
JK10092,1
JK10094,1
JK10095,1
JK10096,1
JK10097,1
JK10099,1
JK10100,1
JK10101,1
JK10102,1
JK10103,1
JK10104,1
JK10105,1
JK10106,1
JK10107,1
JK10109,1
JK10110,1
JK10111,1
JK10112,1
JK10113,1
JK10115,1
JK10116,1
JK10117,1
JK10119,1
JK10120,1
JK10121,1
JK10122,1
JK10123,1
JK10124,1
JK10126,1
JK10127,1
JK10128,1
JK10129,1
JK10130,1
JK10131,1
JK10132,1
JK10134,1
JK10136,1
JK10140,1
JK10141,1
JK10142,1
JK10143,1
JK10144,1
JK10145,1
JK10146,1
JK10147,1
JK10148,1
JK10149,1
JK10150,1
JK10151,1
JK10152,1
JK10153,1
JK10154,1
JK10155,1
JK10156,1
JK10158,1
JK10159,1
JK10160,1
JK10161,1
JK10162,1
JK10163,1
JK10164,1
JK10165,1
JK10166,1
JK10167,1
JK10168,1
JK10171,1
JK10172,1
JK10173,1
JK10174,1
JK10175,1
JK10177,1
JK10180,1
JK10181,1
JK10182,1
JK10183,1
JK10184,1
JK10185,1
JK10186,1
JK10187,1
JK10188,1
JK10189,1
JK10190,1
JK10193,1
JK10195,1
JK10199,1
JK10200,1
JK10201,1
JK10202,1
JK10203,1
JK10204,1
JK10206,1
JK10207,1
JK10208,1
JK10209,1
JK10210,1
JK10211,1
JK10213,1
JK10214,1
JK10215,1
JK10216,1
JK10217,1
JK10218,1
JK10219,1
JK10220,1
JK10221,1
JK10222,1
JK10223,1
JK10224,1
JK10225,1
JK10226,1
JK10227,1
JK10228,1
JK10229,1
JK10232,1
JK10233,1
JK10234,1
JK10235,1
JK10236,1
JK10237,1
JK10238,1
JK10239,1
JK10240,1
JK10241,1
JK10242,1
JK10244,1
JK10245,1
JK10246,1
JK10247,1
JK10248,1
JK10249,1
JK10250,1
JK10251,1
JK10252,1
JK10253,1
JK10254,1
JK10255,1
JK10256,1
JK10257,1
JK10258,1
JK10259,1
JK10260,1
JK10261,1
JK10262,1
JK10263,1
JK10264,1
JK10265,1
JK10266,1
JK10267,1
JK10268,1
JK10269,1
JK10271,1
JK10272,1
JK10273,1
JK10274,1
JK10275,1
JK10276,1
JK10278,1
JK10279,1
JK10280,1
JK10282,1
JK10283,1
JK10285,1
JK10287,1
JK10288,1
JK10289,1
JK10290,1
JK10291,1
JK10293,1
JK10294,1
JK10295,1
JK10296,1
JK10298,1
JK10299,1
JK10300,1
JK10301,1
JK10302,1
JK10303,1
JK10304,1
JK10306,1
JK10310,1
JK10311,1
JK10312,1
JK10314,1
JK10315,1
JK10316,1
JK10317,1
JK10318,1
JK10319,1
JK10320,1
JK10321,1
JK10322,1
JK10323,1
JK10324,1
JK10325,1
JK10326,1
JK10327,1
JK10328,1
JK10329,1
JK10330,1
JK10331,1
JK10333,1
JK10334,1
JK10335,1
JK10336,1
JK10337,1
JK10338,1
JK10339,1
JK10340,1
JK10341,1
JK10342,1
JK10343,1
JK10344,1
JK10345,1
JK10346,1
JK10347,1
JK10348,1
JK10350,1
JK10352,1
JK10353,1
JK10354,1
JK10355,1
JK10356,1
JK10357,1
JK10358,1
JK10359,1
JK10361,1
JK10362,1
JK10363,1
JK10364,1
JK10365,1
JK10366,1
JK10367,1
JK10368,1
JK10369,1
JK10370,1
JK10371,1
JK10372,1
JK10373,1
JK10374,1
JK10378,1
JK10379,1
JK10380,1
JK10381,1
JK10382,1
JK10383,1
JK10384,1
JK10385,1
JK10387,1
JK10388,1
JK10389,1
JK10391,1
JK10392,1
JK10393,1
JK10394,1
JK10395,1
JK10396,1
JK10397,1
JK10398,1
JK10399,1
JK10401,1
JK10402,1
JK10403,1
JK10404,1
JK10405,1
JK10406,1
JK10408,1
JK10409,1
JK10410,1
JK10412,1
JK10414,1
JK10415,1
JK10416,1
JK10417,1
JK10418,1
JK10419,1
JK10420,1
JK10421,1
JK10422,1
JK10423,1
JK10424,1
JK10426,1
JK10427,1
JK10428,1
JK10429,1
JK10430,1
JK10431,1
JK10432,1
JK10433,1
JK10434,1
JK10435,1
JK10436,1
JK10437,1
JK10438,1
JK10439,1
JK10440,1
JK10441,1
JK10442,1
JK10443,1
JK10444,1
JK10447,1
JK10448,1
JK10449,1
JK10450,1
JK10451,1
JK10452,1
JK10453,1
JK10454,1
JK10455,1
JK10456,1
JK10458,1
JK10459,1
JK10461,1
JK10462,1
JK10463,1
JK10464,1
JK10465,1
JK10466,1
JK10467,1
JK10469,1
JK10471,1
JK10472,1
JK10473,1
JK10474,1
JK10475,1
JK10476,1
JK10477,1
JK10478,1
JK10479,1
JK10480,1
JK10481,1
JK10482,1
JK10483,1
JK10484,1
JK10485,1
JK10487,1
JK10488,1
JK10489,1
JK10490,1
JK10491,1
JK10492,1
JK10493,1
JK10494,1
JK10495,1
JK10496,1
JK10497,1
JK10498,1
JK10499,1
JK10500,1
JK10501,1
JK10502,1
JK10503,1
JK10504,1
JK10505,1
JK10506,1
JK10507,1
JK10508,1
JK10510,1
JK10513,1
JK10514,1
JK10515,1
JK10516,1
JK10518,1
JK10519,1
JK10520,1
JK10521,1
JK10522,1
JK10523,1
JK10524,1
JK10525,1
JK10526,1
JK10527,1
JK10528,1
JK10529,1
JK10530,1
JK10531,1
JK10532,1
JK10534,1
JK10535,1
JK10536,1
JK10538,1
JK10539,1
JK10540,1
JK10541,1
JK10542,1
JK10543,1
JK10544,1
JK10545,1
JK10546,1
JK10547,1
JK10548,1
JK10549,1
JK10550,1
JK10551,1
JK10552,1
JK10553,1
JK10554,1
JK10555,1
JK10556,1
JK10557,1
JK10558,1
JK10563,1
JK10567,1
JK10571,1
JK10572,1
JK10573,1
JK10574,1
JK10575,1
JK10576,1
JK10577,1
JK10578,1
JK10579,1
JK10580,1
JK10581,1
JK10582,1
JK10584,1
JK10585,1
JK10586,1
JK10587,1
JK10588,1
JK10589,1
JK10590,1
JK10591,1
JK10592,1
JK10593,1
JK10594,1
JK10595,1
JK10596,1
JK10597,1
JK10598,1
JK10599,1
JK10600,1
JK10601,1
JK10603,1
JK10604,1
JK10605,1
JK10606,1
JK10607,1
JK10608,1
JK10609,1
JK10611,1
JK10612,1
JK10613,1
JK10614,1
JK10615,1
JK10616,1
JK10617,1
JK10618,1
JK10620,1
JK10621,1
JK10622,1
JK10623,1
JK10624,1
JK10625,1
JK10626,1
JK10627,1
JK10628,1
JK10629,1
JK10630,1
JK10631,1
JK10632,1
JK10633,1
JK10636,1
JK10637,1
JK10638,1
JK10640,1
JK10641,1
JK10643,1
JK10644,1
JK10645,1
JK10646,1
JK10647,1
JK10649,1
JK10650,1
JK10651,1
JK10652,1
JK10653,1
JK10654,1
JK10655,1
JK10656,1
JK10657,1
JK10658,1
JK10659,1
JK10660,1
JK10661,1
JK10662,1
JK10663,1
JK10665,1
JK10667,1
JK10668,1
JK10669,1
JK10670,1
JK10671,1
JK10672,1
JK10673,1
JK10674,1
JK10675,1
JK10676,1
JK10677,1
JK10678,1
JK10680,1
JK10685,1
JK10686,1
JK10687,1
JK10688,1
JK10689,1
JK10690,1
JK10691,1
JK10692,1
JK10693,1
JK10694,1
JK10696,1
JK10697,1
JK10698,1
JK10699,1
JK10700,1
JK10701,1
JK10702,1
JK10703,1
JK10704,1
JK10705,1
JK10707,1
JK10708,1
JK10709,1
JK10710,1
JK10711,1
JK10712,1
JK10713,1
JK10714,1
JK10715,1
JK10716,1
JK10717,1
JK10718,1
JK10719,1
JK10720,1
JK10723,1
JK10724,1
JK10725,1
JK10726,1
JK10727,1
JK10728,1
JK10729,1
JK10730,1
JK10731,1
JK10733,1
JK10734,1
JK10735,1
JK10736,1
JK10737,1
JK10739,1
JK10740,1
JK10741,1
JK10742,1
JK10743,1
JK10744,1
JK10745,1
JK10746,1
JK10747,1
JK10749,1
JK10750,1
JK10751,1
JK10752,1
JK10753,1
JK10754,1
JK10755,1
JK10756,1
JK10757,1
JK10758,1
JK10759,1
JK10760,1
JK10761,1
JK10762,1
JK10763,1
JK10764,1
JK10765,1
JK10766,1
JK10767,1
JK10768,1
JK10769,1
JK10770,1
JK10771,1
JK10772,1
JK10773,1
JK10774,1
JK10775,1
JK10776,1
JK10777,1
JK10779,1
JK10780,1
JK10781,1
JK10782,1
JK10783,1
JK10784,1
JK10785,1
JK10786,1
JK10787,1
JK10788,1
JK10789,1
JK10790,1
JK10791,1
JK10792,1
JK10793,1
JK10794,1
JK10795,1
JK10796,1
JK10797,1
JK10798,1
JK10799,1
JK10800,1
JK10801,1
JK10802,1
JK10803,1
JK10805,1
JK10808,1
JK10809,1
JK10810,1
JK10811,1
JK10812,1
JK10813,1
JK10814,1
JK10815,1
JK10816,1
JK10817,1
JK10820,1
JK10821,1
JK10822,1
JK10823,1
JK10824,1
JK10825,1
JK10826,1
JK10827,1
JK10828,1
JK10829,1
JK10830,1
JK10831,1
JK10832,1
JK10833,1
JK10834,1
JK10835,1
JK10836,1
JK10837,1
JK10838,1
JK10839,1
JK10840,1
JK10842,1
JK10844,1
JK10845,1
JK10846,1
JK10847,1
JK10848,1
JK10849,1
JK10850,1
JK10851,1
JK10852,1
JK10853,1
JK10854,1
JK10855,1
JK10856,1
JK10857,1
JK10858,1
JK10859,1
JK10860,1
JK10861,1
JK10862,1
JK10863,1
JK10864,1
JK10865,1
JK10866,1
JK10867,1
JK10868,1
JK10869,1
JK10870,1
JK10871,1
JK10872,1
JK10873,1
JK10874,1
JK10875,1
JK10876,1
JK10877,1
JK10880,1
JK10881,1
JK10882,1
JK10883,1
JK10884,1
JK10885,1
JK10886,1
JK10887,1
JK10888,1
JK10889,1
JK10890,1
JK10891,1
JK10892,1
JK10893,1
JK10894,1
JK10895,1
JK10896,1
JK10898,1
JK10899,1
JK10900,1
JK10902,1
JK10903,1
JK10905,1
JK10906,1
JK10907,1
JK10908,1
JK10909,1
JK10910,1
JK10911,1
JK10912,1
JK10913,1
JK10914,1
JK10915,1
JK10916,1
JK10917,1
JK10918,1
JK10919,1
JK10920,1
JK10922,1
JK10923,1
JK10924,1
JK10925,1
JK10926,1
JK10927,1
JK10928,1
JK10929,1
JK10930,1
JK10931,1
JK10933,1
JK10934,1
JK10935,1
JK10936,1
JK10937,1
JK10938,1
JK10939,1
JK10940,1
JK10941,1
JK10943,1
JK10944,1
JK10945,1
JK10946,1
JK10947,1
JK10949,1
JK10950,1
JK10951,1
JK10953,1
JK10954,1
JK10955,1
JK10956,1
JK10957,1
JK10958,1
JK10959,1
JK10960,1
JK10961,1
JK10962,1
JK10963,1
JK10964,1
JK10965,1
JK10966,1
JK10967,1
JK10968,1
JK10969,1
JK10970,1
JK10972,1
JK10973,1
JK10974,1
JK10975,1
JK10976,1
JK10977,1
JK10978,1
JK10979,1
JK10980,1
JK10981,1
JK10982,1
JK10984,1
JK10985,1
JK10987,1
JK10988,1
JK10989,1
JK10991,1
JK10992,1
JK10993,1
JK10995,1
JK10996,1
JK10997,1
JK10998,1
JK10999,1
JK11000,1
JK11002,1
JK11003,1
JK11004,1
JK11005,1
JK11006,1
JK11007,1
JK11008,1
JK11009,1
JK11010,1
JK11011,1
JK11012,1
JK11013,1
JK11014,1
JK11015,1
JK11016,1
JK11018,1
JK11019,1
JK11020,1
JK11021,1
JK11022,1
JK11023,1
JK11024,1
JK11025,1
JK11028,1
JK11029,1
JK11030,1
JK11032,1
JK11033,1
JK11035,1
JK11036,1
JK11037,1
JK11038,1
JK11039,1
JK11041,1
JK11042,1
JK11043,1
JK11044,1
JK11045,1
JK11046,1
JK11047,1
JK11048,1
JK11049,1
JK11050,1
JK11051,1
JK11052,1
JK11053,1
JK11054,1
JK11055,1
JK11056,1
JK11057,1
JK11058,1
JK11060,1
JK11061,1
JK11062,1
JK11063,1
JK11064,1
JK11065,1
JK11066,1
JK11067,1
JK11068,1
JK11069,1
JK11070,1
JK11071,1
JK11072,1
JK11073,1
JK11075,1
JK11076,1
JK11077,1
JK11078,1
JK11079,1
JK11080,1
JK11081,1
JK11082,1
JK11083,1
JK11084,1
JK11087,1
JK11088,1
JK11089,1
JK11090,1
JK11091,1
JK11092,1
JK11093,1
JK11094,1
JK11095,1
JK11096,1
JK11097,1
JK11098,1
JK11099,1
JK11101,1
JK11102,1
JK11103,1
JK11104,1
JK11105,1
JK11106,1
JK11108,1
JK11109,1
JK11110,1
JK11111,1
JK11112,1
JK11113,1
JK11114,1
JK11115,1
JK11116,1
JK11117,1
JK11118,1
JK11119,1
JK11120,1
JK11121,1
JK11122,1
JK11123,1
JK11124,1
JK11125,1
JK11126,1
JK11127,1
JK11128,1
JK11129,1
JK11130,1
JK11131,1
JK11132,1
JK11133,1
JK11134,1
JK11135,1
JK11136,1
JK11137,1
JK11138,1
JK11139,1
JK11140,1
JK11141,1
JK11142,1
JK11143,1
JK11144,1
JK11146,1
JK11147,1
JK11148,1
JK11149,1
JK11150,1
JK11151,1
JK11152,1
JK11154,1
JK11155,1
JK11156,1
JK11157,1
JK11158,1
JK11159,1
JK11160,1
JK11161,1
JK11162,1
JK11163,1
JK11164,1
JK11165,1
JK11166,1
JK11167,1
JK11168,1
JK11169,1
JK11171,1
JK11173,1
JK11174,1
JK11175,1
JK11180,1
JK11182,1
JK11183,1
JK11184,1
JK11185,1
JK11186,1
JK11187,1
JK11188,1
JK11189,1
JK11190,1
JK11191,1
JK11192,1
JK11193,1
JK11194,1
JK11195,1
JK11196,1
JK11197,1
JK11198,1
JK11199,1
JK11200,1
JK11201,1
JK11202,1
JK11203,1
JK11204,1
JK11205,1
JK11206,1
JK11207,1
JK11209,1
JK11210,1
JK11211,1
JK11212,1
JK11214,1
JK11215,1
JK11216,1
JK11217,1
JK11218,1
JK11219,1
JK11220,1
JK11222,1
JK11223,1
JK11224,1
JK11225,1
JK11226,1
JK11227,1
JK11228,1
JK11229,1
JK11233,1
JK11235,1
JK11236,1
JK11237,1
JK11238,1
JK11239,1
JK11240,1
JK11241,1
JK11242,1
JK11243,1
JK11244,1
JK11245,1
JK11246,1
JK11247,1
JK11248,1
JK11249,1
JK11252,1
JK11254,1
JK11255,1
JK11256,1
JK11257,1
JK11258,1
JK11259,1
JK11260,1
JK11261,1
JK11262,1
JK11264,1
JK11265,1
JK11266,1
JK11267,1
JK11268,1
JK11269,1
JK11270,1
JK11271,1
JK11272,1
JK11273,1
JK11274,1
JK11275,1
JK11276,1
JK11277,1
JK11278,1
JK11279,1
JK11280,1
JK11281,1
JK11282,1
JK11283,1
JK11284,1
JK11285,1
JK11287,1
JK11288,1
JK11289,1
JK11290,1
JK11291,1
JK11295,1
JK11296,1
JK11297,1
JK11298,1
JK11299,1
JK11300,1
JK11303,1
JK11304,1
JK11305,1
JK11306,1
JK11307,1
JK11309,1
JK11310,1
JK11311,1
JK11312,1
JK11313,1
JK11314,1
JK11315,1
JK11316,1
JK11317,1
JK11318,1
JK11319,1
JK11320,1
JK11321,1
JK11322,1
JK11323,1
JK11324,1
JK11325,1
JK11326,1
JK11327,1
JK11328,1
JK11330,1
JK11331,1
JK11332,1
JK11333,1
JK11334,1
JK11336,1
JK11338,1
JK11340,1
JK11342,1
JK11343,1
JK11344,1
JK11345,1
JK11346,1
JK11348,1
JK11349,1
JK11350,1
JK11351,1
JK11353,1
JK11354,1
JK11355,1
JK11356,1
JK11357,1
JK11358,1
JK11359,1
JK11360,1
JK11361,1
JK11362,1
JK11363,1
JK11364,1
JK11366,1
JK11367,1
JK11368,1
JK11369,1
JK11370,1
JK11372,1
JK11374,1
JK11375,1
JK11376,1
JK11377,1
JK11378,1
JK11379,1
JK11380,1
JK11381,1
JK11382,1
JK11383,1
JK11384,1
JK11385,1
JK11386,1
JK11387,1
JK11388,1
JK11389,1
JK11390,1
JK11392,1
JK11393,1
JK11394,1
JK11395,1
JK11396,1
JK11397,1
JK11398,1
JK11399,1
JK11400,1
JK11401,1
JK11402,1
JK11403,1
JK11404,1
JK11405,1
JK11406,1
JK11407,1
JK11408,1
JK11410,1
JK11411,1
JK11412,1
JK11413,1
JK11414,1
JK11416,1
JK11417,1
JK11418,1
JK11419,1
JK11420,1
JK11421,1
JK11422,1
JK11423,1
JK11424,1
JK11425,1
JK11427,1
JK11428,1
JK11429,1
JK11430,1
JK11431,1
JK11432,1
JK11435,1
JK11436,1
JK11438,1
JK11439,1
JK11440,1
JK11443,1
JK11444,1
JK11445,1
JK11446,1
JK11447,1
JK11448,1
JK11449,1
JK11450,1
JK11451,1
JK11452,1
JK11453,1
JK11454,1
JK11455,1
JK11456,1
JK11457,1
JK11458,1
JK11459,1
JK11460,1
JK11461,1
JK11462,1
JK11463,1
JK11464,1
JK11465,1
JK11466,1
JK11467,1
JK11468,1
JK11469,1
JK11472,1
JK11473,1
JK11474,1
JK11475,1
JK11476,1
JK11477,1
JK11478,1
JK11479,1
JK11480,1
JK11481,1
JK11482,1
JK11484,1
JK11486,1
JK11487,1
JK11488,1
JK11489,1
JK11490,1
JK11492,1
JK11493,1
JK11494,1
JK11496,1
JK11497,1
JK11498,1
JK11499,1
JK11500,1
JK11501,1
JK11502,1
JK11503,1
JK11504,1
JK11505,1
JK11506,1
JK11507,1
JK11508,1
JK11509,1
JK11510,1
JK11511,1
JK11512,1
JK11513,1
JK11514,1
JK11515,1
JK11516,1
JK11517,1
JK11518,1
JK11519,1
JK11520,1
JK11521,1
JK11522,1
JK11523,1
JK11524,1
JK11525,1
JK11526,1
JK11527,1
JK11528,1
JK11529,1
JK11530,1
JK11532,1
JK11533,1
JK11534,1
JK11536,1
JK11537,1
JK11538,1
JK11539,1
JK11540,1
JK11541,1
JK11542,1
JK11543,1
JK11544,1
JK11545,1
JK11546,1
JK11547,1
JK11548,1
JK11549,1
JK11550,1
JK11551,1
JK11552,1
JK11553,1
JK11555,1
JK11556,1
JK11557,1
JK11558,1
JK11559,1
JK11560,1
JK11561,1
JK11562,1
JK11564,1
JK11565,1
JK11566,1
JK11568,1
JK11569,1
JK11570,1
JK11571,1
JK11572,1
JK11573,1
JK11574,1
JK11575,1
JK11576,1
JK11577,1
JK11578,1
JK11579,1
JK11580,1
JK11581,1
JK11582,1
JK11583,1
JK11584,1
JK11586,1
JK11587,1
JK11588,1
JK11589,1
JK11590,1
JK11591,1
JK11592,1
JK11593,1
JK11594,1
JK11595,1
JK11596,1
JK11597,1
JK11598,1
JK11599,1
JK11600,1
JK11601,1
JK11602,1
JK11603,1
JK11604,1
JK11605,1
JK11606,1
JK11608,1
JK11609,1
JK11610,1
JK11611,1
JK11612,1
JK11614,1
JK11615,1
JK11616,1
JK11618,1
JK11619,1
JK11620,1
JK11621,1
JK11622,1
JK11623,1
JK11624,1
JK11625,1
JK11626,1
JK11627,1
JK11628,1
JK11629,1
JK11630,1
JK11631,1
JK11632,1
JK11633,1
JK11634,1
JK11635,1
JK11636,1
JK11637,1
JK11638,1
JK11639,1
JK11640,1
JK11641,1
JK11642,1
JK11643,1
JK11644,1
JK11645,1
JK11646,1
JK11648,1
JK11649,1
JK11650,1
JK11651,1
JK11652,1
JK11653,1
JK11654,1
JK11655,1
JK11656,1
JK11657,1
JK11658,1
JK11659,1
JK11661,1
JK11663,1
JK11664,1
JK11665,1
JK11666,1
JK11667,1
JK11668,1
JK11669,1
JK11671,1
JK11672,1
JK11673,1
JK11674,1
JK11675,1
JK11676,1
JK11678,1
JK11679,1
JK11680,1
JK11681,1
JK11682,1
JK11683,1
JK11685,1
JK11687,1
JK11688,1
JK11689,1
JK11690,1
JK11691,1
JK11692,1
JK11693,1
JK11694,1
JK11695,1
JK11696,1
JK11697,1
JK11698,1
JK11699,1
JK11700,1
JK11701,1
JK11703,1
JK11704,1
JK11706,1
JK11707,1
JK11708,1
JK11709,1
JK11710,1
JK11711,1
JK11712,1
JK11713,1
JK11714,1
JK11715,1
JK11716,1
JK11717,1
JK11719,1
JK11720,1
JK11721,1
JK11722,1
JK11723,1
JK11724,1
JK11726,1
JK11727,1
JK11728,1
JK11729,1
JK11730,1
JK11731,1
JK11732,1
JK11734,1
JK11735,1
JK11736,1
JK11737,1
JK11738,1
JK11739,1
JK11740,1
JK11741,1
JK11742,1
JK11743,1
JK11744,1
JK11745,1
JK11746,1
JK11747,1
JK11748,1
JK11750,1
JK11751,1
JK11752,1
JK11753,1
JK11754,1
JK11755,1
JK11756,1
JK11757,1
JK11758,1
JK11759,1
JK11762,1
JK11763,1
JK11764,1
JK11765,1
JK11766,1
JK11767,1
JK11769,1
JK11770,1
JK11771,1
JK11773,1
JK11774,1
JK11775,1
JK11776,1
JK11777,1
JK11778,1
JK11779,1
JK11780,1
JK11781,1
JK11782,1
JK11783,1
JK11784,1
JK11785,1
JK11786,1
JK11787,1
JK11788,1
JK11789,1
JK11790,1
JK11791,1
JK11792,1
JK11793,1
JK11794,1
JK11795,1
JK11796,1
JK11797,1
JK11798,1
JK11799,1
JK11800,1
JK11801,1
JK11802,1
JK11803,1
JK11804,1
JK11805,1
JK11806,1
JK11807,1
JK11808,1
JK11809,1
JK11810,1
JK11811,1
JK11812,1
JK11813,1
JK11814,1
JK11815,1
JK11816,1
JK11817,1
JK11818,1
JK11819,1
JK11820,1
JK11821,1
JK11822,1
JK11823,1
JK11824,1
JK11825,1
JK11826,1
JK11827,1
JK11828,1
JK11829,1
JK11830,1
JK11831,1
JK11832,1
JK11833,1
JK11834,1
JK11835,1
JK11836,1
JK11837,1
JK11838,1
JK11839,1
JK11840,1
JK11841,1
JK11844,1
JK11845,1
JK11846,1
JK11847,1
JK11848,1
JK11849,1
JK11850,1
JK11851,1
JK11852,1
JK11853,1
JK11854,1
JK11855,1
JK11856,1
JK11857,1
JK11858,1
JK11859,1
JK11860,1
JK11861,1
JK11862,1
JK11863,1
JK11864,1
JK11865,1
JK11866,1
JK11867,1
JK11868,1
JK11869,1
JK11870,1
JK11871,1
JK11872,1
JK11874,1
JK11875,1
JK11876,1
JK11877,1
JK11878,1
JK11881,1
JK11882,1
JK11884,1
JK11885,1
JK11886,1
JK11887,1
JK11888,1
JK11889,1
JK11890,1
JK11892,1
JK11893,1
JK11894,1
JK11895,1
JK11896,1
JK11897,1
JK11898,1
JK11899,1
JK11900,1
JK11901,1
JK11903,1
JK11904,1
JK11905,1
JK11906,1
JK11907,1
JK11908,1
JK11909,1
JK11910,1
JK11911,1
JK11912,1
JK11913,1
JK11914,1
JK11915,1
JK11916,1
JK11917,1
JK11918,1
JK11919,1
JK11920,1
JK11921,1
JK11926,1
JK11927,1
JK11928,1
JK11929,1
JK11930,1
JK11931,1
JK11933,1
JK11934,1
JK11935,1
JK11936,1
JK11937,1
JK11938,1
JK11939,1
JK11940,1
JK11941,1
JK11942,1
JK11943,1
JK11944,1
JK11945,1
JK11946,1
JK11947,1
JK11948,1
JK11949,1
JK11950,1
JK11951,1
JK11952,1
JK11953,1
JK11954,1
JK11956,1
JK11957,1
JK11958,1
JK11959,1
JK11961,1
JK11962,1
JK11963,1
JK11964,1
JK11965,1
JK11966,1
JK11967,1
JK11968,1
JK11969,1
JK11970,1
JK11971,1
JK11973,1
JK11974,1
JK11975,1
JK11977,1
JK11978,1
JK11979,1
JK11980,1
JK11982,1
JK11983,1
JK11984,1
JK11986,1
JK11987,1
JK11988,1
JK11989,1
JK11990,1
JK11991,1
JK11992,1
JK11993,1
JK11994,1
JK11995,1
JK11996,1
JK11997,1
JK11998,1
JK12000,1
JK12001,1
JK12002,1
JK12004,1
JK12005,1
JK12006,1
JK12007,1
JK12008,1
JK12009,1
JK12010,1
JK12011,1
JK12012,1
JK12013,1
JK12014,1
JK12015,1
JK12016,1
JK12017,1
JK12018,1
JK12019,1
JK12020,1
JK12021,1
JK12022,1
JK12023,1
JK12024,1
JK12025,1
JK12026,1
JK12027,1
JK12028,1
JK12029,1
JK12030,1
JK12031,1
JK12032,1
JK12033,1
JK12034,1
JK12035,1
JK12036,1
JK12037,1
JK12038,1
JK12039,1
JK12040,1
JK12041,1
JK12042,1
JK12043,1
JK12044,1
JK12045,1
JK12046,1
JK12047,1
JK12048,1
JK12050,1
JK12052,1
JK12053,1
JK12055,1
JK12056,1
JK12057,1
JK12058,1
JK12059,1
JK12060,1
JK12061,1
JK12062,1
JK12063,1
JK12064,1
JK12065,1
JK12066,1
JK12067,1
JK12068,1
JK12069,1
JK12070,1
JK12071,1
JK12073,1
JK12074,1
JK12077,1
JK12078,1
JK12079,1
JK12080,1
JK12081,1
JK12082,1
JK12083,1
JK12084,1
JK12085,1
JK12086,1
JK12087,1
JK12088,1
JK12089,1
JK12090,1
JK12091,1
JK12092,1
JK12093,1
JK12094,1
JK12095,1
JK12096,1
JK12098,1
JK12099,1
JK12100,1
JK12101,1
JK12102,1
JK12105,1
JK12106,1
JK12108,1
JK12109,1
JK12110,1
JK12112,1
JK12113,1
JK12114,1
JK12115,1
JK12116,1
JK12117,1
JK12118,1
JK12119,1
JK12120,1
JK12121,1
JK12122,1
JK12123,1
JK12124,1
JK12126,1
JK12128,1
JK12129,1
JK12131,1
JK12132,1
JK12133,1
JK12134,1
JK12135,1
JK12136,1
JK12137,1
JK12138,1
JK12139,1
JK12140,1
JK12141,1
JK12142,1
JK12143,1
JK12144,1
JK12145,1
JK12146,1
JK12148,1
JK12149,1
JK12150,1
JK12151,1
JK12152,1
JK12153,1
JK12154,1
JK12155,1
JK12156,1
JK12157,1
JK12158,1
JK12159,1
JK12160,1
JK12161,1
JK12162,1
JK12163,1
JK12164,1
JK12165,1
JK12166,1
JK12167,1
JK12168,1
JK12170,1
JK12171,1
JK12172,1
JK12173,1
JK12174,1
JK12175,1
JK12176,1
JK12177,1
JK12178,1
JK12179,1
JK12180,1
JK12181,1
JK12182,1
JK12183,1
JK12184,1
JK12185,1
JK12188,1
JK12189,1
JK12190,1
JK12191,1
JK12192,1
JK12193,1
JK12195,1
JK12196,1
JK12197,1
JK12198,1
JK12200,1
JK12201,1
JK12202,1
JK12203,1
JK12204,1
JK12205,1
JK12206,1
JK12207,1
JK12208,1
JK12209,1
JK12210,1
JK12211,1
JK12212,1
JK12213,1
JK12214,1
JK12215,1
JK12216,1
JK12217,1
JK12219,1
JK12220,1
JK12221,1
JK12222,1
JK12224,1
JK12225,1
JK12226,1
JK12227,1
JK12228,1
JK12229,1
JK12230,1
JK12231,1
JK12232,1
JK12233,1
JK12234,1
JK12235,1
JK12236,1
JK12237,1
JK12238,1
JK12239,1
JK12240,1
JK12241,1
JK12242,1
JK12243,1
JK12244,1
JK12245,1
JK12247,1
JK12248,1
JK12249,1
JK12250,1
JK12251,1
JK12252,1
JK12253,1
JK12254,1
JK12255,1
JK12257,1
JK12258,1
JK12259,1
JK12260,1
JK12261,1
JK12262,1
JK12263,1
JK12264,1
JK12265,1
JK12266,1
JK12267,1
JK12268,1
JK12269,1
JK12270,1
JK12271,1
JK12272,1
JK12273,1
JK12274,1
JK12275,1
JK12276,1
JK12277,1
JK12278,1
JK12279,1
JK12280,1
JK12281,1
JK12282,1
JK12283,1
JK12285,1
JK12286,1
JK12287,1
JK12289,1
JK12290,1
JK12291,1
JK12292,1
JK12293,1
JK12294,1
JK12295,1
JK12297,1
JK12298,1
JK12299,1
JK12300,1
JK12301,1
JK12302,1
JK12303,1
JK12304,1
JK12305,1
JK12306,1
JK12308,1
JK12310,1
JK12312,1
JK12313,1
JK12314,1
JK12315,1
JK12316,1
JK12317,1
JK12319,1
JK12320,1
JK12321,1
JK12322,1
JK12323,1
JK12324,1
JK12325,1
JK12326,1
JK12327,1
JK12329,1
JK12330,1
JK12331,1
JK12332,1
JK12333,1
JK12334,1
JK12335,1
JK12336,1
JK12337,1
JK12338,1
JK12339,1
JK12340,1
JK12341,1
JK12342,1
JK12343,1
JK12344,1
JK12345,1
JK12346,1
JK12347,1
JK12348,1
JK12349,1
JK12350,1
JK12352,1
JK12353,1
JK12354,1
JK12355,1
JK12356,1
JK12357,1
JK12358,1
JK12359,1
JK12360,1
JK12361,1
JK12362,1
JK12363,1
JK12364,1
JK12365,1
JK12366,1
JK12367,1
JK12368,1
JK12369,1
JK12370,1
JK12371,1
JK12372,1
JK12373,1
JK12374,1
JK12375,1
JK12376,1
JK12377,1
JK12381,1
JK12382,1
JK12383,1
JK12385,1
JK12386,1
JK12388,1
JK12389,1
JK12390,1
JK12391,1
JK12392,1
JK12393,1
JK12395,1
JK12396,1
JK12397,1
JK12398,1
JK12399,1
JK12400,1
JK12401,1
JK12402,1
JK12403,1
JK12404,1
JK12405,1
JK12406,1
JK12409,1
JK12410,1
JK12411,1
JK12412,1
JK12413,1
JK12414,1
JK12415,1
JK12416,1
JK12418,1
JK12419,1
JK12420,1
JK12422,1
JK12423,1
JK12424,1
JK12425,1
JK12426,1
JK12427,1
JK12428,1
JK12429,1
JK12430,1
JK12431,1
JK12433,1
JK12434,1
JK12435,1
JK12436,1
JK12437,1
JK12438,1
JK12439,1
JK12440,1
JK12441,1
JK12442,1
JK12443,1
JK12444,1
JK12445,1
JK12446,1
JK12447,1
JK12448,1
JK12449,1
JK12450,1
JK12451,1
JK12452,1
JK12453,1
JK12454,1
JK12455,1
JK12456,1
JK12458,1
JK12459,1
JK12460,1
JK12461,1
JK12462,1
JK12464,1
JK12465,1
JK12467,1
JK12468,1
JK12469,1
JK12470,1
JK12471,1
JK12472,1
JK12473,1
JK12475,1
JK12476,1
JK12477,1
JK12478,1
JK12479,1
JK12480,1
JK12481,1
JK12482,1
JK12483,1
JK12484,1
JK12485,1
JK12486,1
JK12487,1
JK12488,1
JK12490,1
JK12491,1
JK12493,1
JK12494,1
JK12495,1
JK12496,1
JK12497,1
JK12498,1
JK12499,1
JK12500,1
JK12502,1
JK12503,1
JK12504,1
JK12506,1
JK12508,1
JK12509,1
JK12510,1
JK12511,1
JK12512,1
JK12514,1
JK12515,1
JK12516,1
JK12517,1
JK12519,1
JK12520,1
JK12521,1
JK12522,1
JK12523,1
JK12524,1
JK12525,1
JK12526,1
JK12527,1
JK12528,1
JK12529,1
JK12530,1
JK12531,1
JK12532,1
JK12533,1
JK12535,1
JK12536,1
JK12538,1
JK12539,1
JK12540,1
JK12541,1
JK12544,1
JK12545,1
JK12546,1
JK12547,1
JK12548,1
JK12549,1
JK12550,1
JK12551,1
JK12552,1
JK12553,1
JK12554,1
JK12555,1
JK12556,1
JK12557,1
JK12558,1
JK12559,1
JK12560,1
JK12561,1
JK12563,1
JK12566,1
JK12567,1
JK12568,1
JK12569,1
JK12570,1
JK12571,1
JK12572,1
JK12573,1
JK12574,1
JK12575,1
JK12576,1
JK12577,1
JK12578,1
JK12579,1
JK12580,1
JK12581,1
JK12582,1
JK12583,1
JK12584,1
JK12585,1
JK12586,1
JK12587,1
JK12588,1
JK12589,1
JK12590,1
JK12591,1
JK12592,1
JK12593,1
JK12594,1
JK12595,1
JK12596,1
JK12598,1
JK12599,1
JK12600,1
JK12601,1
JK12602,1
JK12603,1
JK12604,1
JK12605,1
JK12606,1
JK12607,1
JK12608,1
JK12609,1
JK12610,1
JK12611,1
JK12612,1
JK12613,1
JK12614,1
JK12615,1
JK12616,1
JK12618,1
JK12619,1
JK12620,1
JK12621,1
JK12622,1
JK12623,1
JK12626,1
JK12627,1
JK12628,1
JK12629,1
JK12630,1
JK12631,1
JK12635,1
JK12636,1
JK12637,1
JK12638,1
JK12640,1
JK12641,1
JK12642,1
JK12643,1
JK12644,1
JK12645,1
JK12647,1
JK12648,1
JK12649,1
JK12650,1
JK12652,1
JK12654,1
JK12655,1
JK12656,1
JK12657,1
JK12658,1
JK12659,1
JK12660,1
JK12661,1
JK12662,1
JK12663,1
JK12664,1
JK12665,1
JK12666,1
JK12667,1
JK12668,1
JK12669,1
JK12670,1
JK12671,1
JK12673,1
JK12674,1
JK12676,1
JK12677,1
JK12679,1
JK12680,1
JK12681,1
JK12682,1
JK12683,1
JK12684,1
JK12685,1
JK12686,1
JK12687,1
JK12688,1
JK12689,1
JK12690,1
JK12691,1
JK12693,1
JK12694,1
JK12695,1
JK12696,1
JK12697,1
JK12698,1
JK12700,1
JK12702,1
JK12703,1
JK12704,1
JK12705,1
JK12706,1
JK12707,1
JK12708,1
JK12709,1
JK12710,1
JK12711,1
JK12712,1
JK12713,1
JK12718,1
JK12719,1
JK12721,1
JK12724,1
JK12725,1
JK12726,1
JK12727,1
JK12728,1
JK12729,1
JK12731,1
JK12733,1
JK12736,1
JK12737,1
JK12739,1
JK12740,1
JK12741,1
JK12742,1
JK12743,1
JK12744,1
JK12745,1
JK12746,1
JK12747,1
JK12748,1
JK12749,1
JK12750,1
JK12751,1
JK12752,1
JK12754,1
JK12755,1
JK12756,1
JK12757,1
JK12760,1
JK12761,1
JK12764,1
JK12765,1
JK12766,1
JK12767,1
JK12768,1
JK12769,1
JK12770,1
JK12771,1
JK12772,1
JK12773,1
JK12775,1
JK12777,1
JK12778,1
JK12779,1
JK12780,1
JK12782,1
JK12783,1
JK12784,1
JK12785,1
JK12787,1
JK12788,1
JK12789,1
JK12790,1
JK12791,1
JK12792,1
JK12793,1
JK12794,1
JK12795,1
JK12796,1
JK12797,1
JK12798,1
JK12799,1
JK12800,1
JK12801,1
JK12802,1
JK12803,1
JK12804,1
JK12805,1
JK12806,1
JK12807,1
JK12808,1
JK12810,1
JK12812,1
JK12813,1
JK12814,1
JK12815,1
JK12816,1
JK12817,1
JK12818,1
JK12819,1
JK12820,1
JK12821,1
JK12822,1
JK12823,1
JK12824,1
JK12825,1
JK12826,1
JK12827,1
JK12828,1
JK12829,1
JK12830,1
JK12831,1
JK12832,1
JK12833,1
JK12834,1
JK12835,1
JK12836,1
JK12837,1
JK12838,1
JK12839,1
JK12840,1
JK12841,1
JK12844,1
JK12845,1
JK12846,1
JK12847,1
JK12848,1
JK12850,1
JK12851,1
JK12852,1
JK12853,1
JK12854,1
JK12855,1
JK12856,1
JK12857,1
JK12859,1
JK12860,1
JK12861,1
JK12862,1
JK12863,1
JK12866,1
JK12867,1
JK12868,1
JK12869,1
JK12871,1
JK12872,1
JK12873,1
JK12874,1
JK12876,1
JK12878,1
JK12879,1
JK12880,1
JK12881,1
JK12882,1
JK12883,1
JK12884,1
JK12885,1
JK12888,1
JK12889,1
JK12890,1
JK12892,1
JK12893,1
JK12896,1
JK12897,1
JK12898,1
JK12900,1
JK12901,1
JK12902,1
JK12903,1
JK12904,1
JK12905,1
JK12906,1
JK12907,1
JK12908,1
JK12909,1
JK12911,1
JK12912,1
JK12914,1
JK12915,1
JK12916,1
JK12917,1
JK12918,1
JK12919,1
JK12920,1
JK12921,1
JK12922,1
JK12923,1
JK12924,1
JK12925,1
JK12926,1
JK12927,1
JK12928,1
JK12929,1
JK12930,1
JK12931,1
JK12932,1
JK12933,1
JK12934,1
JK12935,1
JK12936,1
JK12937,1
JK12938,1
JK12939,1
JK12940,1
JK12941,1
JK12942,1
JK12943,1
JK12944,1
JK12945,1
JK12946,1
JK12947,1
JK12948,1
JK12949,1
JK12950,1
JK12951,1
JK12952,1
JK12953,1
JK12954,1
JK12955,1
JK12956,1
JK12957,1
JK12959,1
JK12960,1
JK12961,1
JK12962,1
JK12963,1
JK12964,1
JK12966,1
JK12967,1
JK12969,1
JK12970,1
JK12971,1
JK12972,1
JK12973,1
JK12974,1
JK12975,1
JK12976,1
JK12978,1
JK12979,1
JK12980,1
JK12981,1
JK12982,1
JK12983,1
JK12984,1
JK12985,1
JK12986,1
JK12987,1
JK12988,1
JK12989,1
JK12990,1
JK12991,1
JK12992,1
JK12993,1
JK12994,1
JK12995,1
JK12996,1
JK12997,1
JK12998,1
JK12999,1
JK13000,1
JK13001,1
JK13002,1
JK13003,1
JK13006,1
JK13007,1
JK13008,1
JK13010,1
JK13011,1
JK13012,1
JK13013,1
JK13014,1
JK13015,1
JK13016,1
JK13017,1
JK13018,1
JK13019,1
JK13020,1
JK13021,1
JK13022,1
JK13023,1
JK13026,1
JK13027,1
JK13028,1
JK13029,1
JK13030,1
JK13031,1
JK13032,1
JK13033,1
JK13034,1
JK13036,1
JK13037,1
JK13039,1
JK13041,1
JK13042,1
JK13043,1
JK13044,1
JK13045,1
JK13047,1
JK13048,1
JK13049,1
JK13050,1
JK13051,1
JK13052,1
JK13053,1
JK13054,1
JK13055,1
JK13056,1
JK13057,1
JK13059,1
JK13060,1
JK13061,1
JK13062,1
JK13063,1
JK13064,1
JK13065,1
JK13066,1
JK13067,1
JK13068,1
JK13069,1
JK13070,1
JK13071,1
JK13073,1
JK13074,1
JK13075,1
JK13076,1
JK13077,1
JK13078,1
JK13079,1
JK13080,1
JK13081,1
JK13082,1
JK13083,1
JK13084,1
JK13085,1
JK13086,1
JK13087,1
JK13088,1
JK13089,1
JK13090,1
JK13091,1
JK13092,1
JK13093,1
JK13094,1
JK13096,1
JK13097,1
JK13098,1
JK13099,1
JK13100,1
JK13101,1
JK13102,1
JK13104,1
JK13105,1
JK13106,1
JK13107,1
JK13108,1
JK13109,1
JK13110,1
JK13111,1
JK13112,1
JK13113,1
JK13114,1
JK13115,1
JK13116,1
JK13117,1
JK13118,1
JK13120,1
JK13121,1
JK13122,1
JK13123,1
JK13124,1
JK13125,1
JK13126,1
JK13127,1
JK13128,1
JK13129,1
JK13130,1
JK13131,1
JK13132,1
JK13133,1
JK13134,1
JK13135,1
JK13136,1
JK13137,1
JK13138,1
JK13139,1
JK13140,1
JK13141,1
JK13142,1
JK13143,1
JK13144,1
JK13145,1
JK13146,1
JK13147,1
JK13148,1
JK13149,1
JK13150,1
JK13151,1
JK13152,1
JK13153,1
JK13154,1
JK13155,1
JK13156,1
JK13157,1
JK13158,1
JK13159,1
JK13160,1
JK13161,1
JK13162,1
JK13163,1
JK13164,1
JK13165,1
JK13166,1
JK13169,1
JK13170,1
JK13171,1
JK13172,1
JK13173,1
JK13174,1
JK13175,1
JK13176,1
JK13177,1
JK13178,1
JK13179,1
JK13180,1
JK13181,1
JK13182,1
JK13183,1
JK13184,1
JK13185,1
JK13186,1
JK13188,1
JK13189,1
JK13190,1
JK13191,1
JK13192,1
JK13193,1
JK13194,1
JK13195,1
JK13196,1
JK13197,1
JK13198,1
JK13199,1
JK13200,1
JK13201,1
JK13202,1
JK13203,1
JK13204,1
JK13205,1
JK13206,1
JK13207,1
JK13208,1
JK13209,1
JK13210,1
JK13211,1
JK13212,1
JK13213,1
JK13214,1
JK13215,1
JK13216,1
JK13217,1
JK13218,1
JK13219,1
JK13220,1
JK13221,1
JK13222,1
JK13223,1
JK13224,1
JK13225,1
JK13227,1
JK13228,1
JK13229,1
JK13230,1
JK13232,1
JK13233,1
JK13234,1
JK13235,1
JK13236,1
JK13237,1
JK13238,1
JK13239,1
JK13240,1
JK13241,1
JK13242,1
JK13243,1
JK13244,1
JK13245,1
JK13247,1
JK13249,1
JK13250,1
JK13251,1
JK13252,1
JK13253,1
JK13254,1
JK13255,1
JK13256,1
JK13257,1
JK13258,1
JK13259,1
JK13260,1
JK13261,1
JK13262,1
JK13263,1
JK13264,1
JK13265,1
JK13266,1
JK13267,1
JK13268,1
JK13269,1
JK13270,1
JK13271,1
JK13272,1
JK13273,1
JK13274,1
JK13275,1
JK13276,1
JK13277,1
JK13278,1
JK13279,1
JK13280,1
JK13281,1
JK13282,1
JK13283,1
JK13284,1
JK13285,1
JK13286,1
JK13287,1
JK13288,1
JK13289,1
JK13290,1
JK13291,1
JK13292,1
JK13293,1
JK13294,1
JK13295,1
JK13296,1
JK13299,1
JK13300,1
JK13301,1
JK13302,1
JK13303,1
JK13304,1
JK13305,1
JK13306,1
JK13308,1
JK13310,1
JK13311,1
JK13313,1
JK13314,1
JK13318,1
JK13319,1
JK13320,1
JK13321,1
JK13323,1
JK13324,1
JK13326,1
JK13327,1
JK13328,1
JK13329,1
JK13330,1
JK13331,1
JK13332,1
JK13333,1
JK13334,1
JK13335,1
JK13336,1
JK13337,1
JK13339,1
JK13341,1
JK13342,1
JK13344,1
JK13345,1
JK13346,1
JK13347,1
JK13348,1
JK13349,1
JK13350,1
JK13351,1
JK13352,1
JK13353,1
JK13354,1
JK13355,1
JK13356,1
JK13357,1
JK13358,1
JK13363,1
JK13364,1
JK13366,1
JK13367,1
JK13369,1
JK13370,1
JK13371,1
JK13372,1
JK13373,1
JK13375,1
JK13376,1
JK13377,1
JK13378,1
JK13379,1
JK13380,1
JK13381,1
JK13382,1
JK13383,1
JK13384,1
JK13385,1
JK13386,1
JK13387,1
JK13389,1
JK13390,1
JK13391,1
JK13392,1
JK13393,1
JK13394,1
JK13395,1
JK13396,1
JK13397,1
JK13398,1
JK13399,1
JK13400,1
JK13401,1
JK13402,1
JK13403,1
JK13404,1
JK13405,1
JK13406,1
JK13407,1
JK13409,1
JK13410,1
JK13411,1
JK13412,1
JK13413,1
JK13414,1
JK13415,1
JK13416,1
JK13417,1
JK13418,1
JK13421,1
JK13422,1
JK13423,1
JK13424,1
JK13425,1
JK13426,1
JK13427,1
JK13428,1
JK13429,1
JK13430,1
JK13431,1
JK13432,1
JK13434,1
JK13435,1
JK13436,1
JK13437,1
JK13438,1
JK13439,1
JK13440,1
JK13441,1
JK13442,1
JK13443,1
JK13444,1
JK13445,1
JK13446,1
JK13447,1
JK13448,1
JK13449,1
JK13450,1
JK13451,1
JK13453,1
JK13454,1
JK13455,1
JK13456,1
JK13457,1
JK13459,1
JK13460,1
JK13461,1
JK13462,1
JK13464,1
JK13465,1
JK13466,1
JK13467,1
JK13468,1
JK13469,1
JK13470,1
JK13471,1
JK13472,1
JK13473,1
JK13474,1
JK13475,1
JK13476,1
JK13477,1
JK13478,1
JK13479,1
JK13482,1
JK13483,1
JK13484,1
JK13485,1
JK13486,1
JK13489,1
JK13490,1
JK13491,1
JK13492,1
JK13494,1
JK13495,1
JK13496,1
JK13498,1
JK13499,1
JK13500,1
JK13501,1
JK13502,1
JK13504,1
JK13505,1
JK13506,1
JK13508,1
JK13509,1
JK13510,1
JK13511,1
JK13512,1
JK13514,1
JK13515,1
JK13516,1
JK13517,1
JK13518,1
JK13519,1
JK13524,1
JK13525,1
JK13526,1
JK13527,1
JK13528,1
JK13530,1
JK13531,1
JK13532,1
JK13534,1
JK13535,1
JK13536,1
JK13538,1
JK13539,1
JK13540,1
JK13541,1
JK13542,1
JK13544,1
JK13546,1
JK13547,1
JK13548,1
JK13549,1
JK13550,1
JK13555,1
JK13557,1
JK13559,1
JK13560,1
JK13563,1
JK13566,1
JK13569,1
JK13571,1
JK13573,1
JK13583,1
JK13592,1
JK13593,1
JK13594,1
JK13595,1
JK13596,1
JK13597,1
JK13598,1
JK13599,1
JK13600,1
JK13601,1
JK13602,1
JK13603,1
JK13606,1
JK13607,1
JK13608,1
JK13609,1
JK13610,1
JK13611,1
JK13612,1
JK13613,1
JK13614,1
JK13616,1
JK13617,1
JK13618,1
JK13619,1
JK13620,1
JK13621,1
JK13622,1
JK13623,1
JK13624,1
JK13625,1
JK13626,1
JK13627,1
JK13628,1
JK13629,1
JK13630,1
JK13631,1
JK13632,1
JK13634,1
JK13635,1
JK13636,1
JK13637,1
JK13638,1
JK13639,1
JK13640,1
JK13642,1
JK13643,1
JK13645,1
JK13646,1
JK13648,1
JK13649,1
JK13650,1
JK13651,1
JK13652,1
JK13653,1
JK13654,1
JK13655,1
JK13656,1
JK13658,1
JK13659,1
JK13660,1
JK13661,1
JK13662,1
JK13663,1
JK13665,1
JK13666,1
JK13667,1
JK13668,1
JK13669,1
JK13670,1
JK13671,1
JK13672,1
JK13673,1
JK13674,1
JK13675,1
JK13676,1
JK13677,1
JK13678,1
JK13679,1
JK13680,1
JK13681,1
JK13682,1
JK13684,1
JK13685,1
JK13686,1
JK13687,1
JK13689,1
JK13690,1
JK13691,1
JK13692,1
JK13693,1
JK13694,1
JK13696,1
JK13697,1
JK13698,1
JK13700,1
JK13701,1
JK13702,1
JK13703,1
JK13704,1
JK13705,1
JK13706,1
JK13707,1
JK13708,1
JK13709,1
JK13710,1
JK13711,1
JK13716,1
JK13722,1
JK13723,1
JK13724,1
JK13725,1
JK13726,1
JK13727,1
JK13728,1
JK13729,1
JK13730,1
JK13731,1
JK13732,1
JK13733,1
JK13734,1
JK13735,1
JK13736,1
JK13737,1
JK13738,1
JK13739,1
JK13740,1
JK13741,1
JK13742,1
JK13743,1
JK13744,1
JK13745,1
JK13746,1
JK13747,1
JK13748,1
JK13749,1
JK13750,1
JK13751,1
JK13752,1
JK13753,1
JK13754,1
JK13755,1
JK13756,1
JK13757,1
JK13758,1
JK13759,1
JK13760,1
JK13761,1
JK13762,1
JK13763,1
JK13764,1
JK13765,1
JK13766,1
JK13767,1
JK13768,1
JK13769,1
JK13770,1
JK13771,1
JK13772,1
JK13773,1
JK13774,1
JK13775,1
JK13776,1
JK13777,1
JK13778,1
JK13779,1
JK13780,1
JK13781,1
JK13783,1
JK13784,1
JK13785,1
JK13786,1
JK13787,1
JK13788,1
JK13789,1
JK13790,1
JK13791,1
JK13792,1
JK13793,1
JK13795,1
JK13796,1
JK13797,1
JK13798,1
JK13799,1
JK13800,1
JK13801,1
JK13802,1
JK13803,1
JK13804,1
JK13806,1
JK13807,1
JK13810,1
JK13811,1
JK13812,1
JK13813,1
JK13814,1
JK13815,1
JK13816,1
JK13817,1
JK13818,1
JK13819,1
JK13821,1
JK13822,1
JK13825,1
JK13826,1
JK13827,1
JK13828,1
JK13829,1
JK13830,1
JK13831,1
JK13833,1
JK13834,1
JK13835,1
JK13836,1
JK13837,1
JK13838,1
JK13839,1
JK13840,1
JK13841,1
JK13842,1
JK13843,1
JK13844,1
JK13846,1
JK13847,1
JK13848,1
JK13850,1
JK13851,1
JK13852,1
JK13853,1
JK13854,1
JK13855,1
JK13856,1
JK13857,1
JK13858,1
JK13859,1
JK13860,1
JK13861,1
JK13862,1
JK13863,1
JK13865,1
JK13866,1
JK13867,1
JK13868,1
JK13870,1
JK13872,1
JK13874,1
JK13875,1
JK13876,1
JK13877,1
JK13878,1
JK13879,1
JK13880,1
JK13881,1
JK13883,1
JK13884,1
JK13885,1
JK13886,1
JK13887,1
JK13888,1
JK13889,1
JK13890,1
JK13891,1
JK13892,1
JK13893,1
JK13894,1
JK13896,1
JK13897,1
JK13898,1
JK13899,1
JK13900,1
JK13901,1
JK13902,1
JK13904,1
JK13905,1
JK13906,1
JK13907,1
JK13909,1
JK13910,1
JK13911,1
JK13912,1
JK13913,1
JK13914,1
JK13915,1
JK13916,1
JK13917,1
JK13918,1
JK13919,1
JK13920,1
JK13921,1
JK13922,1
JK13923,1
JK13924,1
JK13925,1
JK13926,1
JK13927,1
JK13928,1
JK13929,1
JK13930,1
JK13931,1
JK13932,1
JK13933,1
JK13934,1
JK13935,1
JK13937,1
JK13938,1
JK13939,1
JK13940,1
JK13941,1
JK13944,1
JK13945,1
JK13946,1
JK13947,1
JK13948,1
JK13949,1
JK13950,1
JK13951,1
JK13952,1
JK13953,1
JK13954,1
JK13955,1
JK13956,1
JK13957,1
JK13959,1
JK13960,1
JK13963,1
JK13965,1
JK13968,1
JK13970,1
JK13971,1
JK13973,1
JK13974,1
JK13975,1
JK13979,1
JK13980,1
JK13981,1
JK13982,1
JK13983,1
JK13985,1
JK13987,1
JK13988,1
JK13990,1
JK13991,1
JK13993,1
JK13996,1
JK13998,1
JK14000,1
JK14006,1
JK14007,1
JK14010,1
JK14011,1
JK14012,1
JK14013,1
JK14016,1
JK14017,1
JK14018,1
JK14019,1
JK14021,1
JK14022,1
JK14024,1
JK14025,1
JK14027,1
JK14028,1
JK14029,1
JK14030,1
JK14031,1
JK14032,1
JK14033,1
JK14034,1
JK14035,1
JK14036,1
JK14037,1
JK14038,1
JK14039,1
JK14040,1
JK14041,1
JK14042,1
JK14043,1
JK14044,1
JK14045,1
JK14046,1
JK14047,1
JK14048,1
JK14049,1
JK14050,1
JK14051,1
JK14052,1
JK14053,1
JK14054,1
JK14055,1
JK14056,1
JK14057,1
JK14058,1
JK14059,1
JK14060,1
JK14061,1
JK14062,1
JK14063,1
JK14064,1
JK14065,1
JK14066,1
JK14067,1
JK14068,1
JK14069,1
JK14070,1
JK14071,1
JK14072,1
JK14073,1
JK14074,1
JK14075,1
JK14076,1
JK14077,1
JK14078,1
JK14079,1
JK14080,1
JK14081,1
JK14082,1
JK14083,1
JK14084,1
JK14085,1
JK14086,1
JK14087,1
JK14089,1
JK14090,1
JK14092,1
JK14093,1
JK14094,1
JK14095,1
JK14097,1
JK14098,1
JK14099,1
JK14101,1
JK14102,1
JK14103,1
JK14104,1
JK14105,1
JK14107,1
JK14108,1
JK14109,1
JK14110,1
JK14112,1
JK14113,1
JK14114,1
JK14116,1
JK14117,1
JK14118,1
JK14119,1
JK14120,1
JK14121,1
JK14122,1
JK14124,1
JK14125,1
JK14126,1
JK14127,1
JK14128,1
JK14129,1
JK14131,1
JK14133,1
JK14134,1
JK14135,1
JK14136,1
JK14137,1
JK14138,1
JK14140,1
JK14141,1
JK14142,1
JK14143,1
JK14144,1
JK14145,1
JK14146,1
JK14148,1
JK14149,1
JK14150,1
JK14151,1
JK14152,1
JK14153,1
JK14154,1
JK14155,1
JK14156,1
JK14157,1
JK14158,1
JK14159,1
JK14160,1
JK14161,1
JK14162,1
JK14163,1
JK14165,1
JK14166,1
JK14167,1
JK14168,1
JK14169,1
JK14171,1
JK14172,1
JK14173,1
JK14174,1
JK14175,1
JK14176,1
JK14177,1
JK14178,1
JK14179,1
JK14180,1
JK14181,1
JK14182,1
JK14184,1
JK14185,1
JK14186,1
JK14190,1
JK14191,1
JK14192,1
JK14193,1
JK14194,1
JK14195,1
JK14196,1
JK14197,1
JK14198,1
JK14199,1
JK14200,1
JK14201,1
JK14202,1
JK14204,1
JK14205,1
JK14206,1
JK14207,1
JK14208,1
JK14209,1
JK14210,1
JK14211,1
JK14212,1
JK14213,1
JK14214,1
JK14215,1
JK14216,1
JK14217,1
JK14218,1
JK14219,1
JK14220,1
JK14221,1
JK14222,1
JK14223,1
JK14224,1
JK14225,1
JK14226,1
JK14227,1
JK14228,1
JK14229,1
JK14230,1
JK14231,1
JK14233,1
JK14234,1
JK14235,1
JK14236,1
JK14238,1
JK14239,1
JK14240,1
JK14241,1
JK14242,1
JK14245,1
JK14246,1
JK14248,1
JK14250,1
JK14251,1
JK14252,1
JK14253,1
JK14255,1
JK14256,1
JK14257,1
JK14258,1
JK14259,1
JK14260,1
JK14261,1
JK14262,1
JK14263,1
JK14264,1
JK14267,1
JK14268,1
JK14269,1
JK14270,1
JK14271,1
JK14272,1
JK14273,1
JK14274,1
JK14275,1
JK14276,1
JK14277,1
JK14278,1
JK14279,1
JK14280,1
JK14281,1
JK14282,1
JK14283,1
JK14284,1
JK14285,1
JK14286,1
JK14287,1
JK14288,1
JK14289,1
JK14290,1
JK14291,1
JK14292,1
JK14293,1
JK14294,1
JK14295,1
JK14296,1
JK14297,1
JK14298,1
JK14299,1
JK14300,1
JK14302,1
JK14303,1
JK14304,1
JK14306,1
JK14307,1
JK14308,1
JK14309,1
JK14310,1
JK14311,1
JK14312,1
JK14314,1
JK14315,1
JK14318,1
JK14319,1
JK14320,1
JK14321,1
JK14323,1
JK14324,1
JK14325,1
JK14326,1
JK14327,1
JK14328,1
JK14329,1
JK14332,1
JK14334,1
JK14335,1
JK14336,1
JK14337,1
JK14338,1
JK14339,1
JK14340,1
JK14341,1
JK14342,1
JK14343,1
JK14345,1
JK14347,1
JK14348,1
JK14349,1
JK14350,1
JK14351,1
JK14353,1
JK14354,1
JK14356,1
JK14358,1
JK14359,1
JK14360,1
JK14361,1
JK14362,1
JK14363,1
JK14364,1
JK14365,1
JK14367,1
JK14368,1
JK14369,1
JK14370,1
JK14371,1
JK14372,1
JK14373,1
JK14374,1
JK14375,1
JK14376,1
JK14377,1
JK14379,1
JK14380,1
JK14381,1
JK14382,1
JK14383,1
JK14384,1
JK14385,1
JK14386,1
JK14387,1
JK14388,1
JK14389,1
JK14390,1
JK14391,1
JK14392,1
JK14393,1
JK14394,1
JK14395,1
JK14396,1
JK14397,1
JK14398,1
JK14399,1
JK14400,1
JK14402,1
JK14403,1
JK14404,1
JK14405,1
JK14406,1
JK14407,1
JK14408,1
JK14410,1
JK14412,1
JK14414,1
JK14417,1
JK14418,1
JK14419,1
JK14420,1
JK14421,1
JK14423,1
JK14424,1
JK14425,1
JK14426,1
JK14427,1
JK14428,1
JK14429,1
JK14431,1
JK14432,1
JK14435,1
JK14436,1
JK14437,1
JK14438,1
JK14439,1
JK14440,1
JK14441,1
JK14442,1
JK14443,1
JK14444,1
JK14445,1
JK14446,1
JK14447,1
JK14448,1
JK14449,1
JK14450,1
JK14451,1
JK14452,1
JK14453,1
JK14454,1
JK14455,1
JK14456,1
JK14458,1
JK14461,1
JK14462,1
JK14463,1
JK14464,1
JK14466,1
JK14467,1
JK14468,1
JK14470,1
JK14471,1
JK14472,1
JK14473,1
JK14475,1
JK14477,1
JK14478,1
JK14480,1
JK14481,1
JK14482,1
JK14483,1
JK14484,1
JK14487,1
JK14488,1
JK14490,1
JK14491,1
JK14492,1
JK14493,1
JK14495,1
JK14497,1
JK14499,1
JK14500,1
JK14501,1
JK14502,1
JK14504,1
JK14508,1
JK14509,1
JK14510,1
JK14511,1
JK14513,1
JK14515,1
JK14516,1
JK14517,1
JK14518,1
JK14519,1
JK14520,1
JK14521,1
JK14522,1
JK14523,1
JK14524,1
JK14525,1
JK14526,1
JK14527,1
JK14528,1
JK14529,1
JK14530,1
JK14531,1
JK14532,1
JK14533,1
JK14534,1
JK14535,1
JK14536,1
JK14537,1
JK14538,1
JK14539,1
JK14540,1
JK14541,1
JK14542,1
JK14543,1
JK14544,1
JK14545,1
JK14546,1
JK14547,1
JK14548,1
JK14549,1
JK14550,1
JK14551,1
JK14552,1
JK14554,1
JK14555,1
JK14556,1
JK14557,1
JK14559,1
JK14561,1
JK14564,1
JK14565,1
JK14566,1
JK14567,1
JK14568,1
JK14569,1
JK14570,1
JK14571,1
JK14572,1
JK14573,1
JK14574,1
JK14576,1
JK14578,1
JK14579,1
JK14582,1
JK14583,1
JK14585,1
JK14586,1
JK14587,1
JK14588,1
JK14589,1
JK14591,1
JK14592,1
JK14593,1
JK14594,1
JK14595,1
JK14596,1
JK14598,1
JK14601,1
JK14603,1
JK14611,1
JK14612,1
JK14614,1
JK14615,1
JK14618,1
JK14619,1
JK14620,1
JK14625,1
JK14626,1
JK14628,1
JK14632,1
JK14633,1
JK14634,1
JK14635,1
JK14637,1
JK14639,1
JK14641,1
JK14642,1
JK14643,1
JK14648,1
JK14659,1
JK14660,1
JK14661,1
JK14665,1
JK14666,1
JK14670,1
JK14672,1
JK14685,1
JK14686,1
JK14689,1
JK14691,1
JK14692,1
JK14694,1
JK14695,1
JK14696,1
JK14698,1
JK14706,1
JK14711,1
JK14712,1
JK14713,1
JK14715,1
JK14725,1
JK14726,1
JK14730,1
JK14741,1
JK14744,1
JK14747,1
JK14748,1
JK14749,1
JK14752,1
JK14753,1
JK14754,1
JK14756,1
JK14757,1
JK14764,1
JK14774,1
JK14776,1
JK14780,1
JK14785,1
JK14786,1
JK14787,1
JK14793,1
JK14794,1
JK14795,1
JK14796,1
JK14797,1
JK14799,1
JK14800,1
JK14801,1
JK14803,1
JK14805,1
JK14806,1
JK14807,1
JK14808,1
JK14811,1
JK14814,1
JK14817,1
JK14820,1
JK14821,1
JK14822,1
JK14824,1
JK14825,1
JK14828,1
JK14833,1
JK14837,1
JK14838,1
JK14839,1
JK14844,1
JK14846,1
JK14848,1
JK14849,1
JK14850,1
JK14851,1
JK14852,1
JK14854,1
JK14855,1
JK14856,1
JK14857,1
JK14858,1
JK14859,1
JK14861,1
JK14862,1
JK14875,1
JK14879,1
JK14881,1
JK14884,1
JK14891,1
JK14892,1
JK14893,1
JK14895,1
JK14900,1
JK14902,1
JK14903,1
JK14906,1
JK14907,1
JK14908,1
JK14911,1
JK14912,1
JK14917,1
JK14919,1
JK14920,1
JK14921,1
JK14924,1
JK14925,1
JK14926,1
JK14931,1
JK14942,1
JK14947,1
JK14948,1
JK14949,1
JK14953,1
JK14954,1
JK14960,1
JK14962,1
JK14966,1
JK14967,1
JK14968,1
JK14971,1
JK14972,1
JK14974,1
JK14987,1
JK14990,1
JK14991,1
JK14997,1
JK15001,1
JK15002,1
JK15003,1
JK15004,1
JK15005,1
JK15006,1
JK15007,1
JK15008,1
JK15009,1
JK15010,1
JK15013,1
JK15014,1
JK15015,1
JK15017,1
JK15018,1
JK15020,1
JK15021,1
JK15022,1
JK15023,1
JK15024,1
JK15025,1
JK15026,1
JK15027,1
JK15028,1
JK15029,1
JK15030,1
JK15031,1
JK15032,1
JK15033,1
JK15034,1
JK15036,1
JK15037,1
JK15038,1
JK15039,1
JK15040,1
JK15041,1
JK15042,1
JK15043,1
JK15044,1
JK15045,1
JK15046,1
JK15047,1
JK15048,1
JK15049,1
JK15050,1
JK15051,1
JK15052,1
JK15054,1
JK15056,1
JK15057,1
JK15058,1
JK15059,1
JK15060,1
JK15062,1
JK15065,1
JK15066,1
JK15067,1
JK15069,1
JK15070,1
JK15071,1
JK15072,1
JK15073,1
JK15074,1
JK15075,1
JK15076,1
JK15077,1
JK15078,1
JK15079,1
JK15080,1
JK15081,1
JK15082,1
JK15084,1
JK15086,1
JK15087,1
JK15088,1
JK15089,1
JK15090,1
JK15091,1
JK15092,1
JK15093,1
JK15094,1
JK15095,1
JK15096,1
JK15097,1
JK15098,1
JK15099,1
JK15100,1
JK15101,1
JK15102,1
JK15103,1
JK15104,1
JK15105,1
JK15106,1
JK15107,1
JK15108,1
JK15109,1
JK15110,1
JK15111,1
JK15112,1
JK15113,1
JK15114,1
JK15115,1
JK15116,1
JK15117,1
JK15119,1
JK15120,1
JK15121,1
JK15122,1
JK15123,1
JK15124,1
JK15125,1
JK15126,1
JK15127,1
JK15128,1
JK15131,1
JK15132,1
JK15133,1
JK15134,1
JK15136,1
JK15137,1
JK15138,1
JK15140,1
JK15141,1
JK15142,1
JK15143,1
JK15144,1
JK15145,1
JK15146,1
JK15147,1
JK15148,1
JK15149,1
JK15150,1
JK15151,1
JK15152,1
JK15153,1
JK15154,1
JK15155,1
JK15156,1
JK15157,1
JK15159,1
JK15160,1
JK15161,1
JK15162,1
JK15163,1
JK15165,1
JK15167,1
JK15168,1
JK15169,1
JK15170,1
JK15173,1
JK15178,1
JK15180,1
JK15181,1
JK15182,1
JK15185,1
JK15186,1
JK15187,1
JK15189,1
JK15190,1
JK15191,1
JK15192,1
JK15193,1
JK15194,1
JK15195,1
JK15197,1
JK15199,1
JK15201,1
JK15202,1
JK15203,1
JK15204,1
JK15205,1
JK15206,1
JK15207,1
JK15208,1
JK15209,1
JK15210,1
JK15211,1
JK15212,1
JK15213,1
JK15214,1
JK15215,1
JK15217,1
JK15218,1
JK15221,1
JK15222,1
JK15223,1
JK15224,1
JK15225,1
JK15226,1
JK15227,1
JK15228,1
JK15229,1
JK15230,1
JK15231,1
JK15232,1
JK15233,1
JK15234,1
JK15235,1
JK15236,1
JK15237,1
JK15239,1
JK15240,1
JK15241,1
JK15242,1
JK15243,1
JK15244,1
JK15245,1
JK15246,1
JK15247,1
JK15248,1
JK15249,1
JK15250,1
JK15251,1
JK15252,1
JK15253,1
JK15254,1
JK15257,1
JK15258,1
JK15259,1
JK15260,1
JK15262,1
JK15263,1
JK15264,1
JK15265,1
JK15267,1
JK15269,1
JK15270,1
JK15271,1
JK15272,1
JK15273,1
JK15274,1
JK15275,1
JK15276,1
JK15278,1
JK15279,1
JK15280,1
JK15281,1
JK15282,1
JK15283,1
JK15284,1
JK15285,1
JK15286,1
JK15287,1
JK15288,1
JK15290,1
JK15292,1
JK15293,1
JK15294,1
JK15295,1
JK15297,1
JK15298,1
JK15299,1
JK15300,1
JK15301,1
JK15302,1
JK15305,1
JK15310,1
JK15316,1
JK15324,1
JK15326,1
JK15329,1
JK15330,1
JK15331,1
JK15334,1
JK15335,1
JK15341,1
JK15346,1
JK15351,1
JK15353,1
JK15354,1
JK15359,1
JK15361,1
JK15362,1
JK15363,1
JK15364,1
JK15369,1
JK15370,1
JK15372,1
JK15373,1
JK15374,1
JK15376,1
JK15377,1
JK15378,1
JK15379,1
JK15380,1
JK15381,1
JK15382,1
JK15383,1
JK15384,1
JK15385,1
JK15386,1
JK15387,1
JK15391,1
JK15392,1
JK15397,1
JK15398,1
JK15399,1
JK15400,1
JK15401,1
JK15405,1
JK15408,1
JK15411,1
JK15413,1
JK15414,1
JK15420,1
JK15421,1
JK15423,1
JK15425,1
JK15429,1
JK15434,1
JK15435,1
JK15439,1
JK15440,1
JK15441,1
JK15449,1
JK15451,1
JK15454,1
JK15455,1
JK15457,1
JK15460,1
JK15464,1
JK15466,1
JK15472,1
JK15474,1
JK15476,1
JK15477,1
JK15478,1
JK15479,1
JK15480,1
JK15481,1
JK15482,1
JK15483,1
JK15484,1
JK15485,1
JK15487,1
JK15488,1
JK15489,1
JK15490,1
JK15491,1
JK15492,1
JK15493,1
JK15494,1
JK15495,1
JK15496,1
JK15497,1
JK15498,1
JK15499,1
JK15500,1
JK15501,1
JK15503,1
JK15505,1
JK15507,1
JK15512,1
JK15513,1
JK15517,1
JK15526,1
JK15527,1
JK15528,1
JK15529,1
JK15531,1
JK15532,1
JK15533,1
JK15535,1
JK15538,1
JK15540,1
JK15541,1
JK15543,1
JK15544,1
JK15546,1
JK15553,1
JK15554,1
JK15556,1
JK15557,1
JK15558,1
JK15562,1
JK15569,1
JK15572,1
JK15573,1
JK15574,1
JK15581,1
JK15587,1
JK15588,1
JK15589,1
JK15590,1
JK15591,1
JK15595,1
JK15601,1
JK15604,1
JK15611,1
JK15615,1
JK15616,1
JK15629,1
JK15641,1
JK15647,1
JK15652,1
JK15654,1
JK15658,1
JK15660,1
JK15671,1
JK15673,1
JK15675,1
JK15685,1
JK15691,1
JK15693,1
JK15695,1
JK15696,1
JK15699,1
JK15701,1
JK15702,1
JK15705,1
JK15712,1
JK15715,1
JK15727,1
JK15734,1
JK15740,1
JK15745,1
JK15746,1
JK15748,1
JK15749,1
JK15753,1
JK15755,1
JK15756,1
JK15767,1
JK15771,1
JK15774,1
JK15775,1
JK15788,1
JK15791,1
JK15798,1
JK15799,1
JK15805,1
JK15815,1
JK15819,1
JK15821,1
JK15824,1
JK15826,1
JK15833,1
JK15836,1
JK15837,1
JK15838,1
JK15840,1
JK15841,1
JK15842,1
JK15844,1
JK15858,1
JK15862,1
JK15863,1
JK15866,1
JK15873,1
JK15874,1
JK15881,1
JK15883,1
JK15892,1
JK15896,1
JK15897,1
JK15900,1
JK15901,1
JK15902,1
JK15903,1
JK15904,1
JK15906,1
JK15907,1
JK15908,1
JK15909,1
JK15911,1
JK15912,1
JK15913,1
JK15914,1
JK15915,1
JK15916,1
JK15918,1
JK15920,1
JK15921,1
JK15923,1
JK15924,1
JK15926,1
JK15927,1
JK15928,1
JK15929,1
JK15930,1
JK15931,1
JK15934,1
JK15936,1
JK15937,1
JK15938,1
JK15939,1
JK15940,1
JK15942,1
JK15943,1
JK15944,1
JK15945,1
JK15946,1
JK15947,1
JK15948,1
JK15949,1
JK15950,1
JK15951,1
JK15952,1
JK15953,1
JK15954,1
JK15955,1
JK15956,1
JK15957,1
JK15958,1
JK15959,1
JK15962,1
JK15963,1
JK15964,1
JK15965,1
JK15966,1
JK15967,1
JK15968,1
JK15969,1
JK15970,1
JK15971,1
JK15972,1
JK15973,1
JK15974,1
JK15975,1
JK15976,1
JK15977,1
JK15978,1
JK15979,1
JK15980,1
JK15981,1
JK15982,1
JK15983,1
JK15984,1
JK15985,1
JK15987,1
JK15988,1
JK15989,1
JK15990,1
JK15991,1
JK15992,1
JK15993,1
JK15994,1
JK15995,1
JK15996,1
JK15997,1
JK15998,1
JK15999,1
JK16000,1
JK16001,1
JK16002,1
JK16003,1
JK16004,1
JK16005,1
JK16006,1
JK16007,1
JK16008,1
JK16009,1
JK16010,1
JK16011,1
JK16014,1
JK16015,1
JK16016,1
JK16017,1
JK16018,1
JK16019,1
JK16020,1
JK16021,1
JK16022,1
JK16023,1
JK16025,1
JK16026,1
JK16027,1
JK16028,1
JK16029,1
JK16030,1
JK16031,1
JK16032,1
JK16033,1
JK16034,1
JK16036,1
JK16037,1
JK16040,1
JK16041,1
JK16042,1
JK16043,1
JK16046,1
JK16047,1
JK16048,1
JK16049,1
JK16051,1
JK16053,1
JK16054,1
JK16055,1
JK16056,1
JK16057,1
JK16058,1
JK16059,1
JK16060,1
JK16061,1
JK16062,1
JK16063,1
JK16064,1
JK16065,1
JK16066,1
JK16067,1
JK16069,1
JK16070,1
JK16071,1
JK16073,1
JK16074,1
JK16075,1
JK16076,1
JK16077,1
JK16078,1
JK16079,1
JK16080,1
JK16081,1
JK16082,1
JK16083,1
JK16084,1
JK16085,1
JK16087,1
JK16088,1
JK16089,1
JK16090,1
JK16091,1
JK16092,1
JK16093,1
JK16094,1
JK16095,1
JK16096,1
JK16097,1
JK16098,1
JK16099,1
JK16100,1
JK16101,1
JK16102,1
JK16103,1
JK16104,1
JK16105,1
JK16107,1
JK16110,1
JK16112,1
JK16114,1
JK16115,1
JK16116,1
JK16117,1
JK16118,1
JK16119,1
JK16120,1
JK16121,1
JK16122,1
JK16123,1
JK16124,1
JK16127,1
JK16128,1
JK16129,1
JK16130,1
JK16133,1
JK16134,1
JK16135,1
JK16136,1
JK16137,1
JK16141,1
JK16142,1
JK16143,1
JK16144,1
JK16145,1
JK16146,1
JK16147,1
JK16149,1
JK16150,1
JK16151,1
JK16152,1
JK16153,1
JK16154,1
JK16155,1
JK16156,1
JK16157,1
JK16159,1
JK16161,1
JK16162,1
JK16163,1
JK16165,1
JK16166,1
JK16167,1
JK16168,1
JK16169,1
JK16170,1
JK16171,1
JK16172,1
JK16173,1
JK16174,1
JK16175,1
JK16178,1
JK16179,1
JK16180,1
JK16181,1
JK16182,1
JK16183,1
JK16184,1
JK16185,1
JK16186,1
JK16187,1
JK16188,1
JK16189,1
JK16190,1
JK16191,1
JK16192,1
JK16193,1
JK16194,1
JK16195,1
JK16196,1
JK16197,1
JK16198,1
JK16199,1
JK16200,1
JK16201,1
JK16202,1
JK16203,1
JK16204,1
JK16205,1
JK16206,1
JK16207,1
JK16208,1
JK16209,1
JK16210,1
JK16212,1
JK16213,1
JK16214,1
JK16215,1
JK16216,1
JK16219,1
JK16220,1
JK16221,1
JK16222,1
JK16223,1
JK16224,1
JK16225,1
JK16226,1
JK16227,1
JK16228,1
JK16230,1
JK16231,1
JK16232,1
JK16233,1
JK16234,1
JK16235,1
JK16236,1
JK16237,1
JK16238,1
JK16239,1
JK16240,1
JK16241,1
JK16242,1
JK16243,1
JK16244,1
JK16245,1
JK16247,1
JK16248,1
JK16249,1
JK16250,1
JK16251,1
JK16252,1
JK16253,1
JK16254,1
JK16255,1
JK16257,1
JK16258,1
JK16259,1
JK16260,1
JK16261,1
JK16262,1
JK16263,1
JK16264,1
JK16265,1
JK16266,1
JK16267,1
JK16268,1
JK16270,1
JK16271,1
JK16273,1
JK16274,1
JK16275,1
JK16276,1
JK16277,1
JK16278,1
JK16279,1
JK16280,1
JK16281,1
JK16282,1
JK16284,1
JK16285,1
JK16286,1
JK16287,1
JK16288,1
JK16289,1
JK16290,1
JK16291,1
JK16292,1
JK16293,1
JK16295,1
JK16296,1
JK16297,1
JK16298,1
JK16299,1
JK16300,1
JK16301,1
JK16302,1
JK16303,1
JK16304,1
JK16305,1
JK16306,1
JK16307,1
JK16308,1
JK16309,1
JK16310,1
JK16311,1
JK16313,1
JK16314,1
JK16315,1
JK16316,1
JK16317,1
JK16318,1
JK16319,1
JK16320,1
JK16322,1
JK16323,1
JK16324,1
JK16325,1
JK16326,1
JK16327,1
JK16328,1
JK16329,1
JK16330,1
JK16331,1
JK16332,1
JK16333,1
JK16334,1
JK16335,1
JK16336,1
JK16337,1
JK16338,1
JK16339,1
JK16341,1
JK16345,1
JK16346,1
JK16347,1
JK16348,1
JK16349,1
JK16350,1
JK16354,1
JK16356,1
JK16357,1
JK16358,1
JK16360,1
JK16361,1
JK16362,1
JK16363,1
JK16364,1
JK16365,1
JK16366,1
JK16367,1
JK16368,1
JK16369,1
JK16370,1
JK16371,1
JK16372,1
JK16373,1
JK16374,1
JK16375,1
JK16377,1
JK16378,1
JK16379,1
JK16380,1
JK16381,1
JK16382,1
JK16383,1
JK16384,1
JK16385,1
JK16386,1
JK16387,1
JK16388,1
JK16389,1
JK16390,1
JK16391,1
JK16392,1
JK16393,1
JK16394,1
JK16395,1
JK16396,1
JK16397,1
JK16398,1
JK16399,1
JK16401,1
JK16404,1
JK16406,1
JK16407,1
JK16408,1
JK16409,1
JK16410,1
JK16411,1
JK16412,1
JK16415,1
JK16416,1
JK16417,1
JK16419,1
JK16420,1
JK16421,1
JK16423,1
JK16424,1
JK16425,1
JK16426,1
JK16427,1
JK16430,1
JK16431,1
JK16432,1
JK16433,1
JK16434,1
JK16435,1
JK16436,1
JK16437,1
JK16438,1
JK16440,1
JK16441,1
JK16442,1
JK16443,1
JK16444,1
JK16445,1
JK16446,1
JK16447,1
JK16448,1
JK16449,1
JK16450,1
JK16451,1
JK16452,1
JK16453,1
JK16455,1
JK16456,1
JK16457,1
JK16458,1
JK16459,1
JK16461,1
JK16462,1
JK16463,1
JK16464,1
JK16465,1
JK16466,1
JK16473,1
JK16477,1
JK16478,1
JK16479,1
JK16480,1
JK16481,1
JK16483,1
JK16484,1
JK16485,1
JK16486,1
JK16487,1
JK16488,1
JK16489,1
JK16491,1
JK16492,1
JK16493,1
JK16494,1
JK16495,1
JK16497,1
JK16498,1
JK16499,1
JK16500,1
JK16501,1
JK16502,1
JK16503,1
JK16505,1
JK16506,1
JK16507,1
JK16508,1
JK16509,1
JK16512,1
JK16513,1
JK16514,1
JK16515,1
JK16516,1
JK16517,1
JK16518,1
JK16519,1
JK16520,1
JK16521,1
JK16523,1
JK16526,1
JK16527,1
JK16531,1
JK16532,1
JK16536,1
JK16537,1
JK16538,1
JK16541,1
JK16542,1
JK16543,1
JK16547,1
JK16549,1
JK16550,1
JK16551,1
JK16552,1
JK16553,1
JK16554,1
JK16555,1
JK16556,1
JK16557,1
JK16558,1
JK16559,1
JK16560,1
JK16561,1
JK16562,1
JK16563,1
JK16565,1
JK16567,1
JK16571,1
JK16573,1
JK16574,1
JK16575,1
JK16576,1
JK16577,1
JK16578,1
JK16580,1
JK16581,1
JK16582,1
JK16583,1
JK16584,1
JK16585,1
JK16586,1
JK16587,1
JK16589,1
JK16590,1
JK16591,1
JK16592,1
JK16596,1
JK16597,1
JK16598,1
JK16601,1
JK16602,1
JK16603,1
JK16605,1
JK16606,1
JK16610,1
JK16613,1
JK16614,1
JK16615,1
JK16616,1
JK16617,1
JK16618,1
JK16620,1
JK16621,1
JK16624,1
JK16625,1
JK16626,1
JK16627,1
JK16628,1
JK16629,1
JK16630,1
JK16631,1
JK16632,1
JK16633,1
JK16634,1
JK16635,1
JK16636,1
JK16637,1
JK16639,1
JK16640,1
JK16641,1
JK16642,1
JK16643,1
JK16644,1
JK16645,1
JK16646,1
JK16647,1
JK16651,1
JK16654,1
JK16655,1
JK16656,1
JK16657,1
JK16658,1
JK16660,1
JK16661,1
JK16662,1
JK16663,1
JK16664,1
JK16666,1
JK16668,1
JK16669,1
JK16671,1
JK16676,1
JK16677,1
JK16678,1
JK16680,1
JK16681,1
JK16682,1
JK16683,1
JK16685,1
JK16686,1
JK16687,1
JK16688,1
JK16689,1
JK16690,1
JK16692,1
JK16693,1
JK16694,1
JK16695,1
JK16696,1
JK16699,1
JK16702,1
JK16704,1
JK16706,1
JK16707,1
JK16708,1
JK16710,1
JK16713,1
JK16715,1
JK16716,1
JK16717,1
JK16719,1
JK16720,1
JK16722,1
JK16723,1
JK16724,1
JK16725,1
JK16729,1
JK16731,1
JK16732,1
JK16733,1
JK16734,1
JK16735,1
JK16736,1
JK16739,1
JK16740,1
JK16745,1
JK16746,1
JK16747,1
JK16748,1
JK16750,1
JK16751,1
JK16752,1
JK16754,1
JK16757,1
JK16759,1
JK16761,1
JK16762,1
JK16763,1
JK16764,1
JK16765,1
JK16766,1
JK16767,1
JK16768,1
JK16769,1
JK16770,1
JK16771,1
JK16772,1
JK16774,1
JK16775,1
JK16776,1
JK16777,1
JK16778,1
JK16779,1
JK16781,1
JK16782,1
JK16783,1
JK16784,1
JK16785,1
JK16786,1
JK16787,1
JK16788,1
JK16789,1
JK16790,1
JK16794,1
JK16795,1
JK16796,1
JK16798,1
JK16800,1
JK16802,1
JK16804,1
JK16805,1
JK16806,1
JK16807,1
JK16808,1
JK16809,1
JK16811,1
JK16812,1
JK16813,1
JK16814,1
JK16816,1
JK16817,1
JK16819,1
JK16820,1
JK16821,1
JK16822,1
JK16823,1
JK16824,1
JK16825,1
JK16826,1
JK16827,1
JK16828,1
JK16829,1
JK16830,1
JK16832,1
JK16833,1
JK16834,1
JK16836,1
JK16837,1
JK16838,1
JK16840,1
JK16841,1
JK16842,1
JK16843,1
JK16844,1
JK16845,1
JK16847,1
JK16848,1
JK16849,1
JK16851,1
JK16853,1
JK16854,1
JK16855,1
JK16856,1
JK16857,1
JK16858,1
JK16859,1
JK16862,1
JK16863,1
JK16864,1
JK16865,1
JK16867,1
JK16868,1
JK16869,1
JK16870,1
JK16871,1
JK16873,1
JK16874,1
JK16875,1
JK16879,1
JK16882,1
JK16883,1
JK16884,1
JK16885,1
JK16888,1
JK16889,1
JK16890,1
JK16892,1
JK16893,1
JK16894,1
JK16895,1
JK16897,1
JK16898,1
JK16899,1
JK16900,1
JK16901,1
JK16902,1
JK16905,1
JK16906,1
JK16907,1
JK16908,1
JK16909,1
JK16910,1
JK16911,1
JK16912,1
JK16913,1
JK16915,1
JK16916,1
JK16917,1
JK16918,1
JK16919,1
JK16920,1
JK16921,1
JK16922,1
JK16923,1
JK16926,1
JK16928,1
JK16929,1
JK16930,1
JK16931,1
JK16932,1
JK16933,1
JK16934,1
JK16935,1
JK16936,1
JK16937,1
JK16938,1
JK16939,1
JK16940,1
JK16941,1
JK16942,1
JK16944,1
JK16946,1
JK16947,1
JK16950,1
JK16955,1
JK16956,1
JK16957,1
JK16961,1
JK16962,1
JK16966,1
JK16967,1
JK16968,1
JK16970,1
JK16972,1
JK16973,1
JK16974,1
JK16975,1
JK16976,1
JK16977,1
JK16978,1
JK16979,1
JK16980,1
JK16981,1
JK16982,1
JK16983,1
JK16984,1
JK16985,1
JK16987,1
JK16988,1
JK16989,1
JK16990,1
JK16991,1
JK16992,1
JK16993,1
JK16994,1
JK16995,1
JK16996,1
JK16997,1
JK16998,1
JK16999,1
JK17000,1
JK17001,1
JK17002,1
JK17003,1
JK17004,1
JK17005,1
JK17006,1
JK17007,1
JK17008,1
JK17009,1
JK17010,1
JK17011,1
JK17012,1
JK17013,1
JK17014,1
JK17015,1
JK17017,1
JK17018,1
JK17019,1
JK17020,1
JK17021,1
JK17022,1
JK17023,1
JK17025,1
JK17026,1
JK17027,1
JK17028,1
JK17029,1
JK17031,1
JK17034,1
JK17035,1
JK17036,1
JK17037,1
JK17038,1
JK17039,1
JK17040,1
JK17041,1
JK17042,1
JK17045,1
JK17046,1
JK17047,1
JK17048,1
JK17049,1
JK17050,1
JK17052,1
JK17053,1
JK17054,1
JK17056,1
JK17057,1
JK17058,1
JK17059,1
JK17060,1
JK17061,1
JK17063,1
JK17064,1
JK17065,1
JK17066,1
JK17067,1
JK17069,1
JK17071,1
JK17073,1
JK17074,1
JK17075,1
JK17076,1
JK17077,1
JK17078,1
JK17079,1
JK17081,1
JK17082,1
JK17083,1
JK17084,1
JK17085,1
JK17086,1
JK17088,1
JK17089,1
JK17090,1
JK17092,1
JK17093,1
JK17094,1
JK17095,1
JK17096,1
JK17097,1
JK17099,1
JK17100,1
JK17101,1
JK17103,1
JK17105,1
JK17107,1
JK17108,1
JK17109,1
JK17110,1
JK17111,1
JK17114,1
JK17115,1
JK17116,1
JK17117,1
JK17118,1
JK17119,1
JK17120,1
JK17121,1
JK17122,1
JK17123,1
JK17126,1
JK17127,1
JK17130,1
JK17131,1
JK17132,1
JK17134,1
JK17137,1
JK17138,1
JK17139,1
JK17140,1
JK17141,1
JK17142,1
JK17143,1
JK17144,1
JK17145,1
JK17147,1
JK17149,1
JK17150,1
JK17151,1
JK17152,1
JK17153,1
JK17154,1
JK17156,1
JK17157,1
JK17158,1
JK17159,1
JK17160,1
JK17171,1
JK17172,1
JK17173,1
JK17174,1
JK17175,1
JK17176,1
JK17178,1
JK17180,1
JK17181,1
JK17182,1
JK17183,1
JK17188,1
JK17189,1
JK17190,1
JK17191,1
JK17193,1
JK17194,1
JK17195,1
JK17196,1
JK17197,1
JK17199,1
JK17202,1
JK17204,1
JK17205,1
JK17208,1
JK17209,1
JK17210,1
JK17211,1
JK17212,1
JK17213,1
JK17214,1
JK17218,1
JK17219,1
JK17220,1
JK17221,1
JK17222,1
JK17223,1
JK17224,1
JK17225,1
JK17226,1
JK17227,1
JK17228,1
JK17230,1
JK17235,1
JK17236,1
JK17237,1
JK17238,1
JK17239,1
JK17240,1
JK17241,1
JK17242,1
JK17243,1
JK17246,1
JK17249,1
JK17252,1
JK17253,1
JK17255,1
JK17256,1
JK17258,1
JK17259,1
JK17260,1
JK17261,1
JK17262,1
JK17264,1
JK17265,1
JK17266,1
JK17269,1
JK17270,1
JK17271,1
JK17272,1
JK17273,1
JK17277,1
JK17280,1
JK17281,1
JK17282,1
JK17283,1
JK17284,1
JK17285,1
JK17286,1
JK17287,1
JK17288,1
JK17290,1
JK17292,1
JK17293,1
JK17294,1
JK17295,1
JK17297,1
JK17299,1
JK17300,1
JK17301,1
JK17302,1
JK17304,1
JK17305,1
JK17306,1
JK17307,1
JK17308,1
JK17309,1
JK17310,1
JK17311,1
JK17312,1
JK17313,1
JK17314,1
JK17315,1
JK17316,1
JK17318,1
JK17319,1
JK17320,1
JK17321,1
JK17325,1
JK17326,1
JK17327,1
JK17328,1
JK17330,1
JK17333,1
JK17334,1
JK17335,1
JK17336,1
JK17337,1
JK17338,1
JK17339,1
JK17340,1
JK17343,1
JK173434,1
JK17351,1
JK17360,1
JK17361,1
JK17362,1
JK17363,1
JK17364,1
JK17365,1
JK17366,1
JK17369,1
JK17370,1
JK17371,1
JK17372,1
JK17373,1
JK17374,1
JK17375,1
JK17378,1
JK17379,1
JK17380,1
JK17383,1
JK17384,1
JK17385,1
JK17386,1
JK17390,1
JK17392,1
JK17393,1
JK17394,1
JK17395,1
JK17396,1
JK17397,1
JK17398,1
JK17399,1
JK17401,1
JK17402,1
JK17404,1
JK17405,1
JK17406,1
JK17408,1
JK17409,1
JK17410,1
JK17413,1
JK17414,1
JK17416,1
JK17417,1
JK17418,1
JK17419,1
JK17420,1
JK17422,1
JK17423,1
JK17424,1
JK17425,1
JK17426,1
JK17427,1
JK17428,1
JK17429,1
JK17430,1
JK17431,1
JK17432,1
JK17433,1
JK17437,1
JK17440,1
JK17441,1
JK17442,1
JK17443,1
JK17444,1
JK17445,1
JK17446,1
JK17448,1
JK17449,1
JK17450,1
JK17452,1
JK17453,1
JK17454,1
JK17456,1
JK17457,1
JK17463,1
JK17464,1
JK17465,1
JK17466,1
JK17468,1
JK17469,1
JK17470,1
JK17471,1
JK17472,1
JK17474,1
JK17475,1
JK17476,1
JK17477,1
JK17478,1
JK17479,1
JK17480,1
JK17483,1
JK17484,1
JK17485,1
JK17486,1
JK17487,1
JK17488,1
JK17489,1
JK17490,1
JK17491,1
JK17492,1
JK17493,1
JK17494,1
JK17495,1
JK17496,1
JK17500,1
JK17509,1
JK17510,1
JK17511,1
JK17512,1
JK17514,1
JK17515,1
JK17516,1
JK17517,1
JK17518,1
JK17521,1
JK17522,1
JK17523,1
JK17525,1
JK17526,1
JK17527,1
JK17528,1
JK17529,1
JK17530,1
JK17531,1
JK17532,1
JK17533,1
JK17534,1
JK17535,1
JK17536,1
JK17537,1
JK17538,1
JK17539,1
JK17540,1
JK17541,1
JK17542,1
JK17543,1
JK17545,1
JK17546,1
JK17547,1
JK17548,1
JK17549,1
JK17550,1
JK17551,1
JK17552,1
JK17553,1
JK17555,1
JK17557,1
JK17558,1
JK17559,1
JK17560,1
JK17562,1
JK17563,1
JK17567,1
JK17568,1
JK17569,1
JK17572,1
JK17574,1
JK17578,1
JK17579,1
JK17580,1
JK17583,1
JK17584,1
JK17585,1
JK17586,1
JK17587,1
JK17589,1
JK17590,1
JK17592,1
JK17593,1
JK17594,1
JK17595,1
JK17597,1
JK17599,1
JK17600,1
JK17601,1
JK17602,1
JK17603,1
JK17604,1
JK17605,1
JK17606,1
JK17607,1
JK17608,1
JK17610,1
JK17612,1
JK17613,1
JK17614,1
JK17615,1
JK17616,1
JK17617,1
JK17618,1
JK17619,1
JK17620,1
JK17621,1
JK17622,1
JK17623,1
JK17624,1
JK17625,1
JK17626,1
JK17629,1
JK17630,1
JK17631,1
JK17633,1
JK17634,1
JK17635,1
JK17636,1
JK17637,1
JK17638,1
JK17642,1
JK17645,1
JK17646,1
JK17647,1
JK17648,1
JK17649,1
JK17650,1
JK17651,1
JK17652,1
JK17653,1
JK17654,1
JK17655,1
JK17657,1
JK17658,1
JK17659,1
JK17661,1
JK17662,1
JK17663,1
JK17666,1
JK17667,1
JK17668,1
JK17670,1
JK17672,1
JK17674,1
JK17675,1
JK17676,1
JK17677,1
JK17678,1
JK17680,1
JK17681,1
JK17682,1
JK17684,1
JK17685,1
JK17686,1
JK17687,1
JK17688,1
JK17689,1
JK17691,1
JK17695,1
JK17696,1
JK17697,1
JK17700,1
JK17701,1
JK17702,1
JK17703,1
JK17704,1
JK17705,1
JK17706,1
JK17707,1
JK17708,1
JK17709,1
JK17710,1
JK17711,1
JK17712,1
JK17714,1
JK17715,1
JK17716,1
JK17717,1
JK17718,1
JK17719,1
JK17720,1
JK17721,1
JK17723,1
JK17724,1
JK17725,1
JK17726,1
JK17727,1
JK17728,1
JK17729,1
JK17731,1
JK17732,1
JK17733,1
JK17734,1
JK17735,1
JK17736,1
JK17737,1
JK17738,1
JK17740,1
JK17741,1
JK17742,1
JK17743,1
JK17744,1
JK17745,1
JK17746,1
JK17747,1
JK17749,1
JK17752,1
JK17759,1
JK17760,1
JK17761,1
JK17762,1
JK17763,1
JK17765,1
JK17766,1
JK17769,1
JK17774,1
JK17775,1
JK17776,1
JK17777,1
JK17792,1
JK17809,1
JK17810,1
JK17814,1
JK17816,1
JK17821,1
JK17822,1
JK17824,1
JK17826,1
JK17832,1
JK17839,1
JK17841,1
JK17847,1
JK17856,1
JK17866,1
JK17876,1
JK17893,1
JK17894,1
JK17895,1
JK17896,1
JK17897,1
JK17898,1
JK17899,1
JK17900,1
JK17901,1
JK17902,1
JK17904,1
JK17905,1
JK17909,1
JK17911,1
JK17912,1
JK17913,1
JK17914,1
JK17915,1
JK17916,1
JK17917,1
JK17919,1
JK17920,1
JK17922,1
JK17923,1
JK17925,1
JK17928,1
JK17929,1
JK17930,1
JK17932,1
JK17933,1
JK17934,1
JK17935,1
JK17936,1
JK17937,1
JK17938,1
JK17939,1
JK17940,1
JK17941,1
JK17942,1
JK17944,1
JK17945,1
JK17946,1
JK17948,1
JK17949,1
JK17950,1
JK17951,1
JK17956,1
JK17957,1
JK17958,1
JK17959,1
JK17960,1
JK17961,1
JK17962,1
JK17963,1
JK17964,1
JK17965,1
JK17966,1
JK17969,1
JK17970,1
JK17971,1
JK17972,1
JK17973,1
JK17974,1
JK17975,1
JK17977,1
JK17980,1
JK17981,1
JK17982,1
JK17983,1
JK17984,1
JK17985,1
JK17986,1
JK17987,1
JK17988,1
JK17989,1
JK17991,1
JK17992,1
JK17993,1
JK17994,1
JK17995,1
JK17996,1
JK17998,1
JK17999,1
JK18000,1
JK18001,1
JK18004,1
JK18005,1
JK18006,1
JK18007,1
JK18008,1
JK18009,1
JK18011,1
JK18012,1
JK18014,1
JK18015,1
JK18016,1
JK18017,1
JK18019,1
JK18020,1
JK18021,1
JK18024,1
JK18025,1
JK18026,1
JK18027,1
JK18028,1
JK18029,1
JK18030,1
JK18031,1
JK18032,1
JK18033,1
JK18034,1
JK18035,1
JK18036,1
JK18037,1
JK18038,1
JK18039,1
JK18040,1
JK18041,1
JK18042,1
JK18043,1
JK18044,1
JK18045,1
JK18047,1
JK18049,1
JK18050,1
JK18051,1
JK18052,1
JK18053,1
JK18056,1
JK18057,1
JK18058,1
JK18059,1
JK18061,1
JK18064,1
JK18065,1
JK18066,1
JK18067,1
JK18068,1
JK18069,1
JK18070,1
JK18073,1
JK18075,1
JK18076,1
JK18077,1
JK18078,1
JK18079,1
JK18081,1
JK18083,1
JK18084,1
JK18085,1
JK18088,1
JK18089,1
JK18090,1
JK18091,1
JK18092,1
JK18094,1
JK18095,1
JK18096,1
JK18097,1
JK18099,1
JK18101,1
JK18104,1
JK18105,1
JK18106,1
JK18107,1
JK18108,1
JK18109,1
JK18110,1
JK18111,1
JK18112,1
JK18113,1
JK18115,1
JK18116,1
JK18117,1
JK18118,1
JK18119,1
JK18120,1
JK18121,1
JK18122,1
JK18123,1
JK18124,1
JK18125,1
JK18126,1
JK18127,1
JK18128,1
JK18129,1
JK18130,1
JK18131,1
JK18132,1
JK18133,1
JK18135,1
JK18138,1
JK18139,1
JK18140,1
JK18141,1
JK18142,1
JK18143,1
JK18144,1
JK18145,1
JK18146,1
JK18147,1
JK18148,1
JK18149,1
JK18150,1
JK18152,1
JK18153,1
JK18154,1
JK18156,1
JK18157,1
JK18158,1
JK18159,1
JK18160,1
JK18161,1
JK18162,1
JK18163,1
JK18164,1
JK18165,1
JK18166,1
JK18167,1
JK18168,1
JK18169,1
JK18170,1
JK18171,1
JK18174,1
JK18175,1
JK18179,1
JK18181,1
JK18182,1
JK18183,1
JK18184,1
JK18185,1
JK18186,1
JK18189,1
JK18190,1
JK18191,1
JK18192,1
JK18193,1
JK18196,1
JK18197,1
JK18198,1
JK18199,1
JK18200,1
JK18201,1
JK18202,1
JK18203,1
JK18205,1
JK18207,1
JK18208,1
JK18209,1
JK18210,1
JK18211,1
JK18212,1
JK18213,1
JK18214,1
JK18216,1
JK18218,1
JK18219,1
JK18220,1
JK18221,1
JK18222,1
JK18223,1
JK18224,1
JK18225,1
JK18227,1
JK18228,1
JK18232,1
JK18233,1
JK18234,1
JK18235,1
JK18236,1
JK18237,1
JK18239,1
JK18241,1
JK18242,1
JK18244,1
JK18245,1
JK18247,1
JK18248,1
JK18250,1
JK18251,1
JK18252,1
JK18254,1
JK18257,1
JK18258,1
JK18259,1
JK18261,1
JK18262,1
JK18264,1
JK18266,1
JK18268,1
JK18269,1
JK18270,1
JK18271,1
JK18272,1
JK18273,1
JK18274,1
JK18275,1
JK18276,1
JK18277,1
JK18278,1
JK18279,1
JK18280,1
JK18282,1
JK18286,1
JK18287,1
JK18288,1
JK18289,1
JK18291,1
JK18292,1
JK18293,1
JK18295,1
JK18296,1
JK18297,1
JK18299,1
JK18300,1
JK18301,1
JK18303,1
JK18304,1
JK18305,1
JK18311,1
JK18312,1
JK18313,1
JK18314,1
JK18315,1
JK18316,1
JK18317,1
JK18318,1
JK18319,1
JK18320,1
JK18321,1
JK18322,1
JK18324,1
JK18325,1
JK18326,1
JK18327,1
JK18328,1
JK18329,1
JK18330,1
JK18331,1
JK18332,1
JK18333,1
JK18335,1
JK18336,1
JK18338,1
JK18340,1
JK18341,1
JK18342,1
JK18345,1
JK18346,1
JK18347,1
JK18349,1
JK18350,1
JK18352,1
JK18353,1
JK18354,1
JK18355,1
JK18356,1
JK18358,1
JK18360,1
JK18361,1
JK18362,1
JK18364,1
JK18365,1
JK18368,1
JK18371,1
JK18373,1
JK18374,1
JK18375,1
JK18376,1
JK18377,1
JK18380,1
JK18382,1
JK18383,1
JK18386,1
JK18387,1
JK18388,1
JK18390,1
JK18391,1
JK18392,1
JK18393,1
JK18394,1
JK18395,1
JK18396,1
JK18398,1
JK18399,1
JK18400,1
JK18405,1
JK18406,1
JK18409,1
JK18410,1
JK18411,1
JK18413,1
JK18414,1
JK18415,1
JK18417,1
JK18418,1
JK18423,1
JK18424,1
JK18425,1
JK18426,1
JK18427,1
JK18428,1
JK18429,1
JK18430,1
JK18431,1
JK18432,1
JK18433,1
JK18435,1
JK18437,1
JK18438,1
JK18439,1
JK18440,1
JK18443,1
JK18444,1
JK18448,1
JK18449,1
JK18450,1
JK18451,1
JK18452,1
JK18453,1
JK18454,1
JK18457,1
JK18460,1
JK18461,1
JK18462,1
JK18463,1
JK18467,1
JK18468,1
JK18469,1
JK18470,1
JK18471,1
JK18472,1
JK18473,1
JK18474,1
JK18476,1
JK18477,1
JK18480,1
JK18481,1
JK18482,1
JK18483,1
JK18485,1
JK18486,1
JK18487,1
JK18488,1
JK18490,1
JK18491,1
JK18492,1
JK18493,1
JK18494,1
JK18497,1
JK18498,1
JK18499,1
JK18500,1
JK18501,1
JK18502,1
JK18503,1
JK18504,1
JK18505,1
JK18506,1
JK18507,1
JK18508,1
JK18509,1
JK18510,1
JK18511,1
JK18514,1
JK18515,1
JK18516,1
JK18517,1
JK18518,1
JK18519,1
JK18520,1
JK18521,1
JK18522,1
JK18523,1
JK18524,1
JK18525,1
JK18526,1
JK18527,1
JK18528,1
JK18530,1
JK18531,1
JK18532,1
JK18533,1
JK18534,1
JK18535,1
JK18537,1
JK18538,1
JK18540,1
JK18541,1
JK18542,1
JK18544,1
JK18546,1
JK18548,1
JK18549,1
JK18550,1
JK18551,1
JK18552,1
JK18553,1
JK18555,1
JK18557,1
JK18559,1
JK18561,1
JK18562,1
JK18563,1
JK18564,1
JK18565,1
JK18566,1
JK18567,1
JK18568,1
JK18570,1
JK18571,1
JK18572,1
JK18573,1
JK18574,1
JK18575,1
JK18576,1
JK18577,1
JK18578,1
JK18579,1
JK18581,1
JK18584,1
JK18585,1
JK18591,1
JK18592,1
JK18595,1
JK18596,1
JK18597,1
JK18598,1
JK18599,1
JK18600,1
JK18601,1
JK18602,1
JK18603,1
JK18604,1
JK18605,1
JK18606,1
JK18607,1
JK18608,1
JK18609,1
JK18610,1
JK18612,1
JK18613,1
JK18614,1
JK18615,1
JK18616,1
JK18617,1
JK18618,1
JK18619,1
JK18620,1
JK18621,1
JK18622,1
JK18623,1
JK18624,1
JK18625,1
JK18626,1
JK18627,1
JK18629,1
JK18631,1
JK18632,1
JK18633,1
JK18634,1
JK18640,1
JK18642,1
JK18643,1
JK18644,1
JK18645,1
JK18647,1
JK18649,1
JK18650,1
JK18651,1
JK18652,1
JK18653,1
JK18654,1
JK18655,1
JK18656,1
JK18658,1
JK18659,1
JK18660,1
JK18662,1
JK18663,1
JK18664,1
JK18665,1
JK18667,1
JK18668,1
JK18669,1
JK18670,1
JK18671,1
JK18672,1
JK18673,1
JK18675,1
JK18676,1
JK18677,1
JK18678,1
JK18679,1
JK18680,1
JK18684,1
JK18685,1
JK18686,1
JK18688,1
JK18689,1
JK18690,1
JK18691,1
JK18692,1
JK18693,1
JK18694,1
JK18695,1
JK18696,1
JK18699,1
JK18700,1
JK18701,1
JK18704,1
JK18706,1
JK18708,1
JK18709,1
JK18710,1
JK18711,1
JK18712,1
JK18713,1
JK18714,1
JK18715,1
JK18716,1
JK18717,1
JK18719,1
JK18720,1
JK18721,1
JK18722,1
JK18723,1
JK18724,1
JK18725,1
JK18726,1
JK18727,1
JK18728,1
JK18729,1
JK18730,1
JK18731,1
JK18732,1
JK18734,1
JK18735,1
JK18737,1
JK18738,1
JK18739,1
JK18740,1
JK18743,1
JK18744,1
JK18745,1
JK18746,1
JK18751,1
JK18752,1
JK18753,1
JK18754,1
JK18756,1
JK18757,1
JK18758,1
JK18759,1
JK18760,1
JK18761,1
JK18762,1
JK18763,1
JK18764,1
JK18765,1
JK18766,1
JK18767,1
JK18768,1
JK18769,1
JK18771,1
JK18774,1
JK18776,1
JK18777,1
JK18778,1
JK18779,1
JK18780,1
JK18781,1
JK18782,1
JK18784,1
JK18786,1
JK18788,1
JK18789,1
JK18792,1
JK18794,1
JK18795,1
JK18796,1
JK18797,1
JK18798,1
JK18799,1
JK18800,1
JK18801,1
JK18802,1
JK18803,1
JK18804,1
JK18805,1
JK18806,1
JK18807,1
JK18808,1
JK18809,1
JK18811,1
JK18813,1
JK18814,1
JK18815,1
JK18816,1
JK18817,1
JK18818,1
JK18819,1
JK18820,1
JK18821,1
JK18822,1
JK18824,1
JK18826,1
JK18827,1
JK18828,1
JK18829,1
JK18830,1
JK18831,1
JK18832,1
JK18833,1
JK18834,1
JK18836,1
JK18837,1
JK18838,1
JK18839,1
JK18840,1
JK18841,1
JK18842,1
JK18843,1
JK18844,1
JK18845,1
JK18847,1
JK18848,1
JK18849,1
JK18850,1
JK18851,1
JK18852,1
JK18853,1
JK18855,1
JK18856,1
JK18859,1
JK18860,1
JK18861,1
JK18862,1
JK18863,1
JK18864,1
JK18865,1
JK18866,1
JK18867,1
JK18868,1
JK18869,1
JK18870,1
JK18871,1
JK18872,1
JK18874,1
JK18875,1
JK18876,1
JK18877,1
JK18878,1
JK18879,1
JK18880,1
JK18881,1
JK18882,1
JK18883,1
JK18884,1
JK18885,1
JK18886,1
JK18887,1
JK18888,1
JK18891,1
JK18892,1
JK18893,1
JK18894,1
JK18895,1
JK18896,1
JK18897,1
JK18898,1
JK18899,1
JK18902,1
JK18903,1
JK18904,1
JK18905,1
JK18906,1
JK18907,1
JK18908,1
JK18910,1
JK18911,1
JK18912,1
JK18913,1
JK18914,1
JK18916,1
JK18917,1
JK18918,1
JK18919,1
JK18920,1
JK18921,1
JK18922,1
JK18924,1
JK18925,1
JK18926,1
JK18927,1
JK18928,1
JK18929,1
JK18930,1
JK18931,1
JK18934,1
JK18935,1
JK18937,1
JK18938,1
JK18939,1
JK18940,1
JK18941,1
JK18942,1
JK18943,1
JK18944,1
JK18946,1
JK18947,1
JK18948,1
JK18949,1
JK18950,1
JK18951,1
JK18953,1
JK18954,1
JK18955,1
JK18956,1
JK18957,1
JK18958,1
JK18960,1
JK18961,1
JK18963,1
JK18964,1
JK18965,1
JK18966,1
JK18968,1
JK18970,1
JK18971,1
JK18972,1
JK18973,1
JK18975,1
JK18976,1
JK18977,1
JK18978,1
JK18979,1
JK18981,1
JK18982,1
JK18983,1
JK18984,1
JK18985,1
JK18986,1
JK18987,1
JK18988,1
JK18989,1
JK18992,1
JK18993,1
JK18994,1
JK18995,1
JK18996,1
JK18997,1
JK18998,1
JK18999,1
JK19000,1
JK19001,1
JK19002,1
JK19003,1
JK19004,1
JK19005,1
JK19006,1
JK19007,1
JK19008,1
JK19009,1
JK19010,1
JK19011,1
JK19013,1
JK19014,1
JK19015,1
JK19016,1
JK19017,1
JK19019,1
JK19020,1
JK19021,1
JK19022,1
JK19023,1
JK19024,1
JK19026,1
JK19027,1
JK19028,1
JK19029,1
JK19031,1
JK19032,1
JK19033,1
JK19036,1
JK19037,1
JK19039,1
JK19043,1
JK19044,1
JK19045,1
JK19046,1
JK19047,1
JK19049,1
JK19050,1
JK19051,1
JK19053,1
JK19054,1
JK19056,1
JK19057,1
JK19058,1
JK19059,1
JK19060,1
JK19061,1
JK19065,1
JK19067,1
JK19068,1
JK19069,1
JK19070,1
JK19071,1
JK19072,1
JK19073,1
JK19074,1
JK19076,1
JK19078,1
JK19079,1
JK19080,1
JK19081,1
JK19083,1
JK19084,1
JK19085,1
JK19087,1
JK19088,1
JK19090,1
JK19093,1
JK19094,1
JK19095,1
JK19096,1
JK19097,1
JK19099,1
JK19100,1
JK19102,1
JK19104,1
JK19107,1
JK19108,1
JK19109,1
JK19110,1
JK19111,1
JK19112,1
JK19114,1
JK19115,1
JK19116,1
JK19117,1
JK19118,1
JK19119,1
JK19120,1
JK19121,1
JK19122,1
JK19123,1
JK19126,1
JK19127,1
JK19128,1
JK19129,1
JK19130,1
JK19131,1
JK19133,1
JK19134,1
JK19135,1
JK19136,1
JK19137,1
JK19138,1
JK19139,1
JK19140,1
JK19142,1
JK19143,1
JK19144,1
JK19145,1
JK19146,1
JK19147,1
JK19148,1
JK19149,1
JK19150,1
JK19151,1
JK19153,1
JK19154,1
JK19155,1
JK19156,1
JK19157,1
JK19158,1
JK19159,1
JK19160,1
JK19161,1
JK19162,1
JK19163,1
JK19164,1
JK19165,1
JK19166,1
JK19167,1
JK19168,1
JK19169,1
JK19170,1
JK19171,1
JK19172,1
JK19173,1
JK19175,1
JK19176,1
JK19177,1
JK19179,1
JK19180,1
JK19181,1
JK19182,1
JK19184,1
JK19186,1
JK19187,1
JK19188,1
JK19189,1
JK19190,1
JK19191,1
JK19192,1
JK19193,1
JK19194,1
JK19195,1
JK19196,1
JK19197,1
JK19198,1
JK19199,1
JK19200,1
JK19202,1
JK19203,1
JK19206,1
JK19207,1
JK19208,1
JK19209,1
JK19210,1
JK19211,1
JK19212,1
JK19214,1
JK19215,1
JK19216,1
JK19217,1
JK19218,1
JK19219,1
JK19220,1
JK19221,1
JK19222,1
JK19223,1
JK19224,1
JK19225,1
JK19226,1
JK19227,1
JK19228,1
JK19229,1
JK19230,1
JK19231,1
JK19232,1
JK19233,1
JK19234,1
JK19235,1
JK19236,1
JK19237,1
JK19238,1
JK19239,1
JK19240,1
JK19241,1
JK19242,1
JK19243,1
JK19244,1
JK19245,1
JK19246,1
JK19247,1
JK19248,1
JK19249,1
JK19251,1
JK19252,1
JK19253,1
JK19254,1
JK19255,1
JK19256,1
JK19257,1
JK19258,1
JK19259,1
JK19260,1
JK19261,1
JK19263,1
JK19264,1
JK19266,1
JK19268,1
JK19269,1
JK19270,1
JK19271,1
JK19273,1
JK19274,1
JK19279,1
JK19280,1
JK19282,1
JK19289,1
JK19297,1
JK19299,1
JK19303,1
JK19305,1
JK19308,1
JK19310,1
JK19312,1
JK19320,1
JK19322,1
JK19324,1
JK19326,1
JK19327,1
JK19332,1
JK19334,1
JK19335,1
JK19337,1
JK19338,1
JK19339,1
JK19340,1
JK19341,1
JK19342,1
JK19344,1
JK19345,1
JK19346,1
JK19347,1
JK19348,1
JK19349,1
JK19350,1
JK19351,1
JK19352,1
JK19353,1
JK19355,1
JK19356,1
JK19357,1
JK19358,1
JK19359,1
JK19360,1
JK19361,1
JK19362,1
JK19364,1
JK19365,1
JK19366,1
JK19367,1
JK19368,1
JK19371,1
JK19372,1
JK19373,1
JK19374,1
JK19375,1
JK19376,1
JK19378,1
JK19379,1
JK19380,1
JK19381,1
JK19382,1
JK19383,1
JK19384,1
JK19385,1
JK19386,1
JK19387,1
JK19388,1
JK19389,1
JK19390,1
JK19391,1
JK19394,1
JK19395,1
JK19396,1
JK19397,1
JK19398,1
JK19399,1
JK19400,1
JK19402,1
JK19403,1
JK19404,1
JK19405,1
JK19406,1
JK19408,1
JK19409,1
JK19410,1
JK19411,1
JK19412,1
JK19413,1
JK19414,1
JK19415,1
JK19416,1
JK19417,1
JK19418,1
JK19419,1
JK19420,1
JK19421,1
JK19422,1
JK19423,1
JK19424,1
JK19425,1
JK19428,1
JK19429,1
JK19430,1
JK19431,1
JK19433,1
JK19434,1
JK19436,1
JK19441,1
JK19442,1
JK19443,1
JK19444,1
JK19445,1
JK19448,1
JK19449,1
JK19450,1
JK19451,1
JK19452,1
JK19453,1
JK19454,1
JK19455,1
JK19456,1
JK19458,1
JK19459,1
JK19460,1
JK19461,1
JK19464,1
JK19465,1
JK19466,1
JK19468,1
JK19470,1
JK19471,1
JK19472,1
JK19473,1
JK19474,1
JK19475,1
JK19476,1
JK19478,1
JK19479,1
JK19480,1
JK19482,1
JK19484,1
JK19485,1
JK19486,1
JK19488,1
JK19489,1
JK19491,1
JK19492,1
JK19493,1
JK19494,1
JK19495,1
JK19496,1
JK19497,1
JK19498,1
JK19499,1
JK19500,1
JK19501,1
JK19502,1
JK19503,1
JK19504,1
JK19506,1
JK19509,1
JK19510,1
JK19511,1
JK19512,1
JK19513,1
JK19514,1
JK19515,1
JK19516,1
JK19517,1
JK19522,1
JK19523,1
JK19524,1
JK19525,1
JK19526,1
JK19527,1
JK19528,1
JK19529,1
JK19531,1
JK19534,1
JK19536,1
JK19537,1
JK19538,1
JK19539,1
JK19540,1
JK19541,1
JK19542,1
JK19543,1
JK19544,1
JK19552,1
JK19553,1
JK19554,1
JK19555,1
JK19556,1
JK19557,1
JK19558,1
JK19559,1
JK19561,1
JK19562,1
JK19565,1
JK19566,1
JK19567,1
JK19569,1
JK19570,1
JK19571,1
JK19573,1
JK19574,1
JK19575,1
JK19578,1
JK19585,1
JK19586,1
JK19588,1
JK19589,1
JK19590,1
JK19593,1
JK19594,1
JK19595,1
JK19596,1
JK19597,1
JK19599,1
JK19600,1
JK19601,1
JK19604,1
JK19605,1
JK19607,1
JK19608,1
JK19609,1
JK19612,1
JK19618,1
JK19619,1
JK19620,1
JK19621,1
JK19622,1
JK19623,1
JK19624,1
JK19625,1
JK19626,1
JK19629,1
JK19630,1
JK19631,1
JK19632,1
JK19633,1
JK19637,1
JK19643,1
JK19644,1
JK19645,1
JK19646,1
JK19647,1
JK19648,1
JK19650,1
JK19651,1
JK19652,1
JK19653,1
JK19655,1
JK19657,1
JK19658,1
JK19661,1
JK19662,1
JK19663,1
JK19665,1
JK19666,1
JK19667,1
JK19671,1
JK19675,1
JK19678,1
JK19679,1
JK19681,1
JK19682,1
JK19683,1
JK19684,1
JK19685,1
JK19686,1
JK19687,1
JK19688,1
JK19690,1
JK19691,1
JK19692,1
JK19693,1
JK19694,1
JK19695,1
JK19696,1
JK19698,1
JK19699,1
JK19700,1
JK19702,1
JK19703,1
JK19704,1
JK19705,1
JK19706,1
JK19707,1
JK19708,1
JK19709,1
JK19710,1
JK19711,1
JK19713,1
JK19715,1
JK19716,1
JK19717,1
JK19718,1
JK19719,1
JK19720,1
JK19721,1
JK19723,1
JK19724,1
JK19725,1
JK19726,1
JK19727,1
JK19728,1
JK19729,1
JK19730,1
JK19732,1
JK19734,1
JK19735,1
JK19736,1
JK19737,1
JK19738,1
JK19739,1
JK19740,1
JK19742,1
JK19743,1
JK19744,1
JK19746,1
JK19747,1
JK19748,1
JK19749,1
JK19751,1
JK19752,1
JK19753,1
JK19754,1
JK19755,1
JK19756,1
JK19757,1
JK19758,1
JK19761,1
JK19762,1
JK19763,1
JK19765,1
JK19766,1
JK19767,1
JK19768,1
JK19769,1
JK19770,1
JK19771,1
JK19772,1
JK19773,1
JK19774,1
JK19775,1
JK19777,1
JK19778,1
JK19780,1
JK19781,1
JK19782,1
JK19784,1
JK19788,1
JK19789,1
JK19790,1
JK19791,1
JK19794,1
JK19795,1
JK19796,1
JK19797,1
JK19798,1
JK19799,1
JK19800,1
JK19801,1
JK19802,1
JK19803,1
JK19804,1
JK19805,1
JK19806,1
JK19807,1
JK19808,1
JK19809,1
JK19810,1
JK19811,1
JK19812,1
JK19813,1
JK19814,1
JK19815,1
JK19818,1
JK19820,1
JK19821,1
JK19824,1
JK19825,1
JK19826,1
JK19827,1
JK19828,1
JK19829,1
JK19833,1
JK19834,1
JK19835,1
JK19837,1
JK19839,1
JK19840,1
JK19841,1
JK19842,1
JK19844,1
JK19845,1
JK19846,1
JK19847,1
JK19848,1
JK19849,1
JK19850,1
JK19851,1
JK19852,1
JK19853,1
JK19854,1
JK19855,1
JK19856,1
JK19857,1
JK19859,1
JK19860,1
JK19861,1
JK19863,1
JK19866,1
JK19870,1
JK19871,1
JK19873,1
JK19875,1
JK19877,1
JK19878,1
JK19879,1
JK19880,1
JK19881,1
JK19882,1
JK19883,1
JK19884,1
JK19886,1
JK19888,1
JK19889,1
JK19890,1
JK19891,1
JK19892,1
JK19893,1
JK19894,1
JK19895,1
JK19896,1
JK19897,1
JK19898,1
JK19899,1
JK19901,1
JK19902,1
JK19903,1
JK19904,1
JK19905,1
JK19906,1
JK19908,1
JK19909,1
JK19910,1
JK19911,1
JK19913,1
JK19914,1
JK19916,1
JK19917,1
JK19918,1
JK19922,1
JK19923,1
JK19924,1
JK19925,1
JK19926,1
JK19927,1
JK19930,1
JK19931,1
JK19932,1
JK19933,1
JK19934,1
JK19935,1
JK19937,1
JK19939,1
JK19940,1
JK19942,1
JK19943,1
JK19944,1
JK19945,1
JK19947,1
JK19948,1
JK19949,1
JK19950,1
JK19951,1
JK19952,1
JK19953,1
JK19954,1
JK19955,1
JK19956,1
JK19958,1
JK19959,1
JK19960,1
JK19963,1
JK19964,1
JK19965,1
JK19969,1
JK19970,1
JK19971,1
JK19972,1
JK19973,1
JK19974,1
JK19975,1
JK19976,1
JK19977,1
JK19978,1
JK19980,1
JK19981,1
JK19982,1
JK19983,1
JK19984,1
JK19985,1
JK19987,1
JK19988,1
JK19990,1
JK19991,1
JK19992,1
JK19993,1
JK19994,1
JK19995,1
JK19996,1
JK19997,1
JK19998,1
JK19999,1
JK20000,1
JK20001,1
JK20002,1
JK20003,1
JK20006,1
JK20008,1
JK20010,1
JK20011,1
JK20014,1
JK20015,1
JK20016,1
JK20017,1
JK20018,1
JK20019,1
JK20020,1
JK20023,1
JK20025,1
JK20026,1
JK20028,1
JK20029,1
JK20030,1
JK20031,1
JK20032,1
JK20034,1
JK20035,1
JK20036,1
JK20039,1
JK20040,1
JK20041,1
JK20042,1
JK20043,1
JK20044,1
JK20045,1
JK20046,1
JK20047,1
JK20048,1
JK20052,1
JK20054,1
JK20055,1
JK20057,1
JK20058,1
JK20060,1
JK20061,1
JK20062,1
JK20063,1
JK20064,1
JK20065,1
JK20066,1
JK20067,1
JK20068,1
JK20069,1
JK20071,1
JK20072,1
JK20073,1
JK20074,1
JK20077,1
JK20078,1
JK20079,1
JK20080,1
JK20081,1
JK20082,1
JK20083,1
JK20084,1
JK20085,1
JK20087,1
JK20088,1
JK20089,1
JK20090,1
JK20091,1
JK20092,1
JK20093,1
JK20094,1
JK20095,1
JK20096,1
JK20097,1
JK20099,1
JK20100,1
JK20103,1
JK20105,1
JK20108,1
JK20109,1
JK20114,1
JK20115,1
JK20116,1
JK20117,1
JK20118,1
JK20119,1
JK20120,1
JK20121,1
JK20122,1
JK20123,1
JK20124,1
JK20125,1
JK20126,1
JK20128,1
JK20131,1
JK20132,1
JK20133,1
JK20134,1
JK20135,1
JK20136,1
JK20137,1
JK20138,1
JK20139,1
JK20140,1
JK20141,1
JK20142,1
JK20143,1
JK20144,1
JK20146,1
JK20147,1
JK20148,1
JK20149,1
JK20150,1
JK20151,1
JK20152,1
JK20154,1
JK20155,1
JK20156,1
JK20157,1
JK20158,1
JK20160,1
JK20162,1
JK20165,1
JK20166,1
JK20168,1
JK20169,1
JK20170,1
JK20173,1
JK20174,1
JK20175,1
JK20177,1
JK20178,1
JK20179,1
JK20184,1
JK20185,1
JK20186,1
JK20187,1
JK20188,1
JK20189,1
JK20190,1
JK20191,1
JK20192,1
JK20193,1
JK20194,1
JK20195,1
JK20196,1
JK20197,1
JK20198,1
JK20200,1
JK20203,1
JK20205,1
JK20206,1
JK20208,1
JK20209,1
JK20210,1
JK20212,1
JK20215,1
JK20221,1
JK20222,1
JK20223,1
JK20224,1
JK20225,1
JK20228,1
JK20230,1
JK20231,1
JK20232,1
JK20234,1
JK20236,1
JK20237,1
JK20238,1
JK20239,1
JK20242,1
JK20243,1
JK20245,1
JK20246,1
JK20247,1
JK20250,1
JK20252,1
JK20253,1
JK20254,1
JK20257,1
JK20259,1
JK20260,1
JK20261,1
JK20262,1
JK20263,1
JK20265,1
JK20266,1
JK20267,1
JK20269,1
JK20270,1
JK20271,1
JK20272,1
JK20273,1
JK20274,1
JK20275,1
JK20276,1
JK20277,1
JK20278,1
JK20279,1
JK20281,1
JK20282,1
JK20285,1
JK20286,1
JK20287,1
JK20288,1
JK20289,1
JK20291,1
JK20292,1
JK20293,1
JK20296,1
JK20301,1
JK20302,1
JK20306,1
JK20307,1
JK20310,1
JK20311,1
JK20312,1
JK20314,1
JK20315,1
JK20316,1
JK20317,1
JK20318,1
JK20320,1
JK20321,1
JK20322,1
JK20323,1
JK20324,1
JK20325,1
JK20327,1
JK20328,1
JK20329,1
JK20330,1
JK20334,1
JK20336,1
JK20337,1
JK20339,1
JK20341,1
JK20344,1
JK20347,1
JK20348,1
JK20349,1
JK20350,1
JK20353,1
JK20354,1
JK20356,1
JK20357,1
JK20359,1
JK20362,1
JK20364,1
JK20365,1
JK20366,1
JK20367,1
JK20368,1
JK20369,1
JK20370,1
JK20372,1
JK20373,1
JK20374,1
JK20375,1
JK20378,1
JK20379,1
JK20382,1
JK20385,1
JK20386,1
JK20387,1
JK20388,1
JK20390,1
JK20391,1
JK20392,1
JK20393,1
JK20394,1
JK20395,1
JK20396,1
JK20397,1
JK20398,1
JK20399,1
JK20400,1
JK20402,1
JK20404,1
JK20406,1
JK20407,1
JK20408,1
JK20409,1
JK20410,1
JK20411,1
JK20415,1
JK20416,1
JK20417,1
JK20418,1
JK20419,1
JK20420,1
JK20421,1
JK20422,1
JK20423,1
JK20424,1
JK20425,1
JK20426,1
JK20427,1
JK20428,1
JK20429,1
JK20430,1
JK20431,1
JK20432,1
JK20433,1
JK20434,1
JK20435,1
JK20436,1
JK20437,1
JK20438,1
JK20439,1
JK20440,1
JK20441,1
JK20442,1
JK20443,1
JK20444,1
JK20451,1
JK20452,1
JK20453,1
JK20455,1
JK20457,1
JK20458,1
JK20459,1
JK20460,1
JK20462,1
JK20463,1
JK20464,1
JK20465,1
JK20466,1
JK20467,1
JK20468,1
JK20469,1
JK20470,1
JK20472,1
JK20473,1
JK20474,1
JK20475,1
JK20476,1
JK20477,1
JK20478,1
JK20479,1
JK20480,1
JK20482,1
JK20483,1
JK20484,1
JK20486,1
JK20487,1
JK20488,1
JK20489,1
JK20490,1
JK20491,1
JK20492,1
JK20493,1
JK20494,1
JK20495,1
JK20496,1
JK20497,1
JK20498,1
JK20499,1
JK20500,1
JK20501,1
JK20502,1
JK20503,1
JK20504,1
JK20505,1
JK20506,1
JK20507,1
JK20508,1
JK20509,1
JK20512,1
JK20514,1
JK20520,1
JK20523,1
JK20524,1
JK20525,1
JK20526,1
JK20528,1
JK20530,1
JK20531,1
JK20532,1
JK20533,1
JK20534,1
JK20535,1
JK20536,1
JK20538,1
JK20540,1
JK20541,1
JK20542,1
JK20543,1
JK20544,1
JK20547,1
JK20548,1
JK20549,1
JK20550,1
JK20551,1
JK20552,1
JK20553,1
JK20554,1
JK20555,1
JK20556,1
JK20557,1
JK20559,1
JK20560,1
JK20561,1
JK20562,1
JK20563,1
JK20564,1
JK20565,1
JK20566,1
JK20567,1
JK20569,1
JK20570,1
JK20571,1
JK20572,1
JK20573,1
JK20574,1
JK20576,1
JK20577,1
JK20578,1
JK20580,1
JK20581,1
JK20582,1
JK20583,1
JK20584,1
JK20585,1
JK20586,1
JK20587,1
JK20588,1
JK20592,1
JK20593,1
JK20595,1
JK20613,1
JK20614,1
JK20615,1
JK20616,1
JK20617,1
JK20618,1
JK20619,1
JK20620,1
JK20621,1
JK20622,1
JK20624,1
JK20625,1
JK20626,1
JK20627,1
JK20629,1
JK20630,1
JK20632,1
JK20633,1
JK20634,1
JK20636,1
JK20637,1
JK20638,1
JK20640,1
JK20647,1
JK20648,1
JK20649,1
JK20650,1
JK20652,1
JK20656,1
JK20657,1
JK20658,1
JK20659,1
JK20660,1
JK20661,1
JK20662,1
JK20663,1
JK20665,1
JK20667,1
JK20669,1
JK20670,1
JK20671,1
JK20673,1
JK20674,1
JK20675,1
JK20676,1
JK20677,1
JK20678,1
JK20679,1
JK20680,1
JK20681,1
JK20682,1
JK20684,1
JK20685,1
JK20686,1
JK20687,1
JK20689,1
JK20690,1
JK20691,1
JK20692,1
JK20693,1
JK20694,1
JK20695,1
JK20696,1
JK20697,1
JK20698,1
JK20700,1
JK20701,1
JK20702,1
JK20703,1
JK20704,1
JK20705,1
JK20709,1
JK20710,1
JK20711,1
JK20712,1
JK20714,1
JK20715,1
JK20716,1
JK20718,1
JK20719,1
JK20720,1
JK20721,1
JK20722,1
JK20723,1
JK20728,1
JK20729,1
JK20732,1
JK20733,1
JK20734,1
JK20735,1
JK20736,1
JK20737,1
JK20739,1
JK20740,1
JK20741,1
JK20742,1
JK20743,1
JK20746,1
JK20747,1
JK20748,1
JK20750,1
JK20751,1
JK20752,1
JK20753,1
JK20754,1
JK20755,1
JK20756,1
JK20758,1
JK20759,1
JK20760,1
JK20761,1
JK20762,1
JK20763,1
JK20764,1
JK20766,1
JK20767,1
JK20769,1
JK20770,1
JK20771,1
JK20774,1
JK20775,1
JK20776,1
JK20777,1
JK20778,1
JK20780,1
JK20782,1
JK20787,1
JK20788,1
JK20790,1
JK20791,1
JK20793,1
JK20794,1
JK20795,1
JK20796,1
JK20797,1
JK20798,1
JK20800,1
JK20802,1
JK20803,1
JK20809,1
JK20810,1
JK20811,1
JK20812,1
JK20813,1
JK20814,1
JK20815,1
JK20817,1
JK20818,1
JK20820,1
JK20821,1
JK20823,1
JK20825,1
JK20828,1
JK20830,1
JK20832,1
JK20835,1
JK20836,1
JK20838,1
JK20839,1
JK20840,1
JK20841,1
JK20842,1
JK20843,1
JK20844,1
JK20845,1
JK20846,1
JK20848,1
JK20849,1
JK20850,1
JK20851,1
JK20852,1
JK20853,1
JK20854,1
JK20855,1
JK20856,1
JK20857,1
JK20858,1
JK20860,1
JK20861,1
JK20862,1
JK20863,1
JK20864,1
JK20865,1
JK20866,1
JK20868,1
JK20869,1
JK20870,1
JK20871,1
JK20872,1
JK20873,1
JK20874,1
JK20875,1
JK20876,1
JK20880,1
JK20882,1
JK20883,1
JK20884,1
JK20885,1
JK20886,1
JK20887,1
JK20888,1
JK20890,1
JK20891,1
JK20892,1
JK20893,1
JK20894,1
JK20895,1
JK20896,1
JK20897,1
JK20898,1
JK20899,1
JK20900,1
JK20901,1
JK20902,1
JK20903,1
JK20904,1
JK20905,1
JK20909,1
JK20911,1
JK20912,1
JK20914,1
JK20917,1
JK20919,1
JK20920,1
JK20923,1
JK20924,1
JK20925,1
JK20926,1
JK20927,1
JK20929,1
JK20930,1
JK20932,1
JK20933,1
JK20934,1
JK20935,1
JK20936,1
JK20937,1
JK20938,1
JK20939,1
JK20942,1
JK20943,1
JK20944,1
JK20945,1
JK20946,1
JK20947,1
JK20948,1
JK20950,1
JK20953,1
JK20954,1
JK20956,1
JK20960,1
JK20961,1
JK20962,1
JK20963,1
JK20964,1
JK20965,1
JK20968,1
JK20969,1
JK20970,1
JK20971,1
JK20972,1
JK20973,1
JK20976,1
JK20977,1
JK20978,1
JK20981,1
JK20982,1
JK20983,1
JK20987,1
JK20988,1
JK20991,1
JK20993,1
JK20995,1
JK20996,1
JK20999,1
JK21001,1
JK21002,1
JK21003,1
JK21004,1
JK21006,1
JK21008,1
JK21010,1
JK21011,1
JK21013,1
JK21014,1
JK21015,1
JK21016,1
JK21017,1
JK21018,1
JK21019,1
JK21020,1
JK21021,1
JK21022,1
JK21023,1
JK21025,1
JK21028,1
JK21029,1
JK21030,1
JK21032,1
JK21033,1
JK21034,1
JK21035,1
JK21036,1
JK21039,1
JK21040,1
JK21041,1
JK21043,1
JK21044,1
JK21045,1
JK21046,1
JK21047,1
JK21048,1
JK21049,1
JK21050,1
JK21051,1
JK21052,1
JK21053,1
JK21054,1
JK21055,1
JK21056,1
JK21057,1
JK21059,1
JK21060,1
JK21061,1
JK21062,1
JK21063,1
JK21064,1
JK21065,1
JK21066,1
JK21067,1
JK21068,1
JK21069,1
JK21071,1
JK21073,1
JK21074,1
JK21075,1
JK21076,1
JK21077,1
JK21078,1
JK21079,1
JK21080,1
JK21081,1
JK21083,1
JK21085,1
JK21087,1
JK21088,1
JK21089,1
JK21090,1
JK21091,1
JK21092,1
JK21093,1
JK21094,1
JK21098,1
JK21101,1
JK21102,1
JK21103,1
JK21104,1
JK21106,1
JK21107,1
JK21108,1
JK21109,1
JK21110,1
JK21111,1
JK21112,1
JK21113,1
JK21114,1
JK21115,1
JK21116,1
JK21117,1
JK21118,1
JK21119,1
JK21120,1
JK21121,1
JK21122,1
JK21123,1
JK21125,1
JK21126,1
JK21128,1
JK21129,1
JK21131,1
JK21132,1
JK21133,1
JK21135,1
JK21138,1
JK21139,1
JK21142,1
JK21143,1
JK21144,1
JK21145,1
JK21146,1
JK21147,1
JK21148,1
JK21149,1
JK21150,1
JK21151,1
JK21152,1
JK21153,1
JK21154,1
JK21155,1
JK21156,1
JK21157,1
JK21159,1
JK21160,1
JK21161,1
JK21162,1
JK21164,1
JK21165,1
JK21166,1
JK21167,1
JK21170,1
JK21171,1
JK21172,1
JK21173,1
JK21174,1
JK21175,1
JK21176,1
JK21177,1
JK21178,1
JK21179,1
JK21180,1
JK21181,1
JK21182,1
JK21185,1
JK21186,1
JK21187,1
JK21188,1
JK21189,1
JK21190,1
JK21191,1
JK21192,1
JK21193,1
JK21194,1
JK21195,1
JK21196,1
JK21197,1
JK21198,1
JK21199,1
JK21200,1
JK21201,1
JK21202,1
JK21203,1
JK21204,1
JK21205,1
JK21206,1
JK21207,1
JK21208,1
JK21210,1
JK21211,1
JK21212,1
JK21213,1
JK21214,1
JK21216,1
JK21217,1
JK21218,1
JK21224,1
JK21227,1
JK21230,1
JK21231,1
JK21233,1
JK21234,1
JK21236,1
JK21237,1
JK21239,1
JK21240,1
JK21241,1
JK21244,1
JK21245,1
JK21248,1
JK21253,1
JK21263,1
JK21271,1
JK21279,1
JK21281,1
JK21282,1
JK21295,1
JK21297,1
JK21298,1
JK21299,1
JK21300,1
JK21304,1
JK21306,1
JK21308,1
JK21309,1
JK21313,1
JK21314,1
JK21315,1
JK21317,1
JK21319,1
JK21323,1
JK21326,1
JK21328,1
JK21332,1
JK21335,1
JK21346,1
JK21354,1
JK21355,1
JK21362,1
JK21364,1
JK21365,1
JK21366,1
JK21368,1
JK21370,1
JK21383,1
JK21384,1
JK21385,1
JK21386,1
JK21387,1
JK21389,1
JK21390,1
JK21396,1
JK21398,1
JK21401,1
JK21402,1
JK21403,1
JK21404,1
JK21405,1
JK21406,1
JK21407,1
JK21419,1
JK21425,1
JK21426,1
JK21428,1
JK21429,1
JK21431,1
JK21432,1
JK21433,1
JK21434,1
JK21435,1
JK21436,1
JK21438,1
JK21439,1
JK21440,1
JK21441,1
JK21444,1
JK21445,1
JK21447,1
JK21448,1
JK21451,1
JK21452,1
JK21454,1
JK21455,1
JK21456,1
JK21457,1
JK21458,1
JK21461,1
JK21462,1
JK21463,1
JK21466,1
JK21468,1
JK21469,1
JK21470,1
JK21471,1
JK21472,1
JK21473,1
JK21474,1
JK21477,1
JK21478,1
JK21479,1
JK21481,1
JK21483,1
JK21484,1
JK21485,1
JK21486,1
JK21487,1
JK21488,1
JK21489,1
JK21492,1
JK21494,1
JK21495,1
JK21497,1
JK21498,1
JK21499,1
JK21500,1
JK21501,1
JK21502,1
JK21503,1
JK21504,1
JK21505,1
JK21507,1
JK21510,1
JK21512,1
JK21520,1
JK21521,1
JK21523,1
JK21524,1
JK21525,1
JK21527,1
JK21530,1
JK21531,1
JK21534,1
JK21535,1
JK21536,1
JK21537,1
JK21538,1
JK21539,1
JK21540,1
JK21541,1
JK21542,1
JK21543,1
JK21546,1
JK21547,1
JK21548,1
JK21549,1
JK21550,1
JK21551,1
JK21552,1
JK21555,1
JK21556,1
JK21557,1
JK21558,1
JK21560,1
JK21561,1
JK21562,1
JK21570,1
JK21571,1
JK21573,1
JK21578,1
JK21579,1
JK21580,1
JK21581,1
JK21583,1
JK21586,1
JK21587,1
JK21588,1
JK21589,1
JK21590,1
JK21592,1
JK21593,1
JK21594,1
JK21597,1
JK21598,1
JK21601,1
JK21602,1
JK21603,1
JK21610,1
JK21611,1
JK21615,1
JK21616,1
JK21619,1
JK21627,1
JK21631,1
JK21632,1
JK21633,1
JK21634,1
JK21635,1
JK21636,1
JK21640,1
JK21641,1
JK21642,1
JK21647,1
JK21648,1
JK21649,1
JK21650,1
JK21654,1
JK21655,1
JK21657,1
JK21658,1
JK21659,1
JK21660,1
JK21661,1
JK21665,1
JK21666,1
JK21667,1
JK21668,1
JK21669,1
JK21671,1
JK21672,1
JK21673,1
JK21674,1
JK21675,1
JK21676,1
JK21677,1
JK21678,1
JK21679,1
JK21680,1
JK21681,1
JK21682,1
JK21683,1
JK21693,1
JK21702,1
JK21705,1
JK21708,1
JK21709,1
JK21710,1
JK21715,1
JK21718,1
JK21719,1
JK21723,1
JK21724,1
JK21726,1
JK21727,1
JK21728,1
JK21729,1
JK21734,1
JK21735,1
JK21736,1
JK21739,1
JK21741,1
JK21742,1
JK21743,1
JK21744,1
JK21745,1
JK21747,1
JK21749,1
JK21751,1
JK21752,1
JK21753,1
JK21754,1
JK21760,1
JK21762,1
JK21767,1
JK21771,1
JK21772,1
JK21773,1
JK21774,1
JK21775,1
JK21778,1
JK21779,1
JK21780,1
JK21781,1
JK21785,1
JK21787,1
JK21789,1
JK21790,1
JK21791,1
JK21796,1
JK21797,1
JK21798,1
JK21799,1
JK21800,1
JK21804,1
JK21807,1
JK21808,1
JK21809,1
JK21810,1
JK21811,1
JK21816,1
JK21817,1
JK21818,1
JK21819,1
JK21821,1
JK21822,1
JK21823,1
JK21824,1
JK21827,1
JK21828,1
JK21829,1
JK21830,1
JK21831,1
JK21832,1
JK21833,1
JK21834,1
JK21835,1
JK21837,1
JK21838,1
JK21844,1
JK21846,1
JK21848,1
JK21849,1
JK21850,1
JK21851,1
JK21852,1
JK21853,1
JK21854,1
JK21855,1
JK21856,1
JK21857,1
JK21858,1
JK21859,1
JK21860,1
JK21862,1
JK21863,1
JK21865,1
JK21866,1
JK21867,1
JK21869,1
JK21870,1
JK21871,1
JK21872,1
JK21877,1
JK21886,1
JK21891,1
JK21893,1
JK21894,1
JK21895,1
JK21896,1
JK21897,1
JK21904,1
JK21905,1
JK21907,1
JK21908,1
JK21909,1
JK21910,1
JK21911,1
JK21912,1
JK21913,1
JK21914,1
JK21915,1
JK21916,1
JK21918,1
JK21920,1
JK21921,1
JK21922,1
JK21923,1
JK21924,1
JK21925,1
JK21927,1
JK21928,1
JK21929,1
JK21930,1
JK21931,1
JK21932,1
JK21937,1
JK21938,1
JK21939,1
JK21940,1
JK21941,1
JK21943,1
JK21944,1
JK21945,1
JK21947,1
JK21948,1
JK21949,1
JK21950,1
JK21952,1
JK21957,1
JK21958,1
JK21961,1
JK21962,1
JK21967,1
JK21970,1
JK21971,1
JK21972,1
JK21974,1
JK21978,1
JK21979,1
JK21980,1
JK21981,1
JK21983,1
JK21984,1
JK21985,1
JK21986,1
JK21987,1
JK21988,1
JK21989,1
JK21990,1
JK21992,1
JK21993,1
JK21994,1
JK21995,1
JK21996,1
JK21997,1
JK22001,1
JK22003,1
JK22004,1
JK22007,1
JK22009,1
JK22011,1
JK22012,1
JK22013,1
JK22014,1
JK22015,1
JK22016,1
JK22017,1
JK22018,1
JK22019,1
JK22020,1
JK22022,1
JK22026,1
JK22027,1
JK22028,1
JK22029,1
JK22030,1
JK22031,1
JK22032,1
JK22034,1
JK22036,1
JK22039,1
JK22041,1
JK22043,1
JK22044,1
JK22045,1
JK22047,1
JK22048,1
JK22049,1
JK22055,1
JK22057,1
JK22058,1
JK22060,1
JK22061,1
JK22062,1
JK22063,1
JK22064,1
JK22065,1
JK22066,1
JK22067,1
JK22068,1
JK22069,1
JK22070,1
JK22071,1
JK22072,1
JK22073,1
JK22074,1
JK22076,1
JK22077,1
JK22078,1
JK22079,1
JK22082,1
JK22083,1
JK22084,1
JK22085,1
JK22086,1
JK22087,1
JK22088,1
JK22089,1
JK22100,1
JK22102,1
JK22103,1
JK22104,1
JK22106,1
JK22111,1
JK22112,1
JK22114,1
JK22117,1
JK22118,1
JK22120,1
JK22123,1
JK22125,1
JK22127,1
JK22129,1
JK22130,1
JK22131,1
JK22132,1
JK22134,1
JK22135,1
JK22136,1
JK22137,1
JK22138,1
JK22142,1
JK22143,1
JK22144,1
JK22146,1
JK22147,1
JK22151,1
JK22152,1
JK22153,1
JK22154,1
JK22155,1
JK22157,1
JK22159,1
JK22160,1
JK22161,1
JK22163,1
JK22164,1
JK22167,1
JK22168,1
JK22169,1
JK22170,1
JK22175,1
JK22178,1
JK22183,1
JK22184,1
JK22192,1
JK22193,1
JK22195,1
JK22198,1
JK22202,1
JK22204,1
JK22205,1
JK22206,1
JK22208,1
JK22216,1
JK22217,1
JK22218,1
JK22219,1
JK22220,1
JK22221,1
JK22222,1
JK22224,1
JK22225,1
JK22226,1
JK22228,1
JK22230,1
JK22231,1
JK22233,1
JK22234,1
JK22235,1
JK22236,1
JK22240,1
JK22241,1
JK22245,1
JK22246,1
JK22247,1
JK22248,1
JK22249,1
JK22250,1
JK22251,1
JK22252,1
JK22253,1
JK22258,1
JK22259,1
JK22260,1
JK22261,1
JK22265,1
JK22266,1
JK22267,1
JK22270,1
JK22271,1
JK22274,1
JK22275,1
JK22276,1
JK22277,1
JK22278,1
JK22279,1
JK22280,1
JK22281,1
JK22285,1
JK22287,1
JK22289,1
JK22290,1
JK22291,1
JK22295,1
JK22301,1
JK22303,1
JK22304,1
JK22305,1
JK22307,1
JK22312,1
JK22313,1
JK22314,1
JK22315,1
JK22316,1
JK22317,1
JK22318,1
JK22319,1
JK22320,1
JK22321,1
JK22322,1
JK22323,1
JK22325,1
JK22326,1
JK22327,1
JK22332,1
JK22335,1
JK22336,1
JK22340,1
JK22341,1
JK22342,1
JK22344,1
JK22346,1
JK22349,1
JK22350,1
JK22351,1
JK22353,1
JK22354,1
JK22355,1
JK22356,1
JK22360,1
JK22361,1
JK22363,1
JK22365,1
JK22372,1
JK22375,1
JK22379,1
JK22389,1
JK22390,1
JK22391,1
JK22394,1
JK22396,1
JK22397,1
JK22399,1
JK22400,1
JK22401,1
JK22402,1
JK22403,1
JK22405,1
JK22413,1
JK22414,1
JK22416,1
JK22418,1
JK22419,1
JK22420,1
JK22422,1
JK22429,1
JK22432,1
JK22433,1
JK22435,1
JK22437,1
JK22439,1
JK22441,1
JK22443,1
JK22445,1
JK22448,1
JK22450,1
JK22452,1
JK22453,1
JK22454,1
JK22455,1
JK22456,1
JK22457,1
JK22459,1
JK22460,1
JK22461,1
JK22462,1
JK22464,1
JK22468,1
JK22473,1
JK22474,1
JK22475,1
JK22482,1
JK22491,1
JK22497,1
JK22501,1
JK22503,1
JK22507,1
JK22512,1
JK22517,1
JK22520,1
JK22523,1
JK22527,1
JK22529,1
JK22533,1
JK22535,1
JK22536,1
JK22537,1
JK22538,1
JK22539,1
JK22540,1
JK22543,1
JK22546,1
JK22548,1
JK22549,1
JK22551,1
JK22553,1
JK22555,1
JK22556,1
JK22557,1
JK22559,1
JK22560,1
JK22563,1
JK22564,1
JK22565,1
JK22566,1
JK22567,1
JK22568,1
JK22571,1
JK22572,1
JK22574,1
JK22577,1
JK22578,1
JK22579,1
JK22581,1
JK22583,1
JK22584,1
JK22586,1
JK22587,1
JK22588,1
JK22589,1
JK22590,1
JK22591,1
JK22592,1
JK22593,1
JK22594,1
JK22597,1
JK22598,1
JK22599,1
JK22600,1
JK22602,1
JK22609,1
JK22610,1
JK22611,1
JK22612,1
JK22613,1
JK22614,1
JK22615,1
JK22616,1
JK22617,1
JK22619,1
JK22621,1
JK22622,1
JK22624,1
JK22625,1
JK22626,1
JK22628,1
JK22630,1
JK22632,1
JK22635,1
JK22636,1
JK22644,1
JK22647,1
JK22648,1
JK22651,1
JK22656,1
JK22660,1
JK22661,1
JK22662,1
JK22663,1
JK22666,1
JK22667,1
JK22670,1
JK22672,1
JK22675,1
JK22677,1
JK22678,1
JK22679,1
JK22681,1
JK22682,1
JK22689,1
JK22691,1
JK22692,1
JK22698,1
JK22699,1
JK22701,1
JK22703,1
JK22705,1
JK22707,1
JK22708,1
JK22711,1
JK22717,1
JK22725,1
JK22727,1
JK22728,1
JK22730,1
JK22731,1
JK22733,1
JK22734,1
JK22735,1
JK22736,1
JK22737,1
JK22740,1
JK22750,1
JK22753,1
JK22757,1
JK22763,1
JK22766,1
JK22767,1
JK22772,1
JK22774,1
JK22777,1
JK22778,1
JK22779,1
JK22780,1
JK22781,1
JK22782,1
JK22784,1
JK22786,1
JK22787,1
JK22788,1
JK22790,1
JK22791,1
JK22793,1
JK22795,1
JK22797,1
JK22801,1
JK22811,1
JK22812,1
JK22815,1
JK22816,1
JK22817,1
JK22818,1
JK22819,1
JK22821,1
JK22822,1
JK22823,1
JK22824,1
JK22826,1
JK22828,1
JK22829,1
JK22830,1
JK22831,1
JK22832,1
JK22833,1
JK22834,1
JK22835,1
JK22838,1
JK22844,1
JK22847,1
JK22852,1
JK22853,1
JK22854,1
JK22855,1
JK22856,1
JK22860,1
JK22861,1
JK22862,1
JK22863,1
JK22864,1
JK22866,1
JK22868,1
JK22869,1
JK22870,1
JK22871,1
JK22873,1
JK22874,1
JK22878,1
JK22884,1
JK22885,1
JK22886,1
JK22887,1
JK22888,1
JK22889,1
JK22890,1
JK22892,1
JK22893,1
JK22894,1
JK22897,1
JK22898,1
JK22900,1
JK22902,1
JK22903,1
JK22904,1
JK22905,1
JK22907,1
JK22908,1
JK22909,1
JK22910,1
JK22914,1
JK22916,1
JK22917,1
JK22918,1
JK22919,1
JK22920,1
JK22929,1
JK22930,1
JK22931,1
JK22932,1
JK22934,1
JK22937,1
JK22939,1
JK22942,1
JK22943,1
JK22946,1
JK22947,1
JK22948,1
JK22949,1
JK22951,1
JK22957,1
JK22958,1
JK22960,1
JK22962,1
JK22963,1
JK22964,1
JK22965,1
JK22966,1
JK22967,1
JK22969,1
JK22970,1
JK22972,1
JK22973,1
JK22980,1
JK22984,1
JK22988,1
JK22989,1
JK22990,1
JK22992,1
JK22995,1
JK22997,1
JK22998,1
JK23000,1
JK23001,1
JK23002,1
JK23004,1
JK23005,1
JK23008,1
JK23010,1
JK23011,1
JK23014,1
JK23017,1
JK23020,1
JK23022,1
JK23023,1
JK23035,1
JK23039,1
JK23041,1
JK23043,1
JK23046,1
JK23052,1
JK23058,1
JK23060,1
JK23062,1
JK23064,1
JK23066,1
JK23068,1
JK23073,1
JK23076,1
JK23077,1
JK23079,1
JK23080,1
JK23083,1
JK23085,1
JK23087,1
JK23088,1
JK23092,1
JK23094,1
JK23095,1
JK23096,1
JK23097,1
JK23102,1
JK23107,1
JK23112,1
JK23113,1
JK23114,1
JK23115,1
JK23117,1
JK23118,1
JK23120,1
JK23121,1
JK23123,1
JK23124,1
JK23126,1
JK23128,1
JK23129,1
JK23132,1
JK23133,1
JK23134,1
JK23136,1
JK23138,1
JK23141,1
JK23142,1
JK23145,1
JK23146,1
JK23147,1
JK23148,1
JK23150,1
JK23151,1
JK23152,1
JK23153,1
JK23155,1
JK23158,1
JK23159,1
JK23160,1
JK23163,1
JK23168,1
JK23169,1
JK23170,1
JK23172,1
JK23174,1
JK23176,1
JK23177,1
JK23178,1
JK23179,1
JK23180,1
JK23181,1
JK23193,1
JK23194,1
JK23195,1
JK23197,1
JK23199,1
JK23201,1
JK23202,1
JK23203,1
JK23204,1
JK23205,1
JK23206,1
JK23208,1
JK23211,1
JK23212,1
JK23213,1
JK23214,1
JK23215,1
JK23216,1
JK23218,1
JK23223,1
JK23224,1
JK23238,1
JK23239,1
JK23242,1
JK23248,1
JK23249,1
JK23252,1
JK23253,1
JK23256,1
JK23259,1
JK23263,1
JK23264,1
JK23265,1
JK23268,1
JK23270,1
JK23271,1
JK23273,1
JK23274,1
JK23279,1
JK23281,1
JK23282,1
JK23285,1
JK23286,1
JK23287,1
JK23289,1
JK23291,1
JK23292,1
JK23296,1
JK23297,1
JK23298,1
JK23299,1
JK23300,1
JK23302,1
JK23303,1
JK23304,1
JK23307,1
JK23308,1
JK23310,1
JK23311,1
JK23312,1
JK23314,1
JK23318,1
JK23319,1
JK23320,1
JK23321,1
JK23322,1
JK23323,1
JK23324,1
JK23327,1
JK23330,1
JK23332,1
JK23333,1
JK23334,1
JK23336,1
JK23337,1
JK23341,1
JK23343,1
JK23344,1
JK23346,1
JK23347,1
JK23348,1
JK23350,1
JK23351,1
JK23356,1
JK23357,1
JK23358,1
JK23359,1
JK23360,1
JK23362,1
JK23363,1
JK23364,1
JK23365,1
JK23366,1
JK23368,1
JK23370,1
JK23371,1
JK23372,1
JK23373,1
JK23374,1
JK23375,1
JK23376,1
JK23377,1
JK23378,1
JK23380,1
JK23381,1
JK23382,1
JK23384,1
JK23385,1
JK23386,1
JK23387,1
JK23389,1
JK23390,1
JK23391,1
JK23392,1
JK23394,1
JK23396,1
JK23397,1
JK23398,1
JK23399,1
JK23401,1
JK23403,1
JK23404,1
JK23405,1
JK23406,1
JK23409,1
JK23411,1
JK23412,1
JK23413,1
JK23415,1
JK23417,1
JK23419,1
JK23420,1
JK23421,1
JK23425,1
JK23430,1
JK23431,1
JK23439,1
JK23441,1
JK23442,1
JK23444,1
JK23446,1
JK23447,1
JK23448,1
JK23449,1
JK23450,1
JK23451,1
JK23453,1
JK23454,1
JK23455,1
JK23456,1
JK23457,1
JK23458,1
JK23459,1
JK23460,1
JK23464,1
JK23465,1
JK23466,1
JK23467,1
JK23473,1
JK23476,1
JK23477,1
JK23479,1
JK23482,1
JK23483,1
JK23484,1
JK23485,1
JK23486,1
JK23487,1
JK23488,1
JK23489,1
JK23490,1
JK23492,1
JK23493,1
JK23494,1
JK23495,1
JK23498,1
JK23500,1
JK23501,1
JK23502,1
JK23503,1
JK23504,1
JK23505,1
JK23506,1
JK23507,1
JK23508,1
JK23509,1
JK23510,1
JK23513,1
JK23514,1
JK23523,1
JK23525,1
JK23529,1
JK23539,1
JK23540,1
JK23541,1
JK23544,1
JK23545,1
JK23551,1
JK23552,1
JK23553,1
JK23554,1
JK23555,1
JK23557,1
JK23558,1
JK23559,1
JK23560,1
JK23562,1
JK23563,1
JK23564,1
JK23566,1
JK23568,1
JK23569,1
JK23571,1
JK23576,1
JK23582,1
JK23585,1
JK23586,1
JK23587,1
JK23588,1
JK23589,1
JK23591,1
JK23593,1
JK23594,1
JK23595,1
JK23596,1
JK23597,1
JK23602,1
JK23603,1
JK23607,1
JK23608,1
JK23609,1
JK23611,1
JK23612,1
JK23613,1
JK23615,1
JK23616,1
JK23619,1
JK23624,1
JK23625,1
JK23626,1
JK23628,1
JK23629,1
JK23631,1
JK23632,1
JK23634,1
JK23635,1
JK23637,1
JK23638,1
JK23640,1
JK23643,1
JK23646,1
JK23649,1
JK23650,1
JK23651,1
JK23652,1
JK23654,1
JK23657,1
JK23658,1
JK23659,1
JK23660,1
JK23661,1
JK23663,1
JK23665,1
JK23666,1
JK23667,1
JK23669,1
JK23671,1
JK23672,1
JK23674,1
JK23675,1
JK23677,1
JK23678,1
JK23682,1
JK23683,1
JK23684,1
JK23693,1
JK23701,1
JK23702,1
JK23703,1
JK23704,1
JK23705,1
JK23706,1
JK23708,1
JK23709,1
JK23711,1
JK23712,1
JK23716,1
JK23717,1
JK23718,1
JK23719,1
JK23721,1
JK23723,1
JK23724,1
JK23725,1
JK23726,1
JK23728,1
JK23730,1
JK23736,1
JK23737,1
JK23738,1
JK23739,1
JK23740,1
JK23741,1
JK23744,1
JK23745,1
JK23750,1
JK23751,1
JK23752,1
JK23753,1
JK23754,1
JK23755,1
JK23756,1
JK23757,1
JK23761,1
JK23762,1
JK23763,1
JK23764,1
JK23765,1
JK23769,1
JK23772,1
JK23773,1
JK23778,1
JK23779,1
JK23781,1
JK23782,1
JK23783,1
JK23784,1
JK23785,1
JK23786,1
JK23789,1
JK23790,1
JK23791,1
JK23792,1
JK23800,1
JK23802,1
JK23803,1
JK23804,1
JK23807,1
JK23810,1
JK23811,1
JK23812,1
JK23814,1
JK23815,1
JK23816,1
JK23819,1
JK23821,1
JK23822,1
JK23823,1
JK23824,1
JK23825,1
JK23826,1
JK23827,1
JK23828,1
JK23829,1
JK23830,1
JK23832,1
JK23833,1
JK23834,1
JK23836,1
JK23838,1
JK23840,1
JK23843,1
JK23844,1
JK23845,1
JK23846,1
JK23847,1
JK23848,1
JK23850,1
JK23851,1
JK23854,1
JK23857,1
JK23858,1
JK23859,1
JK23864,1
JK23865,1
JK23866,1
JK23867,1
JK23868,1
JK23869,1
JK23871,1
JK23872,1
JK23876,1
JK23877,1
JK23882,1
JK23883,1
JK23885,1
JK23889,1
JK23894,1
JK23895,1
JK23898,1
JK23899,1
JK23900,1
JK23902,1
JK23903,1
JK23904,1
JK23905,1
JK23906,1
JK23908,1
JK23909,1
JK23910,1
JK23911,1
JK23912,1
JK23913,1
JK23914,1
JK23915,1
JK23916,1
JK23917,1
JK23918,1
JK23919,1
JK23920,1
JK23921,1
JK23924,1
JK23928,1
JK23929,1
JK23930,1
JK23931,1
JK23932,1
JK23941,1
JK23943,1
JK23944,1
JK23945,1
JK23950,1
JK23951,1
JK23952,1
JK23954,1
JK23955,1
JK23956,1
JK23957,1
JK23959,1
JK23960,1
JK23961,1
JK23963,1
JK23964,1
JK23965,1
JK23969,1
JK23972,1
JK23974,1
JK23975,1
JK23977,1
JK23978,1
JK23979,1
JK23980,1
JK23982,1
JK23983,1
JK23984,1
JK23986,1
JK23987,1
JK23990,1
JK23993,1
JK23995,1
JK23996,1
JK23997,1
JK24000,1
JK24001,1
JK24004,1
JK24005,1
JK24006,1
JK24007,1
JK24008,1
JK24009,1
JK24011,1
JK24016,1
JK24018,1
JK24019,1
JK24020,1
JK24021,1
JK24022,1
JK24034,1
JK24036,1
JK24037,1
JK24038,1
JK24039,1
JK24041,1
JK24043,1
JK24045,1
JK24046,1
JK24047,1
JK24048,1
JK24049,1
JK24050,1
JK24051,1
JK24052,1
JK24055,1
JK24056,1
JK24057,1
JK24058,1
JK24061,1
JK24062,1
JK24063,1
JK24064,1
JK24065,1
JK24066,1
JK24067,1
JK24069,1
JK24070,1
JK24071,1
JK24072,1
JK24074,1
JK24075,1
JK24076,1
JK24077,1
JK24078,1
JK24079,1
JK24080,1
JK24083,1
JK24084,1
JK24087,1
JK24088,1
JK24094,1
JK24100,1
JK24101,1
JK24102,1
JK24104,1
JK24105,1
JK24106,1
JK24107,1
JK24108,1
JK24110,1
JK24111,1
JK24112,1
JK24113,1
JK24115,1
JK24117,1
JK24120,1
JK24121,1
JK24122,1
JK24123,1
JK24124,1
JK24125,1
JK24126,1
JK24127,1
JK24128,1
JK24129,1
JK24130,1
JK24131,1
JK24135,1
JK24136,1
JK24137,1
JK24138,1
JK24139,1
JK24140,1
JK24141,1
JK24144,1
JK24146,1
JK24147,1
JK24148,1
JK24149,1
JK24150,1
JK24153,1
JK24155,1
JK24156,1
JK24157,1
JK24158,1
JK24159,1
JK24160,1
JK24161,1
JK24162,1
JK24163,1
JK24164,1
JK24165,1
JK24169,1
JK24170,1
JK24171,1
JK24173,1
JK24174,1
JK24175,1
JK24176,1
JK24181,1
JK24182,1
JK24183,1
JK24184,1
JK24185,1
JK24186,1
JK24187,1
JK24188,1
JK24189,1
JK24190,1
JK24191,1
JK24194,1
JK24196,1
JK24197,1
JK24200,1
JK24202,1
JK24203,1
JK24204,1
JK24205,1
JK24206,1
JK24208,1
JK24212,1
JK24213,1
JK24214,1
JK24215,1
JK24216,1
JK24217,1
JK24218,1
JK24223,1
JK24224,1
JK24225,1
JK24226,1
JK24227,1
JK24229,1
JK24230,1
JK24231,1
JK24233,1
JK24234,1
JK24235,1
JK24236,1
JK24237,1
JK24239,1
JK24243,1
JK24244,1
JK24245,1
JK24246,1
JK24247,1
JK24248,1
JK24250,1
JK24251,1
JK24253,1
JK24255,1
JK24256,1
JK24257,1
JK24258,1
JK24260,1
JK24261,1
JK24262,1
JK24263,1
JK24264,1
JK24265,1
JK24266,1
JK24267,1
JK24268,1
JK24272,1
JK24273,1
JK24274,1
JK24275,1
JK24276,1
JK24277,1
JK24278,1
JK24279,1
JK24280,1
JK24281,1
JK24282,1
JK24283,1
JK24284,1
JK24286,1
JK24287,1
JK24288,1
JK24289,1
JK24290,1
JK24291,1
JK24292,1
JK24293,1
JK24294,1
JK24295,1
JK24296,1
JK24297,1
JK24298,1
JK24299,1
JK24300,1
JK24305,1
JK24306,1
JK24310,1
JK24311,1
JK24312,1
JK24313,1
JK24315,1
JK24316,1
JK24317,1
JK24318,1
JK24319,1
JK24320,1
JK24322,1
JK24323,1
JK24324,1
JK24325,1
JK24326,1
JK24327,1
JK24328,1
JK24329,1
JK24331,1
JK24332,1
JK24333,1
JK24334,1
JK24335,1
JK24336,1
JK24337,1
JK24338,1
JK24339,1
JK24340,1
JK24341,1
JK24342,1
JK24343,1
JK24344,1
JK24345,1
JK24346,1
JK24347,1
JK24348,1
JK24349,1
JK24351,1
JK24352,1
JK24353,1
JK24354,1
JK24355,1
JK24356,1
JK24357,1
JK24364,1
JK24368,1
JK24369,1
JK24371,1
JK24372,1
JK24374,1
JK24375,1
JK24381,1
JK24382,1
JK24384,1
JK24385,1
JK24386,1
JK24387,1
JK24388,1
JK24389,1
JK24390,1
JK24391,1
JK24392,1
JK24393,1
JK24394,1
JK24396,1
JK24397,1
JK24398,1
JK24399,1
JK24400,1
JK24402,1
JK24403,1
JK24405,1
JK24406,1
JK24407,1
JK24413,1
JK24416,1
JK24417,1
JK24419,1
JK24420,1
JK24422,1
JK24430,1
JK24436,1
JK24438,1
JK24447,1
JK24455,1
JK24456,1
JK24458,1
JK24461,1
JK24462,1
JK24464,1
JK24465,1
JK24466,1
JK24467,1
JK24468,1
JK24469,1
JK24470,1
JK24471,1
JK24472,1
JK24474,1
JK24475,1
JK24476,1
JK24477,1
JK24478,1
JK24479,1
JK24480,1
JK24481,1
JK24484,1
JK24485,1
JK24487,1
JK24488,1
JK24489,1
JK24490,1
JK24491,1
JK24492,1
JK24495,1
JK24508,1
JK24510,1
JK24511,1
JK24513,1
JK24514,1
JK24515,1
JK24516,1
JK24519,1
JK24520,1
JK24522,1
JK24523,1
JK24524,1
JK24525,1
JK24526,1
JK24527,1
JK24528,1
JK24529,1
JK24530,1
JK24531,1
JK24532,1
JK24533,1
JK24534,1
JK24535,1
JK24536,1
JK24537,1
JK24538,1
JK24539,1
JK24540,1
JK24542,1
JK24545,1
JK24546,1
JK24547,1
JK24548,1
JK24549,1
JK24553,1
JK24561,1
JK24563,1
JK24564,1
JK24565,1
JK24566,1
JK24567,1
JK24571,1
JK24572,1
JK24573,1
JK24574,1
JK24575,1
JK24576,1
JK24577,1
JK24578,1
JK24579,1
JK24580,1
JK24581,1
JK24583,1
JK24584,1
JK24585,1
JK24586,1
JK24587,1
JK24588,1
JK24589,1
JK24590,1
JK24591,1
JK24592,1
JK24593,1
JK24594,1
JK24595,1
JK24596,1
JK24597,1
JK24598,1
JK24600,1
JK24601,1
JK24605,1
JK24609,1
JK24610,1
JK24613,1
JK24614,1
JK24615,1
JK24616,1
JK24618,1
JK24619,1
JK24621,1
JK24622,1
JK24623,1
JK24624,1
JK24625,1
JK24627,1
JK24628,1
JK24629,1
JK24632,1
JK24633,1
JK24634,1
JK24635,1
JK24636,1
JK24643,1
JK24645,1
JK24647,1
JK24649,1
JK24650,1
JK24651,1
JK24652,1
JK24653,1
JK24654,1
JK24658,1
JK24661,1
JK24667,1
JK24669,1
JK24670,1
JK24672,1
JK24673,1
JK24674,1
JK24675,1
JK24676,1
JK24677,1
JK24678,1
JK24679,1
JK24680,1
JK24681,1
JK24682,1
JK24683,1
JK24684,1
JK24685,1
JK24686,1
JK24687,1
JK24688,1
JK24689,1
JK24691,1
JK24692,1
JK24693,1
JK24694,1
JK24695,1
JK24696,1
JK24697,1
JK24698,1
JK24699,1
JK24700,1
JK24701,1
JK24705,1
JK24720,1
JK24725,1
JK24728,1
JK24731,1
JK24732,1
JK24733,1
JK24734,1
JK24735,1
JK24736,1
JK24737,1
JK24738,1
JK24739,1
JK24740,1
JK24741,1
JK24742,1
JK24743,1
JK24744,1
JK24745,1
JK24746,1
JK24747,1
JK24748,1
JK24749,1
JK24750,1
JK24751,1
JK24753,1
JK24754,1
JK24755,1
JK24756,1
JK24757,1
JK24758,1
JK24759,1
JK24760,1
JK24761,1
JK24762,1
JK24763,1
JK24764,1
JK24765,1
JK24767,1
JK24772,1
JK24774,1
JK24779,1
JK24780,1
JK24790,1
JK24791,1
JK24792,1
JK24793,1
JK24794,1
JK24795,1
JK24796,1
JK24798,1
JK24799,1
JK24800,1
JK24802,1
JK24803,1
JK24806,1
JK24807,1
JK24809,1
JK24810,1
JK24811,1
JK24812,1
JK24813,1
JK24816,1
JK24817,1
JK24818,1
JK24819,1
JK24820,1
JK24821,1
JK24822,1
JK24823,1
JK24825,1
JK24826,1
JK24827,1
JK24828,1
JK24829,1
JK24830,1
JK24831,1
JK24832,1
JK24833,1
JK24834,1
JK24835,1
JK24836,1
JK24837,1
JK24838,1
JK24839,1
JK24840,1
JK24841,1
JK24842,1
JK24843,1
JK24844,1
JK24845,1
JK24846,1
JK24847,1
JK24848,1
JK24849,1
JK24851,1
JK24852,1
JK24853,1
JK24854,1
JK24855,1
JK24856,1
JK24860,1
JK24862,1
JK24864,1
JK24865,1
JK24866,1
JK24868,1
JK24869,1
JK24870,1
JK24871,1
JK24872,1
JK24873,1
JK24874,1
JK24877,1
JK24879,1
JK24880,1
JK24881,1
JK24882,1
JK24883,1
JK24884,1
JK24885,1
JK24887,1
JK24888,1
JK24890,1
JK24891,1
JK24892,1
JK24893,1
JK24894,1
JK24895,1
JK24896,1
JK24897,1
JK24898,1
JK24902,1
JK24903,1
JK24905,1
JK24908,1
JK24909,1
JK24910,1
JK24911,1
JK24913,1
JK24915,1
JK24916,1
JK24917,1
JK24918,1
JK24919,1
JK24920,1
JK24921,1
JK24922,1
JK24923,1
JK24924,1
JK24925,1
JK24926,1
JK24934,1
JK24941,1
JK24942,1
JK24943,1
JK24944,1
JK24945,1
JK24946,1
JK24947,1
JK24948,1
JK24950,1
JK24951,1
JK24953,1
JK24954,1
JK24955,1
JK24957,1
JK24958,1
JK24959,1
JK24961,1
JK24962,1
JK24963,1
JK24964,1
JK24965,1
JK24966,1
JK24969,1
JK24970,1
JK24971,1
JK24972,1
JK24973,1
JK24974,1
JK24975,1
JK24976,1
JK24978,1
JK24979,1
JK24980,1
JK24981,1
JK24982,1
JK24983,1
JK24984,1
JK24985,1
JK24987,1
JK24988,1
JK24989,1
JK24990,1
JK24991,1
JK24993,1
JK24996,1
JK24998,1
JK25003,1
JK25004,1
JK25006,1
JK25007,1
JK25009,1
JK25010,1
JK25013,1
JK25015,1
JK25016,1
JK25017,1
JK25019,1
JK25020,1
JK25021,1
JK25022,1
JK25023,1
JK25024,1
JK25026,1
JK25028,1
JK25029,1
JK25030,1
JK25036,1
JK25038,1
JK25039,1
JK25040,1
JK25049,1
JK25050,1
JK25051,1
JK25054,1
JK25056,1
JK25057,1
JK25058,1
JK25059,1
JK25060,1
JK25065,1
JK25066,1
JK25067,1
JK25068,1
JK25069,1
JK25070,1
JK25074,1
JK25075,1
JK25077,1
JK25082,1
JK25083,1
JK25084,1
JK25086,1
JK25087,1
JK25088,1
JK25089,1
JK25090,1
JK25091,1
JK25093,1
JK25094,1
JK25098,1
JK25099,1
JK25101,1
JK25102,1
JK25103,1
JK25104,1
JK25105,1
JK25106,1
JK25107,1
JK25108,1
JK25109,1
JK25110,1
JK25111,1
JK25112,1
JK25113,1
JK25114,1
JK25116,1
JK25117,1
JK25118,1
JK25121,1
JK25123,1
JK25130,1
JK25133,1
JK25134,1
JK25136,1
JK25137,1
JK25141,1
JK25142,1
JK25143,1
JK25144,1
JK25145,1
JK25147,1
JK25148,1
JK25149,1
JK25150,1
JK25151,1
JK25152,1
JK25153,1
JK25154,1
JK25155,1
JK25157,1
JK25158,1
JK25159,1
JK25160,1
JK25161,1
JK25162,1
JK25163,1
JK25164,1
JK25166,1
JK25168,1
JK25173,1
JK25176,1
JK25177,1
JK25179,1
JK25180,1
JK25181,1
JK25182,1
JK25183,1
JK25184,1
JK25185,1
JK25186,1
JK25187,1
JK25188,1
JK25190,1
JK25191,1
JK25192,1
JK25195,1
JK25196,1
JK25197,1
JK25198,1
JK25200,1
JK25204,1
JK25205,1
JK25211,1
JK25212,1
JK25217,1
JK25218,1
JK25219,1
JK25221,1
JK25222,1
JK25223,1
JK25224,1
JK25225,1
JK25227,1
JK25228,1
JK25229,1
JK25230,1
JK25231,1
JK25232,1
JK25233,1
JK25234,1
JK25235,1
JK25237,1
JK25238,1
JK25239,1
JK25240,1
JK25241,1
JK25248,1
JK25249,1
JK25250,1
JK25251,1
JK25252,1
JK25253,1
JK25254,1
JK25255,1
JK25256,1
JK25257,1
JK25259,1
JK25261,1
JK25263,1
JK25264,1
JK25266,1
JK25269,1
JK25270,1
JK25273,1
JK25274,1
JK25275,1
JK25276,1
JK25277,1
JK25278,1
JK25279,1
JK25280,1
JK25283,1
JK25285,1
JK25288,1
JK25290,1
JK25291,1
JK25292,1
JK25296,1
JK25297,1
JK25301,1
JK25302,1
JK25303,1
JK25305,1
JK25306,1
JK25310,1
JK25312,1
JK25313,1
JK25314,1
JK25316,1
JK25317,1
JK25318,1
JK25321,1
JK25322,1
JK25323,1
JK25324,1
JK25325,1
JK25326,1
JK25327,1
JK25328,1
JK25329,1
JK25333,1
JK25335,1
JK25336,1
JK25337,1
JK25338,1
JK25339,1
JK25340,1
JK25341,1
JK25342,1
JK25343,1
JK25344,1
JK25346,1
JK25347,1
JK25348,1
JK25349,1
JK25350,1
JK25351,1
JK25353,1
JK25354,1
JK25355,1
JK25356,1
JK25358,1
JK25359,1
JK25360,1
JK25361,1
JK25371,1
JK25373,1
JK25375,1
JK25395,1
JK25396,1
JK25398,1
JK25399,1
JK25400,1
JK25403,1
JK25404,1
JK25406,1
JK25408,1
JK25410,1
JK25411,1
JK25412,1
JK25414,1
JK25415,1
JK25416,1
JK25417,1
JK25418,1
JK25419,1
JK25420,1
JK25422,1
JK25423,1
JK25424,1
JK25428,1
JK25430,1
JK25432,1
JK25436,1
JK25437,1
JK25438,1
JK25439,1
JK25440,1
JK25441,1
JK25443,1
JK25452,1
JK25457,1
JK25458,1
JK25459,1
JK25461,1
JK25462,1
JK25463,1
JK25464,1
JK25465,1
JK25467,1
JK25468,1
JK25471,1
JK25472,1
JK25473,1
JK25474,1
JK25475,1
JK25476,1
JK25477,1
JK25479,1
JK25480,1
JK25484,1
JK25485,1
JK25486,1
JK25489,1
JK25493,1
JK25494,1
JK25496,1
JK25497,1
JK25500,1
JK25501,1
JK25502,1
JK25505,1
JK25506,1
JK25507,1
JK25509,1
JK25510,1
JK25512,1
JK25518,1
JK25519,1
JK25520,1
JK25522,1
JK25523,1
JK25524,1
JK25525,1
JK25526,1
JK25528,1
JK25529,1
JK25530,1
JK25531,1
JK25532,1
JK25533,1
JK25535,1
JK25536,1
JK25537,1
JK25538,1
JK25541,1
JK25542,1
JK25544,1
JK25547,1
JK25548,1
JK25550,1
JK25551,1
JK25552,1
JK25554,1
JK25557,1
JK25558,1
JK25560,1
JK25562,1
JK25563,1
JK25567,1
JK25568,1
JK25573,1
JK25574,1
JK25575,1
JK25577,1
JK25578,1
JK25579,1
JK25580,1
JK25581,1
JK25582,1
JK25583,1
JK25587,1
JK25590,1
JK25591,1
JK25592,1
JK25594,1
JK25595,1
JK25596,1
JK25600,1
JK25601,1
JK25605,1
JK25606,1
JK25607,1
JK25608,1
JK25615,1
JK25616,1
JK25618,1
JK25619,1
JK25625,1
JK25626,1
JK25627,1
JK25628,1
JK25629,1
JK25630,1
JK25631,1
JK25632,1
JK25634,1
JK25638,1
JK25640,1
JK25642,1
JK25643,1
JK25644,1
JK25646,1
JK25647,1
JK25649,1
JK25650,1
JK25652,1
JK25655,1
JK25656,1
JK25657,1
JK25658,1
JK25661,1
JK25664,1
JK25665,1
JK25668,1
JK25669,1
JK25670,1
JK25672,1
JK25673,1
JK25675,1
JK25677,1
JK25678,1
JK25679,1
JK25681,1
JK25683,1
JK25684,1
JK25685,1
JK25686,1
JK25689,1
JK25690,1
JK25692,1
JK25696,1
JK25697,1
JK25698,1
JK25701,1
JK25702,1
JK25703,1
JK25706,1
JK25707,1
JK25708,1
JK25710,1
JK25711,1
JK25712,1
JK25713,1
JK25714,1
JK25716,1
JK25717,1
JK25718,1
JK25722,1
JK25726,1
JK25733,1
JK25734,1
JK25735,1
JK25736,1
JK25738,1
JK25742,1
JK25746,1
JK25747,1
JK25748,1
JK25749,1
JK25750,1
JK25751,1
JK25752,1
JK25755,1
JK25756,1
JK25757,1
JK25764,1
JK25766,1
JK25767,1
JK25768,1
JK25769,1
JK25770,1
JK25771,1
JK25772,1
JK25773,1
JK25775,1
JK25777,1
JK25778,1
JK25780,1
JK25782,1
JK25783,1
JK25786,1
JK25787,1
JK25789,1
JK25791,1
JK25793,1
JK25794,1
JK25796,1
JK25797,1
JK25798,1
JK25799,1
JK25802,1
JK25803,1
JK25804,1
JK25805,1
JK25806,1
JK25809,1
JK25810,1
JK25812,1
JK25813,1
JK25815,1
JK25816,1
JK25817,1
JK25818,1
JK25819,1
JK25820,1
JK25821,1
JK25825,1
JK25827,1
JK25828,1
JK25829,1
JK25830,1
JK25831,1
JK25832,1
JK25834,1
JK25835,1
JK25836,1
JK25837,1
JK25838,1
JK25840,1
JK25841,1
JK25842,1
JK25843,1
JK25844,1
JK25845,1
JK25846,1
JK25854,1
JK25856,1
JK25857,1
JK25858,1
JK25859,1
JK25860,1
JK25862,1
JK25863,1
JK25864,1
JK25865,1
JK25866,1
JK25867,1
JK25869,1
JK25870,1
JK25872,1
JK25874,1
JK25878,1
JK25879,1
JK25881,1
JK25882,1
JK25883,1
JK25884,1
JK25885,1
JK25886,1
JK25887,1
JK25888,1
JK25889,1
JK25890,1
JK25891,1
JK25892,1
JK25893,1
JK25894,1
JK25896,1
JK25898,1
JK25899,1
JK25900,1
JK25902,1
JK25903,1
JK25904,1
JK25905,1
JK25909,1
JK25911,1
JK25912,1
JK25913,1
JK25914,1
JK25915,1
JK25918,1
JK25919,1
JK25920,1
JK25921,1
JK25922,1
JK25927,1
JK25929,1
JK25930,1
JK25931,1
JK25932,1
JK25933,1
JK25941,1
JK25944,1
JK25946,1
JK25947,1
JK25948,1
JK25950,1
JK25952,1
JK25957,1
JK25960,1
JK25961,1
JK25963,1
JK25964,1
JK25965,1
JK25966,1
JK25967,1
JK25968,1
JK25969,1
JK25970,1
JK25971,1
JK25972,1
JK25973,1
JK25975,1
JK25976,1
JK25979,1
JK25980,1
JK25981,1
JK25982,1
JK25986,1
JK25989,1
JK25991,1
JK25992,1
JK25994,1
JK25995,1
JK25996,1
JK25998,1
JK26000,1
JK26002,1
JK26003,1
JK26005,1
JK26007,1
JK26010,1
JK26011,1
JK26012,1
JK26017,1
JK26018,1
JK26019,1
JK26021,1
JK26026,1
JK26029,1
JK26030,1
JK26034,1
JK26043,1
JK26044,1
JK26045,1
JK26047,1
JK26051,1
JK26053,1
JK26055,1
JK26059,1
JK26062,1
JK26064,1
JK26065,1
JK26066,1
JK26068,1
JK26070,1
JK26071,1
JK26072,1
JK26074,1
JK26075,1
JK26076,1
JK26077,1
JK26078,1
JK26079,1
JK26080,1
JK26083,1
JK26084,1
JK26085,1
JK26086,1
JK26093,1
JK26094,1
JK26095,1
JK26096,1
JK26098,1
JK26099,1
JK26100,1
JK26101,1
JK26102,1
JK26103,1
JK26104,1
JK26105,1
JK26106,1
JK26107,1
JK26108,1
JK26110,1
JK26114,1
JK26115,1
JK26116,1
JK26117,1
JK26126,1
JK26132,1
JK26137,1
JK26138,1
JK26140,1
JK26142,1
JK26144,1
JK26150,1
JK26151,1
JK26152,1
JK26160,1
JK26162,1
JK26163,1
JK26165,1
JK26166,1
JK26167,1
JK26168,1
JK26169,1
JK26170,1
JK26171,1
JK26173,1
JK26174,1
JK26175,1
JK26176,1
JK26177,1
JK26179,1
JK26180,1
JK26181,1
JK26182,1
JK26184,1
JK26185,1
JK26186,1
JK26189,1
JK26190,1
JK26198,1
JK26200,1
JK26203,1
JK26204,1
JK26206,1
JK26207,1
JK26208,1
JK26209,1
JK26210,1
JK26213,1
JK26215,1
JK26216,1
JK26217,1
JK26218,1
JK26219,1
JK26220,1
JK26222,1
JK26224,1
JK26225,1
JK26226,1
JK26227,1
JK26228,1
JK26229,1
JK26230,1
JK26232,1
JK26235,1
JK26237,1
JK26239,1
JK26240,1
JK26242,1
JK26243,1
JK26245,1
JK26246,1
JK26247,1
JK26248,1
JK26249,1
JK26250,1
JK26257,1
JK26259,1
JK26261,1
JK26262,1
JK26263,1
JK26264,1
JK26273,1
JK26274,1
JK26284,1
JK26288,1
JK26299,1
JK26300,1
JK26301,1
JK26303,1
JK26304,1
JK26306,1
JK26307,1
JK26309,1
JK26314,1
JK26316,1
JK26319,1
JK26320,1
JK26321,1
JK26323,1
JK26324,1
JK26325,1
JK26327,1
JK26328,1
JK26337,1
JK26338,1
JK26339,1
JK26343,1
JK26345,1
JK26346,1
JK26353,1
JK26354,1
JK26357,1
JK26358,1
JK26362,1
JK26363,1
JK26364,1
JK26366,1
JK26367,1
JK26368,1
JK26369,1
JK26370,1
JK26371,1
JK26372,1
JK26373,1
JK26374,1
JK26375,1
JK26376,1
JK26377,1
JK26378,1
JK26379,1
JK26380,1
JK26381,1
JK26382,1
JK26383,1
JK26384,1
JK26387,1
JK26394,1
JK26396,1
JK26400,1
JK26401,1
JK26402,1
JK26403,1
JK26404,1
JK26405,1
JK26406,1
JK26407,1
JK26410,1
JK26413,1
JK26414,1
JK26415,1
JK26416,1
JK26417,1
JK26419,1
JK26420,1
JK26421,1
JK26422,1
JK26423,1
JK26424,1
JK26425,1
JK26428,1
JK26429,1
JK26431,1
JK26432,1
JK26433,1
JK26434,1
JK26437,1
JK26438,1
JK26439,1
JK26442,1
JK26443,1
JK26446,1
JK26447,1
JK26449,1
JK26451,1
JK26455,1
JK26457,1
JK26458,1
JK26459,1
JK26460,1
JK26461,1
JK26463,1
JK26464,1
JK26465,1
JK26466,1
JK26470,1
JK26471,1
JK26473,1
JK26474,1
JK26475,1
JK26476,1
JK26480,1
JK26481,1
JK26482,1
JK26483,1
JK26485,1
JK26486,1
JK26487,1
JK26488,1
JK26492,1
JK26494,1
JK26495,1
JK26496,1
JK26505,1
JK26506,1
JK26509,1
JK26510,1
JK26511,1
JK26513,1
JK26514,1
JK26515,1
JK26517,1
JK26518,1
JK26519,1
JK26520,1
JK26521,1
JK26522,1
JK26523,1
JK26524,1
JK26526,1
JK26527,1
JK26528,1
JK26529,1
JK26530,1
JK26531,1
JK26532,1
JK26533,1
JK26534,1
JK26535,1
JK26536,1
JK26542,1
JK26543,1
JK26544,1
JK26550,1
JK26551,1
JK26552,1
JK26553,1
JK26554,1
JK26562,1
JK26564,1
JK26565,1
JK26566,1
JK26567,1
JK26568,1
JK26569,1
JK26570,1
JK26571,1
JK26572,1
JK26573,1
JK26574,1
JK26576,1
JK26577,1
JK26578,1
JK26580,1
JK26581,1
JK26582,1
JK26583,1
JK26586,1
JK26587,1
JK26588,1
JK26589,1
JK26590,1
JK26591,1
JK26592,1
JK26594,1
JK26595,1
JK26598,1
JK26599,1
JK26600,1
JK26601,1
JK26602,1
JK26603,1
JK26605,1
JK26606,1
JK26607,1
JK26610,1
JK26611,1
JK26617,1
JK26622,1
JK26623,1
JK26624,1
JK26627,1
JK26630,1
JK26631,1
JK26633,1
JK26634,1
JK26638,1
JK26639,1
JK26645,1
JK26646,1
JK26647,1
JK26648,1
JK26649,1
JK26650,1
JK26651,1
JK26653,1
JK26656,1
JK26665,1
JK26668,1
JK26673,1
JK26679,1
JK26681,1
JK26684,1
JK26685,1
JK26686,1
JK26687,1
JK26688,1
JK26689,1
JK26690,1
JK26691,1
JK26692,1
JK26693,1
JK26694,1
JK26696,1
JK26697,1
JK26699,1
JK26700,1
JK26701,1
JK26702,1
JK26704,1
JK26705,1
JK26706,1
JK26707,1
JK26708,1
JK26710,1
JK26712,1
JK26713,1
JK26714,1
JK26715,1
JK26716,1
JK26717,1
JK26718,1
JK26721,1
JK26722,1
JK26724,1
JK26725,1
JK26726,1
JK26727,1
JK26728,1
JK26729,1
JK26730,1
JK26731,1
JK26732,1
JK26733,1
JK26734,1
JK26737,1
JK26742,1
JK26743,1
JK26744,1
JK26745,1
JK26746,1
JK26747,1
JK26755,1
JK26756,1
JK26757,1
JK26759,1
JK26762,1
JK26763,1
JK26764,1
JK26766,1
JK26767,1
JK26768,1
JK26769,1
JK26770,1
JK26774,1
JK26775,1
JK26779,1
JK26780,1
JK26781,1
JK26783,1
JK26784,1
JK26785,1
JK26786,1
JK26789,1
JK26790,1
JK26792,1
JK26793,1
JK26796,1
JK26797,1
JK26800,1
JK26801,1
JK26802,1
JK26803,1
JK26804,1
JK26808,1
JK26810,1
JK26811,1
JK26813,1
JK26815,1
JK26816,1
JK26817,1
JK26818,1
JK26820,1
JK26823,1
JK26833,1
JK26835,1
JK26836,1
JK26837,1
JK26839,1
JK26840,1
JK26842,1
JK26843,1
JK26844,1
JK26845,1
JK26846,1
JK26847,1
JK26849,1
JK26850,1
JK26851,1
JK26852,1
JK26853,1
JK26854,1
JK26856,1
JK26858,1
JK26860,1
JK26861,1
JK26863,1
JK26864,1
JK26865,1
JK26866,1
JK26867,1
JK26869,1
JK26875,1
JK26881,1
JK26882,1
JK26884,1
JK26885,1
JK26887,1
JK26888,1
JK26889,1
JK26890,1
JK26892,1
JK26893,1
JK26894,1
JK26895,1
JK26896,1
JK26897,1
JK26898,1
JK26899,1
JK26903,1
JK26905,1
JK26906,1
JK26907,1
JK26910,1
JK26911,1
JK26912,1
JK26913,1
JK26914,1
JK26920,1
JK26921,1
JK26922,1
JK26923,1
JK26924,1
JK26925,1
JK26927,1
JK26928,1
JK26930,1
JK26931,1
JK26932,1
JK26933,1
JK26935,1
JK26936,1
JK26937,1
JK26938,1
JK26939,1
JK26940,1
JK26941,1
JK26942,1
JK26943,1
JK26944,1
JK26945,1
JK26946,1
JK26947,1
JK26948,1
JK26949,1
JK26950,1
JK26951,1
JK26952,1
JK26953,1
JK26954,1
JK26955,1
JK26956,1
JK26957,1
JK26958,1
JK26959,1
JK26960,1
JK26961,1
JK26962,1
JK26963,1
JK26964,1
JK26965,1
JK26966,1
JK26967,1
JK26968,1
JK26969,1
JK26971,1
JK26972,1
JK26973,1
JK26975,1
JK26977,1
JK26978,1
JK26980,1
JK26981,1
JK26982,1
JK26983,1
JK26984,1
JK26985,1
JK26986,1
JK26987,1
JK26988,1
JK26997,1
JK27000,1
JK27004,1
JK27005,1
JK27006,1
JK27007,1
JK27008,1
JK27009,1
JK27010,1
JK27011,1
JK27012,1
JK27013,1
JK27014,1
JK27015,1
JK27016,1
JK27017,1
JK27018,1
JK27019,1
JK27020,1
JK27021,1
JK27024,1
JK27025,1
JK27026,1
JK27027,1
JK27028,1
JK27029,1
JK27030,1
JK27031,1
JK27033,1
JK27034,1
JK27035,1
JK27036,1
JK27037,1
JK27038,1
JK27039,1
JK27040,1
JK27041,1
JK27042,1
JK27043,1
JK27044,1
JK27045,1
JK27046,1
JK27049,1
JK27051,1
JK27052,1
JK27053,1
JK27054,1
JK27055,1
JK27056,1
JK27057,1
JK27059,1
JK27060,1
JK27061,1
JK27063,1
JK27064,1
JK27065,1
JK27066,1
JK27068,1
JK27069,1
JK27073,1
JK27074,1
JK27075,1
JK27076,1
JK27077,1
JK27078,1
JK27079,1
JK27080,1
JK27081,1
JK27082,1
JK27084,1
JK27085,1
JK27090,1
JK27091,1
JK27092,1
JK27093,1
JK27094,1
JK27095,1
JK27097,1
JK27098,1
JK27099,1
JK27100,1
JK27101,1
JK27102,1
JK27103,1
JK27104,1
JK27105,1
JK27107,1
JK27108,1
JK27109,1
JK27110,1
JK27112,1
JK27113,1
JK27114,1
JK27115,1
JK27116,1
JK27117,1
JK27121,1
JK27122,1
JK27123,1
JK27124,1
JK27125,1
JK27126,1
JK27127,1
JK27128,1
JK27129,1
JK27130,1
JK27131,1
JK27132,1
JK27133,1
JK27134,1
JK27135,1
JK27136,1
JK27137,1
JK27138,1
JK27139,1
JK27140,1
JK27141,1
JK27142,1
JK27143,1
JK27144,1
JK27145,1
JK27146,1
JK27147,1
JK27149,1
JK27151,1
JK27160,1
JK27163,1
JK27164,1
JK27165,1
JK27166,1
JK27167,1
JK27168,1
JK27169,1
JK27170,1
JK27171,1
JK27172,1
JK27173,1
JK27174,1
JK27175,1
JK27176,1
JK27177,1
JK27178,1
JK27179,1
JK27180,1
JK27181,1
JK27184,1
JK27185,1
JK27186,1
JK27188,1
JK27189,1
JK27191,1
JK27192,1
JK27193,1
JK27194,1
JK27195,1
JK27196,1
JK27199,1
JK27200,1
JK27201,1
JK27202,1
JK27205,1
JK27206,1
JK27207,1
JK27208,1
JK27209,1
JK27210,1
JK27211,1
JK27213,1
JK27214,1
JK27215,1
JK27216,1
JK27217,1
JK27220,1
JK27221,1
JK27222,1
JK27223,1
JK27224,1
JK27225,1
JK27226,1
JK27227,1
JK27228,1
JK27229,1
JK27230,1
JK27231,1
JK27232,1
JK27234,1
JK27235,1
JK27236,1
JK27237,1
JK27238,1
JK27239,1
JK27246,1
JK27248,1
JK27255,1
JK27256,1
JK27257,1
JK27258,1
JK27259,1
JK27260,1
JK27264,1
JK27265,1
JK27269,1
JK27272,1
JK27274,1
JK27275,1
JK27276,1
JK27277,1
JK27278,1
JK27280,1
JK27281,1
JK27282,1
JK27283,1
JK27284,1
JK27285,1
JK27286,1
JK27287,1
JK27288,1
JK27295,1
JK27296,1
JK27301,1
JK27305,1
JK27306,1
JK27307,1
JK27308,1
JK27309,1
JK27310,1
JK27311,1
JK27312,1
JK27314,1
JK27315,1
JK27316,1
JK27317,1
JK27318,1
JK27319,1
JK27320,1
JK27321,1
JK27322,1
JK27323,1
JK27324,1
JK27325,1
JK27326,1
JK27328,1
JK27329,1
JK27331,1
JK27332,1
JK27333,1
JK27334,1
JK27335,1
JK27336,1
JK27337,1
JK27338,1
JK27339,1
JK27341,1
JK27343,1
JK27344,1
JK27345,1
JK27346,1
JK27351,1
JK27354,1
JK27355,1
JK27358,1
JK27362,1
JK27367,1
JK27368,1
JK27369,1
JK27370,1
JK27371,1
JK27372,1
JK27373,1
JK27374,1
JK27375,1
JK27376,1
JK27378,1
JK27380,1
JK27387,1
JK27388,1
JK27389,1
JK27390,1
JK27391,1
JK27394,1
JK27395,1
JK27396,1
JK27397,1
JK27398,1
JK27404,1
JK27418,1
JK27419,1
JK27422,1
JK27423,1
JK27424,1
JK27426,1
JK27431,1
JK27432,1
JK27434,1
JK27436,1
JK27437,1
JK27438,1
JK27446,1
JK27447,1
JK27448,1
JK27449,1
JK27450,1
JK27452,1
JK27453,1
JK27454,1
JK27455,1
JK27456,1
JK27457,1
JK27458,1
JK27459,1
JK27460,1
JK27462,1
JK27465,1
JK27469,1
JK27471,1
JK27472,1
JK27473,1
JK27474,1
JK27476,1
JK27477,1
JK27487,1
JK27490,1
JK27492,1
JK27493,1
JK27494,1
JK27495,1
JK27496,1
JK27501,1
JK27502,1
JK27503,1
JK27504,1
JK27505,1
JK27506,1
JK27507,1
JK27508,1
JK27509,1
JK27510,1
JK27513,1
JK27514,1
JK27515,1
JK27516,1
JK27518,1
JK27519,1
JK27520,1
JK27522,1
JK27523,1
JK27524,1
JK27527,1
JK27529,1
JK27530,1
JK27531,1
JK27532,1
JK27533,1
JK27535,1
JK27536,1
JK27538,1
JK27541,1
JK27542,1
JK27543,1
JK27555,1
JK27558,1
JK27559,1
JK27560,1
JK27561,1
JK27562,1
JK27563,1
JK27564,1
JK27565,1
JK27568,1
JK27569,1
JK27570,1
JK27571,1
JK27572,1
JK27574,1
JK27575,1
JK27578,1
JK27585,1
JK27586,1
JK27588,1
JK27589,1
JK27590,1
JK27591,1
JK27595,1
JK27598,1
JK27599,1
JK27600,1
JK27607,1
JK27609,1
JK27610,1
JK27618,1
JK27619,1
JK27620,1
JK27621,1
JK27624,1
JK27629,1
JK27632,1
JK27646,1
JK27648,1
JK27650,1
JK27651,1
JK27653,1
JK27654,1
JK27656,1
JK27658,1
JK27659,1
JK27660,1
JK27661,1
JK27662,1
JK27663,1
JK27664,1
JK27667,1
JK27668,1
JK27670,1
JK27679,1
JK27680,1
JK27682,1
JK27683,1
JK27686,1
JK27687,1
JK27689,1
JK27693,1
JK27694,1
JK27696,1
JK27697,1
JK27704,1
JK27707,1
JK27708,1
JK27710,1
JK27711,1
JK27713,1
JK27715,1
JK27717,1
JK27721,1
JK27722,1
JK27723,1
JK27726,1
JK27731,1
JK27736,1
JK27738,1
JK27740,1
JK27741,1
JK27743,1
JK27745,1
JK27746,1
JK27747,1
JK27748,1
JK27751,1
JK27752,1
JK27754,1
JK27755,1
JK27756,1
JK27757,1
JK27759,1
JK27760,1
JK27764,1
JK27765,1
JK27767,1
JK27769,1
JK27772,1
JK27774,1
JK27775,1
JK27778,1
JK27779,1
JK27782,1
JK27786,1
JK27791,1
JK27793,1
JK27794,1
JK27800,1
JK27801,1
JK27802,1
JK27805,1
JK27808,1
JK27809,1
JK27810,1
JK27813,1
JK27818,1
JK27819,1
JK27822,1
JK27823,1
JK27824,1
JK27825,1
JK27828,1
JK27842,1
JK27843,1
JK27844,1
JK27845,1
JK27846,1
JK27847,1
JK27848,1
JK27849,1
JK27852,1
JK27853,1
JK27854,1
JK27866,1
JK27870,1
JK27871,1
JK27876,1
JK27888,1
JK27889,1
JK27890,1
JK27891,1
JK27896,1
JK27897,1
JK27901,1
JK27902,1
JK27903,1
JK27905,1
JK27906,1
JK27908,1
JK27909,1
JK27911,1
JK27912,1
JK27913,1
JK27914,1
JK27915,1
JK27925,1
JK27935,1
JK27938,1
JK27939,1
JK27940,1
JK27941,1
JK27942,1
JK27943,1
JK27946,1
JK27947,1
JK27948,1
JK27951,1
JK27952,1
JK27955,1
JK27956,1
JK27957,1
JK27958,1
JK27959,1
JK27962,1
JK27963,1
JK27964,1
JK27965,1
JK27966,1
JK27971,1
JK27975,1
JK27976,1
JK27978,1
JK27983,1
JK27984,1
JK27985,1
JK27986,1
JK27987,1
JK27988,1
JK27989,1
JK27991,1
JK27994,1
JK27997,1
JK27998,1
JK28028,1
JK28047,1
JK28154,1
JK28353,1
JK28361,1
JK28440,1
JK28441,1
JK28443,1
JK28444,1
JK28445,1
JK28449,1
JK28454,1
JK28457,1
JK28461,1
JK28462,1
JK28468,1
JK28477,1
JK28478,1
JK28483,1
JK28484,1
JK28485,1
JK28486,1
JK28487,1
JK28488,1
JK28489,1
JK28495,1
JK28496,1
JK28497,1
JK28498,1
JK28499,1
JK28505,1
JK28507,1
JK28508,1
JK28509,1
JK28510,1
JK28511,1
JK28512,1
JK28514,1
JK28516,1
JK28518,1
JK28519,1
JK28520,1
JK28521,1
JK28522,1
JK28523,1
JK28526,1
JK28527,1
JK28528,1
JK28529,1
JK28530,1
JK28535,1
JK28536,1
JK28542,1
JK28548,1
JK28551,1
JK28555,1
JK28556,1
JK28561,1
JK28567,1
JK28571,1
JK28572,1
JK28574,1
JK28575,1
JK28580,1
JK28582,1
JK28584,1
JK28586,1
JK28587,1
JK28588,1
JK28589,1
JK28599,1
JK28601,1
JK28602,1
JK28604,1
JK28606,1
JK28607,1
JK28608,1
JK28611,1
JK28613,1
JK28621,1
JK28624,1
JK28626,1
JK28633,1
JK28634,1
JK28635,1
JK28637,1
JK28638,1
JK28643,1
JK28644,1
JK28647,1
JK28648,1
JK28653,1
JK28654,1
JK28655,1
JK28680,1
JK28681,1
JK28682,1
JK28685,1
JK28686,1
JK28690,1
JK28692,1
JK28695,1
JK28696,1
JK28699,1
JK28787,1
JK28798,1
JK28805,1
JK28813,1
JK28816,1
JK28817,1
JK28822,1
JK28831,1
JK28834,1
JK28840,1
JK28846,1
JK28847,1
JK28851,1
JK28852,1
JK28853,1
JK28854,1
JK28855,1
JK28856,1
JK28860,1
JK28861,1
JK28869,1
JK28870,1
JK28871,1
JK28875,1
JK28876,1
JK28881,1
JK28884,1
JK28890,1
JK28895,1
JK28898,1
JK28929,1
JK28930,1
JK28933,1
JK28937,1
JK28938,1
JK28946,1
JK28949,1
JK28950,1
JK28953,1
JK28956,1
JK28962,1
JK28964,1
JK28965,1
JK28966,1
JK28967,1
JK28981,1
JK28992,1
JK28998,1
JK29002,1
JK29005,1
JK29009,1
JK29010,1
JK29011,1
JK29013,1
JK29014,1
JK29016,1
JK29017,1
JK29018,1
JK29019,1
JK29020,1
JK29024,1
JK29032,1
JK29033,1
JK29036,1
JK29039,1
JK29040,1
JK29045,1
JK29046,1
JK29048,1
JK29049,1
JK29053,1
JK29065,1
JK29067,1
JK29069,1
JK29071,1
JK29072,1
JK29073,1
JK29075,1
JK29078,1
JK29079,1
JK29080,1
JK29081,1
JK29082,1
JK29089,1
JK29091,1
JK29098,1
JK29100,1
JK29102,1
JK29103,1
JK29105,1
JK29106,1
JK29116,1
JK29118,1
JK29119,1
JK29120,1
JK29122,1
JK29123,1
JK29124,1
JK29125,1
JK29126,1
JK29127,1
JK29129,1
JK29130,1
JK29131,1
JK29132,1
JK29133,1
JK29134,1
JK29135,1
JK29136,1
JK29142,1
JK29144,1
JK29145,1
JK29146,1
JK29148,1
JK29152,1
JK29153,1
JK29154,1
JK29155,1
JK29156,1
JK29164,1
JK29165,1
JK29166,1
JK29167,1
JK29169,1
JK29171,1
JK29173,1
JK29177,1
JK29183,1
JK29184,1
JK29185,1
JK29186,1
JK29187,1
JK29188,1
JK29189,1
JK29191,1
JK29193,1
JK29195,1
JK29196,1
JK29197,1
JK29198,1
JK29199,1
JK29204,1
JK29205,1
JK29206,1
JK29208,1
JK29209,1
JK29210,1
JK29211,1
JK29212,1
JK29213,1
JK29214,1
JK29215,1
JK29217,1
JK29218,1
JK29219,1
JK29220,1
JK29222,1
JK29223,1
JK29224,1
JK29225,1
JK29226,1
JK29228,1
JK29229,1
JK29234,1
JK29238,1
JK29241,1
JK29243,1
JK29245,1
JK29246,1
JK29250,1
JK29251,1
JK29252,1
JK29253,1
JK29254,1
JK29255,1
JK29256,1
JK29257,1
JK29258,1
JK29259,1
JK29260,1
JK29261,1
JK29262,1
JK29263,1
JK29267,1
JK29268,1
JK29269,1
JK29270,1
JK29271,1
JK29272,1
JK29273,1
JK29275,1
JK29277,1
JK29279,1
JK29284,1
JK29286,1
JK29288,1
JK29289,1
JK29293,1
JK29294,1
JK29295,1
JK29296,1
JK29297,1
JK29302,1
JK29303,1
JK29306,1
JK29324,1
JK29325,1
JK29327,1
JK29330,1
JK29331,1
JK29332,1
JK29333,1
JK29335,1
JK29338,1
JK29340,1
JK29341,1
JK29342,1
JK29345,1
JK29348,1
JK29350,1
JK29353,1
JK29354,1
JK29355,1
JK29356,1
JK29364,1
JK29365,1
JK29368,1
JK29369,1
JK29370,1
JK29372,1
JK29373,1
JK29375,1
JK29376,1
JK29377,1
JK29379,1
JK29380,1
JK29381,1
JK29384,1
JK29386,1
JK29387,1
JK29389,1
JK29390,1
JK29391,1
JK29393,1
JK29400,1
JK29401,1
JK29402,1
JK29408,1
JK29412,1
JK29419,1
JK29421,1
JK29424,1
JK29425,1
JK29426,1
JK29427,1
JK29428,1
JK29429,1
JK29436,1
JK29440,1
JK29441,1
JK29442,1
JK29445,1
JK29446,1
JK29447,1
JK29448,1
JK29449,1
JK29454,1
JK29458,1
JK29461,1
JK29462,1
JK29468,1
JK29469,1
JK29472,1
JK29473,1
JK29474,1
JK29476,1
JK29479,1
JK29489,1
JK29491,1
JK29497,1
JK29498,1
JK29499,1
JK29500,1
JK29511,1
JK29512,1
JK29515,1
JK29517,1
JK29519,1
JK29520,1
JK29522,1
JK29523,1
JK29524,1
JK29525,1
JK29526,1
JK29527,1
JK29528,1
JK29530,1
JK29533,1
JK29535,1
JK29539,1
JK29543,1
JK29548,1
JK29552,1
JK29553,1
JK29554,1
JK29564,1
JK29566,1
JK29569,1
JK29571,1
JK29572,1
JK29574,1
JK29575,1
JK29576,1
JK29577,1
JK29578,1
JK29579,1
JK29581,1
JK29582,1
JK29583,1
JK29584,1
JK29588,1
JK29594,1
JK29595,1
JK29601,1
JK29602,1
JK29603,1
JK29604,1
JK29605,1
JK29608,1
JK29611,1
JK29612,1
JK29613,1
JK29620,1
JK29625,1
JK29626,1
JK29628,1
JK29629,1
JK29632,1
JK29634,1
JK29640,1
JK29641,1
JK29644,1
JK29645,1
JK29647,1
JK29648,1
JK29652,1
JK29655,1
JK29658,1
JK29664,1
JK29665,1
JK29666,1
JK29668,1
JK29669,1
JK29670,1
JK29671,1
JK29675,1
JK29679,1
JK29680,1
JK29681,1
JK29682,1
JK29683,1
JK29684,1
JK29685,1
JK29687,1
JK29688,1
JK29689,1
JK29690,1
JK29691,1
JK29692,1
JK29701,1
JK29703,1
JK29704,1
JK29705,1
JK29706,1
JK29708,1
JK29710,1
JK29715,1
JK29717,1
JK29724,1
JK29725,1
JK29726,1
JK29728,1
JK29730,1
JK29734,1
JK29735,1
JK29736,1
JK29737,1
JK29739,1
JK29740,1
JK29741,1
JK29747,1
JK29748,1
JK29753,1
JK29767,1
JK29769,1
JK29770,1
JK29771,1
JK29775,1
JK29780,1
JK29781,1
JK29782,1
JK29783,1
JK29784,1
JK29788,1
JK29789,1
JK29792,1
JK29793,1
JK29804,1
JK29805,1
JK29807,1
JK29811,1
JK29816,1
JK29819,1
JK29822,1
JK29823,1
JK29824,1
JK29826,1
JK29827,1
JK29828,1
JK29829,1
JK29830,1
JK29832,1
JK29835,1
JK29837,1
JK29839,1
JK29840,1
JK29841,1
JK29842,1
JK29843,1
JK29844,1
JK29845,1
JK29852,1
JK29853,1
JK29858,1
JK29870,1
JK29880,1
JK29881,1
JK29882,1
JK29893,1
JK29894,1
JK29895,1
JK29896,1
JK29897,1
JK29901,1
JK29902,1
JK29912,1
JK29914,1
JK29915,1
JK29916,1
JK29927,1
JK29929,1
JK29930,1
JK29931,1
JK29933,1
JK29934,1
JK29938,1
JK29941,1
JK29943,1
JK29944,1
JK29945,1
JK29948,1
JK29951,1
JK29953,1
JK29955,1
JK29956,1
JK29958,1
JK29961,1
JK29965,1
JK29966,1
JK29969,1
JK29980,1
JK29981,1
JK29992,1
JK29993,1
JK29994,1
JK30000,1
JK30001,1
JK30002,1
JK30004,1
JK30008,1
JK30009,1
JK30010,1
JK30013,1
JK30014,1
JK30015,1
JK30016,1
JK30017,1
JK30018,1
JK30024,1
JK30026,1
JK30039,1
JK30046,1
JK30050,1
JK30051,1
JK30052,1
JK30054,1
JK30057,1
JK30058,1
JK30062,1
JK30070,1
JK30072,1
JK30073,1
JK30075,1
JK30076,1
JK30077,1
JK30078,1
JK30082,1
JK30088,1
JK30097,1
JK30098,1
JK30105,1
JK30108,1
JK30111,1
JK30113,1
JK30115,1
JK30118,1
JK30122,1
JK30123,1
JK30124,1
JK30125,1
JK30126,1
JK30127,1
JK30128,1
JK30137,1
JK30139,1
JK30142,1
JK30150,1
JK30151,1
JK30153,1
JK30154,1
JK30155,1
JK30156,1
JK30157,1
JK30164,1
JK30165,1
JK30166,1
JK30167,1
JK30178,1
JK30192,1
JK30196,1
JK30201,1
JK30202,1
JK30204,1
JK30205,1
JK30207,1
JK30208,1
JK30212,1
JK30219,1
JK30220,1
JK30223,1
JK30225,1
JK30226,1
JK30227,1
JK30236,1
JK30243,1
JK30244,1
JK30251,1
JK30258,1
JK30259,1
JK30261,1
JK30262,1
JK30264,1
JK30265,1
JK30266,1
JK30269,1
JK30273,1
JK30274,1
JK30276,1
JK30284,1
JK30288,1
JK30292,1
JK30293,1
JK30296,1
JK30320,1
JK30325,1
JK30327,1
JK30329,1
JK30343,1
JK30346,1
JK30347,1
JK30350,1
JK30351,1
JK30353,1
JK30355,1
JK30357,1
JK30360,1
JK30366,1
JK30367,1
JK30376,1
JK30377,1
JK30386,1
JK30395,1
JK30399,1
JK30400,1
JK30406,1
JK30410,1
JK30411,1
JK30424,1
JK30426,1
JK30431,1
JK30435,1
JK30452,1
JK30459,1
JK30460,1
JK30461,1
JK30462,1
JK30465,1
JK30481,1
JK30483,1
JK30484,1
JK30486,1
JK30487,1
JK30488,1
JK30494,1
JK30496,1
JK30499,1
JK30522,1
JK30535,1
JK30544,1
JK30548,1
JK30552,1
JK30553,1
JK30559,1
JK30560,1
JK30570,1
JK30571,1
JK30572,1
JK30576,1
JK30577,1
JK30578,1
JK30580,1
JK30584,1
JK30585,1
JK30588,1
JK30589,1
JK30590,1
JK30592,1
JK30593,1
JK30600,1
JK30603,1
JK30604,1
JK30605,1
JK30609,1
JK30610,1
JK30611,1
JK30612,1
JK30613,1
JK30614,1
JK30617,1
JK30618,1
JK30619,1
JK30621,1
JK30622,1
JK30623,1
JK30624,1
JK30625,1
JK30626,1
JK30627,1
JK30633,1
JK30634,1
JK30636,1
JK30637,1
JK30638,1
JK30639,1
JK30643,1
JK30644,1
JK30647,1
JK30648,1
JK30651,1
JK30653,1
JK30660,1
JK30670,1
JK30675,1
JK30676,1
JK30678,1
JK30679,1
JK30682,1
JK30684,1
JK30689,1
JK30690,1
JK30691,1
JK30694,1
JK30695,1
JK30696,1
JK30698,1
JK30703,1
JK30706,1
JK30708,1
JK30709,1
JK30715,1
JK30718,1
JK30719,1
JK30720,1
JK30727,1
JK30728,1
JK30729,1
JK30730,1
JK30731,1
JK30732,1
JK30733,1
JK30734,1
JK30735,1
JK30736,1
JK30737,1
JK30740,1
JK30741,1
JK30742,1
JK30744,1
JK30749,1
JK30750,1
JK30751,1
JK30752,1
JK30753,1
JK30754,1
JK30755,1
JK30756,1
JK30758,1
JK30759,1
JK30760,1
JK30761,1
JK30762,1
JK30766,1
JK30768,1
JK30769,1
JK30770,1
JK30771,1
JK30775,1
JK30781,1
JK30782,1
JK30785,1
JK30788,1
JK30789,1
JK30790,1
JK30791,1
JK30792,1
JK30795,1
JK30796,1
JK30797,1
JK30798,1
JK30799,1
JK30805,1
JK30807,1
JK30808,1
JK30813,1
JK30814,1
JK30815,1
JK30816,1
JK30817,1
JK30818,1
JK30819,1
JK30820,1
JK30822,1
JK30823,1
JK30824,1
JK30825,1
JK30826,1
JK30827,1
JK30829,1
JK30832,1
JK30833,1
JK30834,1
JK30835,1
JK30838,1
JK30839,1
JK30841,1
JK30842,1
JK30843,1
JK30844,1
JK30845,1
JK30847,1
JK30850,1
JK30851,1
JK30852,1
JK30853,1
JK30854,1
JK30855,1
JK30868,1
JK30869,1
JK30871,1
JK30872,1
JK30882,1
JK30883,1
JK30890,1
JK30905,1
JK30911,1
JK30912,1
JK30914,1
JK30916,1
JK30920,1
JK30921,1
JK30922,1
JK30923,1
JK30928,1
JK30929,1
JK30931,1
JK30936,1
JK30941,1
JK30942,1
JK30943,1
JK30944,1
JK30945,1
JK30952,1
JK30953,1
JK30962,1
JK30963,1
JK30964,1
JK30966,1
JK30967,1
JK30968,1
JK30969,1
JK30971,1
JK30972,1
JK30973,1
JK30982,1
JK30991,1
JK30992,1
JK30993,1
JK30995,1
JK30997,1
JK30998,1
JK30999,1
JK31000,1
JK31007,1
JK31008,1
JK31010,1
JK31011,1
JK31015,1
JK31029,1
JK31037,1
JK31040,1
JK31043,1
JK31045,1
JK31054,1
JK31055,1
JK31056,1
JK31057,1
JK31059,1
JK31060,1
JK31066,1
JK31067,1
JK31068,1
JK31069,1
JK31072,1
JK31075,1
JK31077,1
JK31078,1
JK31079,1
JK31086,1
JK31087,1
JK31088,1
JK31094,1
JK31095,1
JK31096,1
JK31097,1
JK31098,1
JK31099,1
JK31100,1
JK31103,1
JK31106,1
JK31107,1
JK31114,1
JK31116,1
JK31117,1
JK31118,1
JK31119,1
JK31120,1
JK31121,1
JK31122,1
JK31123,1
JK31124,1
JK31133,1
JK31134,1
JK31135,1
JK31136,1
JK31143,1
JK31145,1
JK31146,1
JK31147,1
JK31149,1
JK31150,1
JK31152,1
JK31153,1
JK31155,1
JK31161,1
JK31163,1
JK31164,1
JK31174,1
JK31175,1
JK31185,1
JK31189,1
JK31190,1
JK31192,1
JK31194,1
JK31195,1
JK31198,1
JK31205,1
JK31220,1
JK31222,1
JK31226,1
JK31227,1
JK31229,1
JK31242,1
JK31243,1
JK31244,1
JK31245,1
JK31246,1
JK31254,1
JK31256,1
JK31257,1
JK31258,1
JK31259,1
JK31261,1
JK31265,1
JK31267,1
JK31273,1
JK31275,1
JK31276,1
JK31277,1
JK31278,1
JK31279,1
JK31280,1
JK31282,1
JK31298,1
JK31306,1
JK31309,1
JK31312,1
JK31318,1
JK31322,1
JK31329,1
JK31331,1
JK31335,1
JK31336,1
JK31342,1
JK31344,1
JK31353,1
JK31356,1
JK31359,1
JK31370,1
JK31371,1
JK31372,1
JK31375,1
JK31376,1
JK31377,1
JK31378,1
JK31383,1
JK31385,1
JK31386,1
JK31387,1
JK31388,1
JK31399,1
JK31400,1
JK31402,1
JK31403,1
JK31404,1
JK31406,1
JK31413,1
JK31416,1
JK31418,1
JK31419,1
JK31421,1
JK31424,1
JK31426,1
JK31427,1
JK31428,1
JK31430,1
JK31431,1
JK31432,1
JK31435,1
JK31451,1
JK31452,1
JK31454,1
JK31455,1
JK31458,1
JK31459,1
JK31460,1
JK31462,1
JK31463,1
JK31466,1
JK31467,1
JK31472,1
JK31477,1
JK31478,1
JK31480,1
JK31483,1
JK31484,1
JK31485,1
JK31486,1
JK31487,1
JK31500,1
JK31502,1
JK31504,1
JK31505,1
JK31514,1
JK31522,1
JK31525,1
JK31531,1
JK31536,1
JK31537,1
JK31539,1
JK31548,1
JK31550,1
JK31552,1
JK31554,1
JK31555,1
JK31557,1
JK31558,1
JK31559,1
JK31565,1
JK31568,1
JK31573,1
JK31575,1
JK31577,1
JK31586,1
JK31587,1
JK31588,1
JK31589,1
JK31594,1
JK31597,1
JK31598,1
JK31604,1
JK31605,1
JK31606,1
JK31608,1
JK31609,1
JK31610,1
JK31611,1
JK31612,1
JK31613,1
JK31628,1
JK31629,1
JK31633,1
JK31634,1
JK31636,1
JK31637,1
JK31642,1
JK31643,1
JK31644,1
JK31645,1
JK31655,1
JK31657,1
JK31658,1
JK31668,1
JK31669,1
JK31670,1
JK31677,1
JK31683,1
JK31687,1
JK31688,1
JK31689,1
JK31691,1
JK31694,1
JK31695,1
JK31703,1
JK31704,1
JK31705,1
JK31706,1
JK31708,1
JK31717,1
JK31718,1
JK31722,1
JK31723,1
JK31724,1
JK31727,1
JK31730,1
JK31731,1
JK31732,1
JK31735,1
JK31748,1
JK31749,1
JK31750,1
JK31752,1
JK31759,1
JK31761,1
JK31763,1
JK31765,1
JK31766,1
JK31768,1
JK31770,1
JK31771,1
JK31773,1
JK31779,1
JK31784,1
JK31785,1
JK31786,1
JK31787,1
JK31789,1
JK31792,1
JK31793,1
JK31794,1
JK31798,1
JK31799,1
JK31800,1
JK31805,1
JK31806,1
JK31808,1
JK31816,1
JK31817,1
JK31824,1
JK31831,1
JK31840,1
JK31849,1
JK31852,1
JK31856,1
JK31860,1
JK31861,1
JK31862,1
JK31863,1
JK31865,1
JK31871,1
JK31884,1
JK31887,1
JK31888,1
JK31889,1
JK31892,1
JK31893,1
JK31898,1
JK31901,1
JK31904,1
JK31906,1
JK31907,1
JK31910,1
JK31911,1
JK31912,1
JK31914,1
JK31915,1
JK31941,1
JK31950,1
JK31954,1
JK31956,1
JK31957,1
JK31958,1
JK31965,1
JK31970,1
JK31971,1
JK31972,1
JK31973,1
JK31976,1
JK31979,1
JK31986,1
JK31987,1
JK31988,1
JK31989,1
JK31990,1
JK31992,1
JK32023,1
JK32032,1
JK32033,1
JK32035,1
JK32037,1
JK32040,1
JK32041,1
JK32043,1
JK32044,1
JK32047,1
JK32048,1
JK32050,1
JK32052,1
JK32055,1
JK32056,1
JK32058,1
JK32061,1
JK32062,1
JK32065,1
JK32069,1
JK32078,1
JK32080,1
JK32116,1
JK32117,1
JK32119,1
JK32121,1
JK32127,1
JK32130,1
JK32132,1
JK32134,1
JK32136,1
JK32139,1
JK32140,1
JK32141,1
JK32142,1
JK32143,1
JK32150,1
JK32151,1
JK32163,1
JK32169,1
JK32173,1
JK32175,1
JK32176,1
JK32177,1
JK32179,1
JK32180,1
JK32181,1
JK32182,1
JK32185,1
JK32186,1
JK32188,1
JK32191,1
JK32195,1
JK32196,1
JK32197,1
JK32210,1
JK32211,1
JK32213,1
JK32214,1
JK32217,1
JK32220,1
JK32221,1
JK32227,1
JK32233,1
JK32236,1
JK32246,1
JK32263,1
JK32265,1
JK32266,1
JK32268,1
JK32275,1
JK32276,1
JK32277,1
JK32280,1
JK32282,1
JK32285,1
JK32299,1
JK32306,1
JK32308,1
JK32309,1
JK32312,1
JK32315,1
JK32317,1
JK32319,1
JK32320,1
JK32321,1
JK32322,1
JK32327,1
JK32328,1
JK32330,1
JK32332,1
JK32334,1
JK32335,1
JK32336,1
JK32337,1
JK32338,1
JK32339,1
JK32340,1
JK32341,1
JK32342,1
JK32343,1
JK32345,1
JK32356,1
JK32366,1
JK32368,1
JK32369,1
JK32370,1
JK32389,1
JK32390,1
JK32391,1
JK32393,1
JK32395,1
JK32396,1
JK32397,1
JK32398,1
JK32400,1
JK32401,1
JK32402,1
JK32404,1
JK32405,1
JK32406,1
JK32407,1
JK32414,1
JK32418,1
JK32419,1
JK32420,1
JK32421,1
JK32423,1
JK32428,1
JK32429,1
JK32431,1
JK32438,1
JK32450,1
JK32451,1
JK32453,1
JK32454,1
JK32456,1
JK32458,1
JK32467,1
JK32471,1
JK32472,1
JK32473,1
JK32474,1
JK32476,1
JK32477,1
JK32478,1
JK32479,1
JK32480,1
JK32481,1
JK32485,1
JK32490,1
JK32491,1
JK32492,1
JK32493,1
JK32494,1
JK32495,1
JK32497,1
JK32501,1
JK32503,1
JK32506,1
JK32507,1
JK32517,1
JK32521,1
JK32524,1
JK32525,1
JK32527,1
JK32528,1
JK32529,1
JK32530,1
JK32531,1
JK32532,1
JK32533,1
JK32534,1
JK32538,1
JK32546,1
JK32547,1
JK32550,1
JK32551,1
JK32561,1
JK32563,1
JK32567,1
JK32568,1
JK32569,1
JK32570,1
JK32579,1
JK32604,1
JK32607,1
JK32614,1
JK32615,1
JK32616,1
JK32619,1
JK32622,1
JK32628,1
JK32629,1
JK32630,1
JK32631,1
JK32632,1
JK32633,1
JK32642,1
JK32644,1
JK32666,1
JK32685,1
JK32687,1
JK32688,1
JK32689,1
JK32690,1
JK32693,1
JK32696,1
JK32724,1
JK32725,1
JK32726,1
JK32734,1
JK32755,1
JK32761,1
JK32780,1
JK32781,1
JK32782,1
JK32810,1
JK32812,1
JK32817,1
JK32820,1
JK32822,1
JK32823,1
JK32834,1
JK32839,1
JK32840,1
JK32842,1
JK32843,1
JK32844,1
JK32846,1
JK32847,1
JK32848,1
JK32849,1
JK32853,1
JK32854,1
JK32864,1
JK32865,1
JK32866,1
JK32877,1
JK32878,1
JK32879,1
JK32881,1
JK32884,1
JK32890,1
JK32891,1
JK32892,1
JK32895,1
JK32896,1
JK32897,1
JK32939,1
JK32944,1
JK32949,1
JK32950,1
JK32955,1
JK32958,1
JK32961,1
JK32963,1
JK32970,1
JK32972,1
JK32974,1
JK32980,1
JK32986,1
JK32991,1
JK32992,1
JK32995,1
JK32996,1
JK32997,1
JK32998,1
JK32999,1
JK33000,1
JK33001,1
JK33002,1
JK33003,1
JK33007,1
JK33010,1
JK33013,1
JK33023,1
JK33034,1
JK33036,1
JK33037,1
JK33038,1
JK33039,1
JK33043,1
JK33044,1
JK33045,1
JK33051,1
JK33054,1
JK33058,1
JK33061,1
JK33071,1
JK33072,1
JK33079,1
JK33082,1
JK33086,1
JK33087,1
JK33096,1
JK33098,1
JK33105,1
JK33109,1
JK33110,1
JK33117,1
JK33119,1
JK33127,1
JK33130,1
JK33137,1
JK33146,1
JK33155,1
JK33157,1
JK33158,1
JK33166,1
JK33172,1
JK33173,1
JK33174,1
JK33208,1
JK33228,1
JK33247,1
JK33261,1
JK33269,1
JK33271,1
JK33272,1
JK33276,1
JK33277,1
JK33278,1
JK33282,1
JK33298,1
JK33318,1
JK33319,1
JK33325,1
JK33330,1
JK33362,1
JK33376,1
JK33388,1
JK33399,1
JK33406,1
JK33435,1
JK33528,1
JK33586,1
JK33594,1
JK33595,1
JK33599,1
JK33609,1
JK33610,1
JK33655,1
JK33778,1
JK33791,1
JK33808,1
JK33811,1
JK33812,1
JK33813,1
JK33816,1
JK33824,1
JK33825,1
JK33829,1
JK33830,1
JK33835,1
JK33837,1
JK33838,1
JK33847,1
JK33849,1
JK33853,1
JK33854,1
JK33858,1
JK33873,1
JK33879,1
JK33880,1
JK33883,1
JK33903,1
JK33927,1
JK33936,1
JK33939,1
JK33940,1
JK33941,1
JK33943,1
JK33945,1
JK33946,1
JK33947,1
JK33952,1
JK33957,1
JK33958,1
JK33961,1
JK33968,1
JK33969,1
JK33982,1
JK33987,1
JK34012,1
JK34024,1
JK34026,1
JK34032,1
JK34065,1
JK34079,1
JK34080,1
JK34104,1
JK34106,1
JK34110,1
JK34140,1
JK34197,1
JK34219,1
JK34237,1
JK34251,1
JK34263,1
JK34282,1
JK34297,1
JK34298,1
JK34299,1
JK34373,1
JK34398,1
JK34400,1
JK34402,1
JK34403,1
JK34415,1
JK34416,1
JK34430,1
JK34433,1
JK34434,1
JK34442,1
JK79130,1
KA00003,1
KA00004,1
KA00012,1
KA00017,1
KA00023,1
KA00026,1
KA00027,1
KA00029,1
KA00031,1
KA00034,1
KA00035,1
KA00036,1
KA00037,1
KA00038,1
KA00040,1
KA00043,1
KA00045,1
KA00052,1
KA00057,1
KA00059,1
KA00061,1
KA00063,1
KA00066,1
KA00068,1
KA00069,1
KA00070,1
KA00071,1
KA00074,1
KA00075,1
KA00076,1
KA00078,1
KA00079,1
KA00090,1
KA00091,1
KA00092,1
KA00093,1
KA00096,1
KA00099,1
KA00100,1
KA00105,1
KA00106,1
KA00108,1
KA00109,1
KA00113,1
KA00114,1
KA00116,1
KA00119,1
KA00120,1
KA00121,1
KA00125,1
KA00128,1
KA00129,1
KA00130,1
KA00131,1
KA00132,1
KA00135,1
KA00137,1
KA00139,1
KA00140,1
KA00141,1
KA00143,1
KA00146,1
KA00147,1
KA00149,1
KA00152,1
KA00156,1
KA00157,1
KA00158,1
KA00165,1
KA00169,1
KA00170,1
KA00172,1
KA00173,1
KA00175,1
KA00176,1
KA00178,1
KA00180,1
KA00181,1
KA00185,1
KA00188,1
KA00189,1
KA00190,1
KA00192,1
KA00193,1
KA00194,1
KA00195,1
KA00197,1
KA00198,1
KA00199,1
KA00201,1
KA00203,1
KA00205,1
KA00206,1
KA00209,1
KA00217,1
KA00218,1
KA00224,1
KA00225,1
KA00228,1
KA00233,1
KA00236,1
KA00239,1
KA00241,1
KA00242,1
KA00246,1
KA00247,1
KA00248,1
KA00249,1
KA00253,1
KA00254,1
KA00255,1
KA00257,1
KA00261,1
KA00262,1
KA00264,1
KA00269,1
KA00270,1
KA00274,1
KA00276,1
KA00277,1
KA00278,1
KA00279,1
KA00280,1
KA00281,1
KA00282,1
KA00283,1
KA00284,1
KA00285,1
KA00287,1
KA00288,1
KA00290,1
KA00291,1
KA00293,1
KA00294,1
KA00296,1
KA00298,1
KA00299,1
KA00300,1
KA00301,1
KA00302,1
KA00303,1
KA00304,1
KA00305,1
KA00306,1
KA00307,1
KA00309,1
KA00311,1
KA00312,1
KA00313,1
KA00314,1
KA00315,1
KA00316,1
KA00318,1
KA00319,1
KA00320,1
KA00321,1
KA00324,1
KA00325,1
KA00326,1
KA00327,1
KA00330,1
KA00331,1
KA00332,1
KA00334,1
KA00335,1
KA00338,1
KA00339,1
KA00340,1
KA00341,1
KA00342,1
KA00345,1
KA00346,1
KA00347,1
KA00348,1
KA00349,1
KA00350,1
KA00351,1
KA00352,1
KA00353,1
KA00354,1
KA00355,1
KA00356,1
KA00357,1
KA00358,1
KA00361,1
KA00362,1
KA00363,1
KA00365,1
KA00366,1
KA00367,1
KA00369,1
KA00370,1
KA00371,1
KA00372,1
KA00373,1
KA00374,1
KA00375,1
KA00376,1
KA00378,1
KA00379,1
KA00380,1
KA00381,1
KA00383,1
KA00384,1
KA00385,1
KA00387,1
KA00388,1
KA00391,1
KA00392,1
KA00393,1
KA00394,1
KA00395,1
KA00396,1
KA00397,1
KA00398,1
KA00399,1
KA00400,1
KA00402,1
KA00403,1
KA00404,1
KA00405,1
KA00406,1
KA00408,1
KA00410,1
KA00411,1
KA00412,1
KA00413,1
KA00415,1
KA00416,1
KA00418,1
KA00420,1
KA00421,1
KA00425,1
KA00427,1
KA00428,1
KA00429,1
KA00431,1
KA00432,1
KA00434,1
KA00435,1
KA00436,1
KA00437,1
KA00440,1
KA00441,1
KA00444,1
KA00445,1
KA00446,1
KA00447,1
KA00448,1
KA00450,1
KA00451,1
KA00452,1
KA00453,1
KA00457,1
KA00458,1
KA00459,1
KA00460,1
KA00461,1
KA00462,1
KA00463,1
KA00464,1
KA00465,1
KA00466,1
KA00467,1
KA00468,1
KA00470,1
KA00471,1
KA00472,1
KA00474,1
KA00475,1
KA00477,1
KA00478,1
KA00483,1
KA00484,1
KA00485,1
KA00489,1
KA00490,1
KA00491,1
KA00492,1
KA00494,1
KA00495,1
KA00497,1
KA00498,1
KA00499,1
KA00500,1
KA00502,1
KA00503,1
KA00508,1
KA00509,1
KA00510,1
KA00513,1
KA00514,1
KA00515,1
KA00516,1
KA00517,1
KA00519,1
KA00520,1
KA00521,1
KA00522,1
KA00523,1
KA00525,1
KA00526,1
KA00527,1
KA00528,1
KA00529,1
KA00531,1
KA00532,1
KA00535,1
KA00536,1
KA00538,1
KA00540,1
KA00541,1
KA00542,1
KA00543,1
KA00544,1
KA00545,1
KA00547,1
KA00549,1
KA00550,1
KA00552,1
KA00553,1
KA00554,1
KA00555,1
KA00556,1
KA00559,1
KA00560,1
KA00563,1
KA00564,1
KA00568,1
KA00569,1
KA00570,1
KA00571,1
KA00572,1
KA00573,1
KA00574,1
KA00575,1
KA00579,1
KA00580,1
KA00581,1
KA00582,1
KA00585,1
KA00586,1
KA00587,1
KA00588,1
KA00591,1
KA00592,1
KA00594,1
KA00595,1
KA00596,1
KA00597,1
KA00598,1
KA00599,1
KA00600,1
KA00601,1
KA00602,1
KA00604,1
KA00605,1
KA00607,1
KA00608,1
KA00609,1
KA00610,1
KA00614,1
KA00615,1
KA00616,1
KA00617,1
KA00618,1
KA00619,1
KA00622,1
KA00623,1
KA00625,1
KA00629,1
KA00631,1
KA00632,1
KA00633,1
KA00634,1
KA00635,1
KA00636,1
KA00639,1
KA00642,1
KA00643,1
KA00644,1
KA00645,1
KA00647,1
KA00651,1
KA00652,1
KA00654,1
KA00656,1
KA00657,1
KA00661,1
KA00665,1
KA00666,1
KA00669,1
KA00670,1
KA00671,1
KA00672,1
KA00673,1
KA00674,1
KA00675,1
KA00676,1
KA00677,1
KA00678,1
KA00679,1
KA00680,1
KA00681,1
KA00682,1
KA00683,1
KA00688,1
KA00689,1
KA00690,1
KA00691,1
KA00692,1
KA00693,1
KA00694,1
KA00695,1
KA00698,1
KA00702,1
KA00703,1
KA00704,1
KA00705,1
KA00710,1
KA00711,1
KA00712,1
KA00713,1
KA00715,1
KA00716,1
KA00717,1
KA00718,1
KA00719,1
KA00720,1
KA00722,1
KA00723,1
KA00724,1
KA00725,1
KA00726,1
KA00727,1
KA00728,1
KA00729,1
KA00730,1
KA00731,1
KA00733,1
KA00735,1
KA00736,1
KA00737,1
KA00739,1
KA00744,1
KA00746,1
KA00748,1
KA00749,1
KA00750,1
KA00752,1
KA00753,1
KA00755,1
KA00756,1
KA00757,1
KA00758,1
KA00759,1
KA00760,1
KA00764,1
KA00766,1
KA00767,1
KA00768,1
KA00769,1
KA00770,1
KA00771,1
KA00772,1
KA00773,1
KA00774,1
KA00775,1
KA00776,1
KA00777,1
KA00780,1
KA00781,1
KA00782,1
KA00791,1
KA00793,1
KA00795,1
KA00796,1
KA00797,1
KA00798,1
KA00799,1
KA00800,1
KA00801,1
KA00803,1
KA00804,1
KA00805,1
KA00807,1
KA00808,1
KA00809,1
KA00810,1
KA00812,1
KA00818,1
KA00819,1
KA00820,1
KA00821,1
KA00823,1
KA00824,1
KA00825,1
KA00826,1
KA00828,1
KA00829,1
KA00831,1
KA00832,1
KA00833,1
KA00834,1
KA00835,1
KA00837,1
KA00845,1
KA00847,1
KA00848,1
KA00851,1
KA00852,1
KA00853,1
KA00854,1
KA00855,1
KA00856,1
KA00857,1
KA00858,1
KA00860,1
KA00862,1
KA00864,1
KA00866,1
KA00867,1
KA00868,1
KA00869,1
KA00873,1
KA00875,1
KA00876,1
KA00877,1
KA00881,1
KA00882,1
KA00883,1
KA00884,1
KA00885,1
KA00886,1
KA00887,1
KA00888,1
KA00889,1
KA00890,1
KA00891,1
KA00892,1
KA00894,1
KA00895,1
KA00896,1
KA00897,1
KA00902,1
KA00903,1
KA00904,1
KA00905,1
KA00906,1
KA00907,1
KA00908,1
KA00909,1
KA00910,1
KA00914,1
KA00915,1
KA00916,1
KA00917,1
KA00918,1
KA00919,1
KA00920,1
KA00921,1
KA00926,1
KA00929,1
KA00930,1
KA00931,1
KA00932,1
KA00936,1
KA00937,1
KA00941,1
KA00942,1
KA00945,1
KA00948,1
KA00957,1
KA00959,1
KA00961,1
KA00962,1
KA00966,1
KA00967,1
KA00968,1
KA00969,1
KA00970,1
KA00971,1
KA00976,1
KA00977,1
KA00980,1
KA00989,1
KA00990,1
KA00991,1
KA00992,1
KA00993,1
KA00995,1
KA00996,1
KA00997,1
KA00998,1
KA01002,1
KA01003,1
KA01004,1
KA01005,1
KA01006,1
KA01008,1
KA01009,1
KA01010,1
KA01011,1
KA01012,1
KA01013,1
KA01014,1
KA01015,1
KA01017,1
KA01019,1
KA01020,1
KA01021,1
KA01022,1
KA01028,1
KA01031,1
KA01032,1
KA01034,1
KA01035,1
KA01037,1
KA01038,1
KA01040,1
KA01041,1
KA01042,1
KA01043,1
KA01044,1
KA01045,1
KA01046,1
KA01047,1
KA01048,1
KA01049,1
KA01055,1
KA01056,1
KA01057,1
KA01060,1
KA01061,1
KA01062,1
KA01063,1
KA01064,1
KA01065,1
KA01066,1
KA01067,1
KA01068,1
KA01070,1
KA01071,1
KA01072,1
KA01073,1
KA01075,1
KA01076,1
KA01077,1
KA01078,1
KA01079,1
KA01081,1
KA01082,1
KA01083,1
KA01084,1
KA01087,1
KA01089,1
KA01090,1
KA01091,1
KA01092,1
KA01093,1
KA01094,1
KA01095,1
KA01096,1
KA01097,1
KA01099,1
KA01100,1
KA01101,1
KA01104,1
KA01110,1
KA01112,1
KA01113,1
KA01116,1
KA01118,1
KA01125,1
KA01128,1
KA01130,1
KA01131,1
KA01135,1
KA01138,1
KA01142,1
KA01149,1
KA01151,1
KA01152,1
KA01156,1
KA01159,1
KA01160,1
KA01167,1
KA01168,1
KA01169,1
KA01171,1
KA01172,1
KA01173,1
KA01178,1
KA01179,1
KA01180,1
KA01182,1
KA01184,1
KA01185,1
KA01186,1
KA01187,1
KA01188,1
KA01189,1
KA01191,1
KA01192,1
KA01193,1
KA01194,1
KA01196,1
KA01197,1
KA01198,1
KA01199,1
KA01200,1
KA01202,1
KA01203,1
KA01204,1
KA01205,1
KA01206,1
KA01207,1
KA01208,1
KA01209,1
KA01210,1
KA01211,1
KA01212,1
KA01213,1
KA01214,1
KA01215,1
KA01216,1
KA01218,1
KA01219,1
KA01220,1
KA01221,1
KA01222,1
KA01225,1
KA01226,1
KA01227,1
KA01228,1
KA01231,1
KA01232,1
KA01234,1
KA01237,1
KA01238,1
KA01239,1
KA01240,1
KA01241,1
KA01242,1
KA01244,1
KA01248,1
KA01251,1
KA01252,1
KA01253,1
KA01262,1
KA01265,1
KA01269,1
KA01272,1
KA01273,1
KA01275,1
KA01277,1
KA01278,1
KA01280,1
KA01282,1
KA01286,1
KA01287,1
KA01288,1
KA01290,1
KA01291,1
KA01292,1
KA01294,1
KA01295,1
KA01296,1
KA01297,1
KA01298,1
KA01299,1
KA01300,1
KA01301,1
KA01304,1
KA01305,1
KA01306,1
KA01309,1
KA01313,1
KA01314,1
KA01315,1
KA01317,1
KA01318,1
KA01321,1
KA01322,1
KA01325,1
KA01327,1
KA01329,1
KA01331,1
KA01332,1
KA01334,1
KA01335,1
KA01347,1
KA01349,1
KA01351,1
KA01353,1
KA01356,1
KA01357,1
KA01360,1
KA01362,1
KA01365,1
KA01369,1
KA01373,1
KA01376,1
KA01377,1
KA01381,1
KA01383,1
KA01384,1
KA01386,1
KA01387,1
KA01390,1
KA01393,1
KA01394,1
KA01396,1
KA01398,1
KA01399,1
KA01402,1
KA01405,1
KA01406,1
KA01408,1
KA01410,1
KA01412,1
KA01415,1
KA01416,1
KA01422,1
KA01428,1
KA01430,1
KA01431,1
KA01432,1
KA01433,1
KA01434,1
KA01437,1
KA01438,1
KA01439,1
KA01440,1
KA01442,1
KA01445,1
KA01454,1
KA01455,1
KA01456,1
KA01457,1
KA01459,1
KA01466,1
KA01468,1
KA01473,1
KA01475,1
KA01478,1
KA01479,1
KA01481,1
KA01486,1
KA01488,1
KA01501,1
KA01505,1
KA01506,1
KA01507,1
KA01515,1
KA01518,1
KA01519,1
KA01523,1
KA01526,1
KA01529,1
KA01532,1
KA01541,1
KA01543,1
KA01550,1
KA01560,1
KA01574,1
KA01585,1
KA01599,1
KA01603,1
KA01604,1
KA01610,1
KA01611,1
KA01619,1
KA01630,1
KA01634,1
KA01637,1
KA01645,1
KA01648,1
KA01657,1
KA01661,1
KA01662,1
KA01663,1
KA01707,1
KA01743,1
KA01744,1
KA01745,1
KA01760,1
KA01773,1
KA01784,1
KA01786,1
KA01803,1
KA01816,1
KA01888,1
KA01963,1
KA01980,1
KA01996,1
KA02013,1
KA02033,1
KA02043,1
KA02047,1
KA02048,1
KA02052,1
KA02053,1
KA02054,1
KA02060,1
KA02176,1
KA02190,1
KA02204,1
KA02205,1
KA02210,1
KA02211,1
KA02213,1
KA02229,1
KA02254,1
KA02255,1
KA02371,1
KA02392,1
KA02394,1
KA02398,1
KA02400,1
KA02401,1
KA02417,1
KA02418,1
KA02421,1
KA02427,1
KA02436,1
KA02437,1
KA02439,1
KA02478,1
KB00001,1
KB00002,1
KB00003,1
KB00005,1
KB00016,1
KB00027,1
KB00030,1
KB00031,1
KB00033,1
KB00034,1
KB00035,1
KB00036,1
KB00042,1
KB00043,1
KB00048,1
KB00049,1
KB00055,1
KB00057,1
KB00058,1
KB00060,1
KB00061,1
KB00066,1
KB00067,1
KB00068,1
KB00069,1
KB00070,1
KB00071,1
KB00072,1
KB00073,1
KB00074,1
KB00075,1
KB00076,1
KB00077,1
KB00078,1
KB00079,1
KB00080,1
KB00081,1
KB00084,1
KB00093,1
KB00094,1
KB00096,1
KB00100,1
KB00101,1
KB00102,1
KB00104,1
KB00107,1
KB00108,1
KB00109,1
KB00110,1
KB00111,1
KB00112,1
KB00113,1
KB00118,1
KB00119,1
KB00120,1
KB00121,1
KB00122,1
KB00123,1
KB00125,1
KB00129,1
KB00131,1
KB00133,1
KB00134,1
KB00136,1
KB00138,1
KB00141,1
KB00142,1
KB00143,1
KB00144,1
KB00145,1
KB00146,1
KB00147,1
KB00148,1
KB00149,1
KB00153,1
KB00159,1
KB00161,1
KB00162,1
KB00163,1
KB00165,1
KB00166,1
KB00169,1
KB00170,1
KB00171,1
KB00173,1
KB00174,1
KB00176,1
KB00178,1
KB00180,1
KB00181,1
KB00182,1
KB00184,1
KB00185,1
KB00186,1
KB00187,1
KB00188,1
KB00189,1
KB00191,1
KB00192,1
KB00193,1
KB00197,1
KB00198,1
KB00199,1
KB00200,1
KB00201,1
KB00202,1
KB00204,1
KB00205,1
KB00208,1
KB00209,1
KB00212,1
KB00213,1
KB00216,1
KB00217,1
KB00221,1
KB00223,1
KB00224,1
KB00226,1
KB00228,1
KB00229,1
KB00231,1
KB00232,1
KB00233,1
KB00235,1
KB00237,1
KB00238,1
KB00240,1
KB00241,1
KB00243,1
KB00246,1
KB00248,1
KB00250,1
KB00251,1
KB00252,1
KB00253,1
KB00258,1
KB00260,1
KB00264,1
KB00266,1
KB00267,1
KB00271,1
KB00272,1
KB00277,1
KB00279,1
KB00280,1
KB00281,1
KB00282,1
KB00285,1
KB00287,1
KB00289,1
KB00290,1
KB00291,1
KB00292,1
KB00301,1
KB00302,1
KB00303,1
KB00304,1
KB00311,1
KB00314,1
KB00316,1
KB00317,1
KB00318,1
KB00322,1
KB00324,1
KB00327,1
KB00330,1
KB00332,1
KB00334,1
KB00336,1
KB00342,1
KB00350,1
KB00351,1
KB00356,1
KB00357,1
KB00360,1
KB00362,1
KB00363,1
KB00364,1
KB00366,1
KB00371,1
KB00372,1
KB00375,1
KB00376,1
KB00377,1
KB00378,1
KB00379,1
KB00380,1
KB00381,1
KB00383,1
KB00384,1
KB00387,1
KB00388,1
KB00390,1
KB00391,1
KB00392,1
KB00397,1
KB00399,1
KB00401,1
KB00402,1
KB00403,1
KB00404,1
KB00406,1
KB00407,1
KB00408,1
KB00409,1
KB00410,1
KB00411,1
KB00414,1
KB00417,1
KB00418,1
KB00419,1
KB00421,1
KB00422,1
KB00423,1
KB00424,1
KB00425,1
KB00430,1
KB00432,1
KB00435,1
KB00436,1
KB00439,1
KB00444,1
KB00447,1
KB00457,1
KB00458,1
KB00460,1
KB00461,1
KB00462,1
KB00467,1
KB00472,1
KB00475,1
KB00477,1
KB00484,1
KB00494,1
KB00497,1
KB00499,1
KB00503,1
KB00506,1
KB00507,1
KB00509,1
KB00512,1
KB00513,1
KB00516,1
KB00517,1
KB00521,1
KB00522,1
KB00523,1
KB00527,1
KB00529,1
KB00530,1
KB00531,1
KB00533,1
KB00534,1
KB00535,1
KB00536,1
KB00537,1
KB00545,1
KB00546,1
KB00549,1
KB00553,1
KB00560,1
KB00561,1
KB00562,1
KB00567,1
KB00571,1
KB00575,1
KB00577,1
KB00582,1
KB00584,1
KB00590,1
KB00594,1
KB00597,1
KB00598,1
KB00605,1
KB00611,1
KB00612,1
KB00613,1
KB00617,1
KB00624,1
KB00626,1
KB00630,1
KB00631,1
KB00636,1
KB00637,1
KB00640,1
KB00641,1
KB00648,1
KB00649,1
KB00651,1
KB00655,1
KB00660,1
KB00670,1
KB00675,1
KB00690,1
KB00695,1
KB00702,1
KB00705,1
KB00706,1
KB00714,1
KB00745,1
KB00764,1
KB00781,1
KB00804,1
KB00815,1
KB00824,1
KB00827,1
KB00829,1
KB00832,1
KB00839,1
KB00851,1
KB00860,1
KB00861,1
KB00867,1
KB00874,1
KB00875,1
KB00889,1
KC00001,1
KC00003,1
KC00004,1
KC00010,1
KC00011,1
KC00015,1
KC00024,1
KC00034,1
KC00037,1
KC00038,1
KC00041,1
KC00045,1
KC00046,1
KC00058,1
KC00071,1
KC00074,1
KC00076,1
KC00080,1
KC00082,1
KC00083,1
KC00084,1
KC00087,1
KC00088,1
KC00097,1
KC00098,1
KC00101,1
KC00103,1
KC00110,1
KC00111,1
KC00112,1
KC00113,1
KC00114,1
KC00118,1
KC00121,1
KC00122,1
KC00128,1
KC00129,1
KC00134,1
KC00135,1
KC00138,1
KC00139,1
KC00141,1
KC00146,1
KC00147,1
KC00150,1
KC00152,1
KC00154,1
KC00155,1
KC00157,1
KC00158,1
KC00160,1
KC00161,1
KC00162,1
KC00164,1
KC00165,1
KC00166,1
KC00168,1
KC00170,1
KC00172,1
KC00173,1
KC00176,1
KC00178,1
KC00179,1
KC00180,1
KC00181,1
KC00183,1
KC00187,1
KC00188,1
KC00189,1
KC00190,1
KC00191,1
KC00192,1
KC00193,1
KC00196,1
KC00198,1
KC00199,1
KC00200,1
KC00202,1
KC00203,1
KC00204,1
KC00205,1
KC00206,1
KC00208,1
KC00212,1
KC00214,1
KC00217,1
KC00219,1
KC00222,1
KC00223,1
KC00224,1
KC00225,1
KC00229,1
KC00231,1
KC00233,1
KC00234,1
KC00240,1
KC00245,1
KC00246,1
KC00248,1
KC00249,1
KC00250,1
KC00251,1
KC00252,1
KC00253,1
KC00254,1
KC00255,1
KC00256,1
KC00257,1
KC00259,1
KC00260,1
KC00262,1
KC00265,1
KC00266,1
KC00272,1
KC00276,1
KC00279,1
KC00282,1
KC00294,1
KC00295,1
KC00296,1
KC00298,1
KC00299,1
KC00300,1
KC00301,1
KC00305,1
KC00307,1
KC00308,1
KC00309,1
KC00310,1
KC00311,1
KC00312,1
KC00313,1
KC00317,1
KC00319,1
KC00320,1
KC00324,1
KC00325,1
KC00326,1
KC00327,1
KC00328,1
KC00332,1
KC00334,1
KC00337,1
KC00338,1
KC00339,1
KC00340,1
KC00341,1
KC00344,1
KC00345,1
KC00346,1
KC00347,1
KC00348,1
KC00349,1
KC00351,1
KC00352,1
KC00353,1
KC00356,1
KC00357,1
KC00358,1
KC00359,1
KC00360,1
KC00361,1
KC00362,1
KC00364,1
KC00365,1
KC00366,1
KC00367,1
KC00368,1
KC00370,1
KC00371,1
KC00374,1
KC00375,1
KC00378,1
KC00379,1
KC00380,1
KC00381,1
KC00382,1
KC00383,1
KC00384,1
KC00385,1
KC00386,1
KC00387,1
KC00388,1
KC00392,1
KC00393,1
KC00396,1
KC00399,1
KC00400,1
KC00403,1
KC00405,1
KC00406,1
KC00407,1
KC00408,1
KC00409,1
KC00410,1
KC00411,1
KC00412,1
KC00413,1
KC00415,1
KC00417,1
KC00418,1
KC00419,1
KC00420,1
KC00422,1
KC00423,1
KC00425,1
KC00426,1
KC00427,1
KC00428,1
KC00429,1
KC00432,1
KC00433,1
KC00434,1
KC00435,1
KC00436,1
KC00437,1
KC00438,1
KC00439,1
KC00440,1
KC00442,1
KC00444,1
KC00446,1
KC00447,1
KC00448,1
KC00449,1
KC00451,1
KC00452,1
KC00453,1
KC00454,1
KC00455,1
KC00456,1
KC00457,1
KC00458,1
KC00459,1
KC00462,1
KC00463,1
KC00464,1
KC00466,1
KC00467,1
KC00472,1
KC00473,1
KC00478,1
KC00479,1
KC00481,1
KC00482,1
KC00483,1
KC00487,1
KC00488,1
KC00489,1
KC00490,1
KC00492,1
KC00493,1
KC00494,1
KC00495,1
KC00497,1
KC00498,1
KC00499,1
KC00500,1
KC00501,1
KC00503,1
KC00504,1
KC00505,1
KC00507,1
KC00509,1
KC00510,1
KC00511,1
KC00512,1
KC00513,1
KC00516,1
KC00517,1
KC00518,1
KC00519,1
KC00520,1
KC00521,1
KC00534,1
KC00536,1
KC00543,1
KC00549,1
KC00551,1
KC00552,1
KC00558,1
KC00661,1
KC00666,1
KC00667,1
KC00668,1
KC00669,1
KC00672,1
KC00673,1
KC00675,1
KC00676,1
KC00677,1
KC00678,1
KC00680,1
KC00681,1
KC00682,1
KC00683,1
KC00685,1
KC00686,1
KC00689,1
KC00693,1
KC00694,1
KC00697,1
KC00699,1
KC00700,1
KC00701,1
KC00703,1
KC00704,1
KC00705,1
KC00707,1
KC00712,1
KC00713,1
KC00716,1
KC00718,1
KC00719,1
KC00720,1
KC00721,1
KC00725,1
KC00726,1
KC00727,1
KC00728,1
KC00729,1
KC00730,1
KC00735,1
KC00738,1
KC00743,1
KC00744,1
KC00745,1
KC00747,1
KC00748,1
KC00751,1
KC00752,1
KC00753,1
KC00754,1
KC00757,1
KC00758,1
KC00760,1
KC00761,1
KC00762,1
KC00763,1
KC00764,1
KC00765,1
KC00766,1
KC00767,1
KC00772,1
KC00773,1
KC00774,1
KC00779,1
KC00784,1
KC00785,1
KC00786,1
KC00787,1
KC00788,1
KC00789,1
KC00790,1
KC00791,1
KC00793,1
KC00795,1
KC00796,1
KC00797,1
KC00798,1
KC00804,1
KC00805,1
KC00808,1
KC00813,1
KC00814,1
KC00820,1
KC00823,1
KC00830,1
KC00833,1
KC00836,1
KC00839,1
KC00840,1
KC00842,1
KC00844,1
KC00846,1
KC00852,1
KC00857,1
KC00859,1
KC00860,1
KC00861,1
KC00863,1
KC00866,1
KC00873,1
KC00874,1
KC00875,1
KC00880,1
KC00882,1
KC00883,1
KC00886,1
KC00893,1
KC00895,1
KC00896,1
KC00908,1
KC00909,1
KC00910,1
KC00911,1
KC00916,1
KC00926,1
KC00928,1
KC00938,1
KC00947,1
KC00948,1
KC00950,1
KC00956,1
KC01011,1
KC01028,1
KC01067,1
KC01084,1
KC01085,1
KC01098,1
KC01100,1
KC01101,1
KC01140,1
KC01148,1
KC01150,1
KC01152,1
KC01175,1
KC01176,1
KC01178,1
KC01192,1
KC01199,1
KC01235,1
KC01236,1
KC01253,1
KC01257,1
KC01260,1
KC01264,1
KC01269,1
KC01270,1
KC01271,1
KC01277,1
KC01292,1
KC01361,1
KC01362,1
KC01363,1
KD00002,1
KD00003,1
KD00005,1
KD00007,1
KD00008,1
KD00010,1
KD00014,1
KD00021,1
KD00025,1
KD00026,1
KD00027,1
KD00029,1
KD00030,1
KD00034,1
KD00036,1
KD00037,1
KD00038,1
KD00041,1
KD00042,1
KD00043,1
KD00046,1
KD00047,1
KD00048,1
KD00049,1
KD00051,1
KD00052,1
KD00053,1
KD00054,1
KD00055,1
KD00059,1
KD00060,1
KD00062,1
KD00063,1
KD00064,1
KD00068,1
KD00071,1
KD00072,1
KD00076,1
KD00077,1
KD00078,1
KD00081,1
KD00083,1
KD00084,1
KD00085,1
KD00088,1
KD00089,1
KD00099,1
KD00105,1
KD00109,1
KD00110,1
KD00114,1
KD00115,1
KD00116,1
KD00118,1
KD00119,1
KD00122,1
KD00128,1
KD00129,1
KD00132,1
KD00133,1
KD00134,1
KD00137,1
KD00139,1
KD00141,1
KD00143,1
KD00147,1
KD00150,1
KD00159,1
KD00160,1
KD00164,1
KD00165,1
KD00170,1
KD00171,1
KD00174,1
KD00175,1
KD00179,1
KD00182,1
KD00183,1
KD00186,1
KD00190,1
KD00192,1
KD00194,1
KD00197,1
KD00199,1
KD00201,1
KD00202,1
KD00204,1
KD00209,1
KD00220,1
KD00223,1
KD00225,1
KD00230,1
KD00240,1
KD00241,1
KD00242,1
KD00250,1
KD00283,1
KD00284,1
KD00285,1
KD00299,1
KD00300,1
KD00301,1
KD00302,1
KD00303,1
KD00310,1
KD00311,1
KD00314,1
KD00316,1
KD00323,1
KD00331,1
KD00332,1
KD00365,1
KD00368,1
KD00371,1
KD00373,1
KD00377,1
KD00380,1
KD00385,1
KD00394,1
KD00395,1
KD00397,1
KD00399,1
KD00402,1
KD00405,1
KD00407,1
KD00409,1
KD00411,1
KD00412,1
KD00414,1
KD00417,1
KD00419,1
KD00420,1
KD00424,1
KD00427,1
KD00430,1
KD00431,1
KD00433,1
KD00435,1
KD00436,1
KD00437,1
KD00438,1
KD00441,1
KD00444,1
KD00446,1
KD00448,1
KD00451,1
KD00452,1
KD00453,1
KD00454,1
KD00455,1
KD00456,1
KD00460,1
KD00467,1
KD00470,1
KD00485,1
KD00487,1
KD00488,1
KD00492,1
KD00497,1
KD00498,1
KD00500,1
KD00501,1
KD00504,1
KD00505,1
KD00507,1
KD00516,1
KD00518,1
KD00526,1
KD00530,1
KD00562,1
KD00563,1
KD00567,1
KD00573,1
KD00575,1
KD00576,1
KD00579,1
KD00585,1
KD00586,1
KD00587,1
KD00588,1
KD00597,1
KD00611,1
KD00623,1
KD00627,1
KD00629,1
KD00634,1
KD00635,1
KD00636,1
KD00647,1
KD00651,1
KD00653,1
KD00655,1
KD00667,1
KD00668,1
KD00669,1
KD00678,1
KD00680,1
KD00692,1
KD00695,1
KD00703,1
KD00705,1
KD00706,1
KD00712,1
KD00718,1
KD00726,1
KD00748,1
KD00749,1
KD00768,1
KD00770,1
KD00789,1
KD00790,1
KD00810,1
KD00823,1
KD00831,1
KD00832,1
KD00833,1
KD00834,1
KD00835,1
KD00868,1
KD00869,1
KD00885,1
KD00907,1
KD00908,1
KD00909,1
KD00911,1
KD00923,1
KD00939,1
KD00942,1
KD00985,1
KD00990,1
KD01077,1
KD01117,1
KD01143,1
KD01148,1
KD01207,1
KD01210,1
KE00009,1
KE00013,1
KE00021,1
KE00024,1
KE00025,1
KE00027,1
KE00028,1
KE00030,1
KE00031,1
KE00032,1
KE00033,1
KE00034,1
KE00035,1
KE00036,1
KE00038,1
KE00039,1
KE00040,1
KE00042,1
KE00043,1
KE00046,1
KE00047,1
KE00048,1
KE00049,1
KE00051,1
KE00053,1
KE00054,1
KE00055,1
KE00057,1
KE00058,1
KE00063,1
KE00066,1
KE00070,1
KE00072,1
KE00074,1
KE00076,1
KE00077,1
KE00078,1
KE00079,1
KE00081,1
KE00082,1
KE00083,1
KE00084,1
KE00085,1
KE00086,1
KE00088,1
KE00089,1
KE00091,1
KE00092,1
KE00093,1
KE00095,1
KE00096,1
KE00097,1
KE00098,1
KE00099,1
KE00100,1
KE00101,1
KE00102,1
KE00103,1
KE00104,1
KE00105,1
KE00106,1
KE00107,1
KE00109,1
KE00111,1
KE00113,1
KE00114,1
KE00115,1
KE00116,1
KE00117,1
KE00118,1
KE00119,1
KE00120,1
KE00121,1
KE00122,1
KE00123,1
KE00124,1
KE00125,1
KE00127,1
KE00128,1
KE00129,1
KE00130,1
KE00132,1
KE00133,1
KE00136,1
KE00137,1
KE00139,1
KE00141,1
KE00142,1
KE00143,1
KE00145,1
KE00146,1
KE00147,1
KE00148,1
KE00149,1
KE00150,1
KE00151,1
KE00152,1
KE00154,1
KE00155,1
KE00156,1
KE00157,1
KE00159,1
KE00160,1
KE00163,1
KE00166,1
KE00169,1
KE00173,1
KE00174,1
KE00175,1
KE00176,1
KE00177,1
KE00182,1
KE00202,1
KE00203,1
KE00205,1
KE00208,1
KE00209,1
KE00211,1
KE00215,1
KE00216,1
KE00218,1
KE00219,1
KE00220,1
KE00221,1
KE00222,1
KE00225,1
KE00226,1
KE00228,1
KE00229,1
KE00231,1
KE00233,1
KE00236,1
KE00237,1
KE00238,1
KE00241,1
KE00245,1
KE00246,1
KE00247,1
KE00249,1
KE00255,1
KE00256,1
KE00258,1
KE00261,1
KE00262,1
KE00263,1
KE00269,1
KE00270,1
KE00272,1
KE00274,1
KE00275,1
KE00276,1
KE00277,1
KE00283,1
KE00284,1
KE00285,1
KE00287,1
KE00289,1
KE00293,1
KE00294,1
KE00296,1
KE00304,1
KE00306,1
KE00309,1
KE00312,1
KE00313,1
KE00323,1
KE00328,1
KE00329,1
KE00330,1
KE00331,1
KE00335,1
KE00336,1
KE00340,1
KE00342,1
KE00343,1
KE00345,1
KE00349,1
KE00353,1
KE00354,1
KE00355,1
KE00356,1
KE00359,1
KE00361,1
KE00363,1
KE00364,1
KE00367,1
KE00368,1
KE00377,1
KE00378,1
KE00380,1
KE00383,1
KE00385,1
KE00388,1
KE00390,1
KE00391,1
KE00392,1
KE00393,1
KE00394,1
KE00395,1
KE00405,1
KE00408,1
KE00409,1
KE00411,1
KE00412,1
KE00414,1
KE00415,1
KE00418,1
KE00424,1
KE00435,1
KE00444,1
KE00446,1
KE00453,1
KE00454,1
KE00455,1
KE00458,1
KE00460,1
KE00463,1
KE00468,1
KE00471,1
KE00487,1
KE00490,1
KE00491,1
KE00496,1
KE00509,1
KE00516,1
KE00525,1
KE00528,1
KE00537,1
KE00538,1
KE00544,1
KE00545,1
KE00546,1
KE00547,1
KE00550,1
KE00553,1
KE00557,1
KE00559,1
KE00560,1
KE00565,1
KE00568,1
KE00569,1
KE00570,1
KE00576,1
KE00582,1
KE00587,1
KE00600,1
KE00601,1
KE00625,1
KE00632,1
KE00633,1
KE00664,1
KE00669,1
KE00682,1
KE00690,1
KE00692,1
KE00723,1
KE00738,1
KE00741,1
KE00742,1
KE00745,1
KE00772,1
KE00782,1
KE00784,1
KE00785,1
KE00795,1
KE00804,1
KF00014,1
KF00016,1
KF00022,1
KF00024,1
KF00026,1
KF00031,1
KF00033,1
KF00035,1
KF00037,1
KF00043,1
KF00044,1
KF00045,1
KF00048,1
KF00050,1
KF00052,1
KF00056,1
KF00057,1
KF00060,1
KF00061,1
KF00062,1
KF00063,1
KF00064,1
KF00065,1
KF00066,1
KF00067,1
KF00068,1
KF00069,1
KF00070,1
KF00071,1
KF00072,1
KF00074,1
KF00075,1
KF00076,1
KF00078,1
KF00080,1
KF00082,1
KF00083,1
KF00084,1
KF00095,1
KF00096,1
KF00098,1
KF00099,1
KF00100,1
KF00102,1
KF00103,1
KF00104,1
KF00105,1
KF00106,1
KF00107,1
KF00109,1
KF00112,1
KF00113,1
KF00114,1
KF00115,1
KF00116,1
KF00117,1
KF00118,1
KF00124,1
KF00125,1
KF00126,1
KF00129,1
KF00130,1
KF00133,1
KF00135,1
KF00137,1
KF00138,1
KF00139,1
KF00141,1
KF00143,1
KF00144,1
KF00145,1
KF00146,1
KF00147,1
KF00148,1
KF00149,1
KF00150,1
KF00151,1
KF00152,1
KF00153,1
KF00154,1
KF00156,1
KF00157,1
KF00160,1
KF00161,1
KF00162,1
KF00163,1
KF00164,1
KF00165,1
KF00166,1
KF00167,1
KF00168,1
KF00170,1
KF00171,1
KF00172,1
KF00173,1
KF00174,1
KF00175,1
KF00178,1
KF00179,1
KF00180,1
KF00181,1
KF00182,1
KF00184,1
KF00186,1
KF00188,1
KF00189,1
KF00190,1
KF00193,1
KF00194,1
KF00195,1
KF00196,1
KF00197,1
KF00198,1
KF00199,1
KF00200,1
KF00201,1
KF00202,1
KF00205,1
KF00206,1
KF00210,1
KF00211,1
KF00215,1
KF00216,1
KF00217,1
KF00218,1
KF00219,1
KF00220,1
KF00221,1
KF00222,1
KF00223,1
KF00224,1
KF00225,1
KF00226,1
KF00228,1
KF00229,1
KF00232,1
KF00233,1
KF00235,1
KF00236,1
KF00237,1
KF00239,1
KF00240,1
KF00243,1
KF00244,1
KF00247,1
KF00248,1
KF00252,1
KF00253,1
KF00254,1
KF00255,1
KF00256,1
KF00257,1
KF00258,1
KF00259,1
KF00260,1
KF00261,1
KF00262,1
KF00263,1
KF00267,1
KF00269,1
KF00271,1
KF00272,1
KF00273,1
KF00274,1
KF00275,1
KF00276,1
KF00277,1
KF00278,1
KF00279,1
KF00280,1
KF00281,1
KF00283,1
KF00284,1
KF00285,1
KF00286,1
KF00287,1
KF00288,1
KF00289,1
KF00290,1
KF00292,1
KF00294,1
KF00295,1
KF00296,1
KF00297,1
KF00298,1
KF00299,1
KF00302,1
KF00303,1
KF00304,1
KF00305,1
KF00307,1
KF00309,1
KF00310,1
KF00311,1
KF00313,1
KF00314,1
KF00315,1
KF00317,1
KF00318,1
KF00319,1
KF00320,1
KF00321,1
KF00322,1
KF00324,1
KF00326,1
KF00328,1
KF00329,1
KF00331,1
KF00332,1
KF00334,1
KF00335,1
KF00339,1
KF00349,1
KF00350,1
KF00352,1
KF00354,1
KF00356,1
KF00357,1
KF00362,1
KF00364,1
KF00365,1
KF00366,1
KF00367,1
KF00371,1
KF00375,1
KF00376,1
KF00377,1
KF00380,1
KF00381,1
KF00382,1
KF00383,1
KF00384,1
KF00385,1
KF00386,1
KF00389,1
KF00392,1
KF00393,1
KF00395,1
KF00396,1
KF00398,1
KF00399,1
KF00400,1
KF00402,1
KF00403,1
KF00405,1
KF00408,1
KF00410,1
KF00411,1
KF00412,1
KF00413,1
KF00415,1
KF00417,1
KF00418,1
KF00420,1
KF00421,1
KF00422,1
KF00423,1
KF00424,1
KF00425,1
KF00428,1
KF00429,1
KF00431,1
KF00434,1
KF00436,1
KF00437,1
KF00438,1
KF00441,1
KF00442,1
KF00446,1
KF00447,1
KF00448,1
KF00453,1
KF00455,1
KF00456,1
KF00463,1
KF00464,1
KF00468,1
KF00469,1
KF00472,1
KF00478,1
KF00479,1
KF00480,1
KF00481,1
KF00482,1
KF00483,1
KF00485,1
KF00486,1
KF00489,1
KF00490,1
KF00495,1
KF00497,1
KF00499,1
KF00500,1
KF00501,1
KF00502,1
KF00503,1
KF00504,1
KF00505,1
KF00508,1
KF00510,1
KF00512,1
KF00513,1
KF00514,1
KF00516,1
KF00522,1
KF00524,1
KF00526,1
KF00527,1
KF00528,1
KF00529,1
KF00531,1
KF00532,1
KF00535,1
KF00537,1
KF00538,1
KF00539,1
KF00542,1
KF00543,1
KF00545,1
KF00546,1
KF00549,1
KF00551,1
KF00552,1
KF00553,1
KF00554,1
KF00557,1
KF00563,1
KF00565,1
KF00566,1
KF00568,1
KF00576,1
KF00577,1
KF00580,1
KF00581,1
KF00582,1
KF00583,1
KF00587,1
KF00589,1
KF00591,1
KF00593,1
KF00596,1
KF00597,1
KF00599,1
KF00600,1
KF00601,1
KF00602,1
KF00603,1
KF00604,1
KF00605,1
KF00606,1
KF00608,1
KF00609,1
KF00610,1
KF00611,1
KF00612,1
KF00613,1
KF00615,1
KF00622,1
KF00624,1
KF00626,1
KF00632,1
KF00633,1
KF00634,1
KF00635,1
KF00638,1
KF00644,1
KF00646,1
KF00655,1
KF00656,1
KF00670,1
KF00679,1
KF00680,1
KF00687,1
KF00689,1
KF00693,1
KF00701,1
KF00706,1
KF00720,1
KF00738,1
KF00792,1
KF00797,1
KF00816,1
KF00817,1
KF00825,1
KF00835,1
KF00836,1
KF00839,1
KF00840,1
KF00854,1
KF00937,1
KF00942,1
KF01055,1
KH00010,1
KH00011,1
KH00013,1
KH00015,1
KH00017,1
KH00018,1
KH00021,1
KH00022,1
KH00023,1
KH00024,1
KH00025,1
KH00026,1
KH00027,1
KH00028,1
KH00029,1
KH00030,1
KH00032,1
KH00033,1
KH00035,1
KH00037,1
KH00039,1
KH00041,1
KH00042,1
KH00044,1
KH00048,1
KH00050,1
KH00051,1
KH00052,1
KH00053,1
KH00056,1
KH00058,1
KH00059,1
KH00060,1
KH00061,1
KH00066,1
KH00067,1
KH00068,1
KH00069,1
KH00071,1
KH00075,1
KH00077,1
KH00079,1
KH00082,1
KH00083,1
KH00085,1
KH00088,1
KH00089,1
KH00091,1
KH00092,1
KH00093,1
KH00096,1
KH00102,1
KH00103,1
KH00104,1
KH00105,1
KH00108,1
KH00109,1
KH00110,1
KH00111,1
KH00112,1
KH00114,1
KH00118,1
KH00119,1
KH00121,1
KH00122,1
KH00123,1
KH00126,1
KH00127,1
KH00129,1
KH00130,1
KH00132,1
KH00137,1
KH00138,1
KH00140,1
KH00143,1
KH00144,1
KH00151,1
KH00157,1
KH00161,1
KH00164,1
KH00165,1
KH00166,1
KH00167,1
KH00171,1
KH00173,1
KH00175,1
KH00176,1
KH00178,1
KH00179,1
KH00180,1
KH00181,1
KH00184,1
KH00185,1
KH00187,1
KH00188,1
KH00190,1
KH00191,1
KH00192,1
KH00200,1
KH00201,1
KH00204,1
KH00205,1
KH00206,1
KH00207,1
KH00209,1
KH00215,1
KH00217,1
KH00218,1
KH00219,1
KH00223,1
KH00224,1
KH00225,1
KH00226,1
KH00227,1
KH00229,1
KH00230,1
KH00231,1
KH00232,1
KH00233,1
KH00234,1
KH00235,1
KH00236,1
KH00237,1
KH00238,1
KH00239,1
KH00240,1
KH00241,1
KH00243,1
KH00245,1
KH00246,1
KH00248,1
KH00250,1
KH00251,1
KH00252,1
KH00254,1
KH00255,1
KH00256,1
KH00257,1
KH00258,1
KH00260,1
KH00261,1
KH00262,1
KH00263,1
KH00264,1
KH00265,1
KH00266,1
KH00267,1
KH00268,1
KH00269,1
KH00271,1
KH00272,1
KH00274,1
KH00276,1
KH00277,1
KH00279,1
KH00280,1
KH00281,1
KH00282,1
KH00284,1
KH00285,1
KH00286,1
KH00288,1
KH00289,1
KH00290,1
KH00291,1
KH00292,1
KH00293,1
KH00296,1
KH00299,1
KH00300,1
KH00301,1
KH00302,1
KH00303,1
KH00304,1
KH00305,1
KH00306,1
KH00307,1
KH00308,1
KH00310,1
KH00311,1
KH00312,1
KH00314,1
KH00317,1
KH00319,1
KH00320,1
KH00321,1
KH00322,1
KH00327,1
KH00328,1
KH00329,1
KH00330,1
KH00351,1
KH00352,1
KH00353,1
KH00354,1
KH00357,1
KH00358,1
KH00361,1
KH00362,1
KH00363,1
KH00370,1
KH00374,1
KH00376,1
KH00377,1
KH00378,1
KH00379,1
KH00381,1
KH00382,1
KH00384,1
KH00389,1
KH00390,1
KH00393,1
KH00394,1
KH00396,1
KH00399,1
KH00402,1
KH00403,1
KH00404,1
KH00406,1
KH00407,1
KH00408,1
KH00409,1
KH00411,1
KH00412,1
KH00414,1
KH00416,1
KH00417,1
KH00418,1
KH00419,1
KH00420,1
KH00424,1
KH00425,1
KH00427,1
KH00428,1
KH00433,1
KH00435,1
KH00443,1
KH00444,1
KH00445,1
KH00449,1
KH00450,1
KH00452,1
KH00454,1
KH00455,1
KH00457,1
KH00458,1
KH00459,1
KH00461,1
KH00464,1
KH00466,1
KH00467,1
KH00468,1
KH00469,1
KH00470,1
KH00471,1
KH00473,1
KH00474,1
KH00477,1
KH00478,1
KH00479,1
KH00480,1
KH00481,1
KH00484,1
KH00487,1
KH00488,1
KH00489,1
KH00490,1
KH00491,1
KH00497,1
KH00499,1
KH00501,1
KH00505,1
KH00506,1
KH00508,1
KH00510,1
KH00512,1
KH00513,1
KH00514,1
KH00515,1
KH00517,1
KH00518,1
KH00525,1
KH00533,1
KH00534,1
KH00539,1
KH00542,1
KH00543,1
KH00546,1
KH00547,1
KH00548,1
KH01911,1
KH01913,1
KH01914,1
KH01915,1
KH01999,1
KH02016,1
KH02029,1
KH02040,1
KH02043,1
KH02052,1
KH02055,1
KH02056,1
KH02062,1
KH02063,1
KH02067,1
KH02070,1
KH02072,1
KH02073,1
KH02074,1
KH02076,1
KH02077,1
KH02085,1
KH02086,1
KH02087,1
KH02089,1
KH02092,1
KH02093,1
KH02099,1
KH02103,1
KH02110,1
KH02119,1
KH02126,1
KH02135,1
KH02137,1
KH02151,1
KH02156,1
KH02165,1
KH02171,1
KH02178,1
KH02186,1
KH02192,1
KH02227,1
KH02230,1
KH02231,1
KH02232,1
KH02234,1
KH02235,1
KH02241,1
KH02245,1
KH02246,1
KH02248,1
KH02250,1
KH02251,1
KH02253,1
KH02254,1
KH02255,1
KH02257,1
KH02258,1
KH02259,1
KH02282,1
KH02288,1
KH02292,1
KH02298,1
KH02302,1
KH02318,1
KH02327,1
KH02328,1
KH02329,1
KH02349,1
KH02351,1
KH02376,1
KH02379,1
KH02382,1
KH02385,1
KH02403,1
KH02427,1
KH02448,1
KH02456,1
KH02465,1
KH02466,1
KH02471,1
KH02476,1
KH02488,1
KH02496,1
KH02505,1
KH02507,1
KH02513,1
KH02518,1
KH02536,1
KH02541,1
KH02545,1
KH02566,1
KH02584,1
KH02587,1
KH02636,1
KH02678,1
KH02687,1
KH02690,1
KH02694,1
KH02723,1
KH02724,1
KH02729,1
KH02779,1
KH02802,1
KH02824,1
KH02846,1
KJ00003,1
KJ00008,1
KJ00009,1
KJ00019,1
KJ00023,1
KJ00025,1
KJ00027,1
KJ00028,1
KJ00031,1
KJ00033,1
KJ00034,1
KJ00040,1
KJ00041,1
KJ00043,1
KJ00047,1
KJ00048,1
KJ00050,1
KJ00060,1
KJ00064,1
KJ00065,1
KJ00067,1
KJ00069,1
KJ00071,1
KJ00072,1
KJ00073,1
KJ00074,1
KJ00075,1
KJ00076,1
KJ00079,1
KJ00080,1
KJ00081,1
KJ00083,1
KJ00084,1
KJ00085,1
KJ00086,1
KJ00087,1
KJ00088,1
KJ00089,1
KJ00090,1
KJ00093,1
KJ00095,1
KJ00096,1
KJ00097,1
KJ00098,1
KJ00100,1
KJ00102,1
KJ00103,1
KJ00110,1
KJ00111,1
KJ00112,1
KJ00113,1
KJ00114,1
KJ00115,1
KJ00116,1
KJ00118,1
KJ00119,1
KJ00121,1
KJ00123,1
KJ00124,1
KJ00125,1
KJ00134,1
KJ00137,1
KJ00140,1
KJ00144,1
KJ00145,1
KJ00149,1
KJ00150,1
KJ00151,1
KJ00152,1
KJ00153,1
KJ00154,1
KJ00155,1
KJ00156,1
KJ00157,1
KJ00161,1
KJ00163,1
KJ00164,1
KJ00165,1
KJ00166,1
KJ00167,1
KJ00168,1
KJ00169,1
KJ00170,1
KJ00171,1
KJ00174,1
KJ00176,1
KJ00182,1
KJ00183,1
KJ00184,1
KJ00197,1
KJ00198,1
KJ00200,1
KJ00201,1
KJ00203,1
KJ00204,1
KJ00206,1
KJ00207,1
KJ00208,1
KJ00210,1
KJ00211,1
KJ00212,1
KJ00213,1
KJ00215,1
KJ00217,1
KJ00218,1
KJ00219,1
KJ00220,1
KJ00221,1
KJ00222,1
KJ00223,1
KJ00225,1
KJ00227,1
KJ00228,1
KJ00229,1
KJ00231,1
KJ00232,1
KJ00233,1
KJ00234,1
KJ00235,1
KJ00236,1
KJ00237,1
KJ00241,1
KJ00244,1
KJ00245,1
KJ00247,1
KJ00250,1
KJ00253,1
KJ00254,1
KJ00255,1
KJ00256,1
KJ00257,1
KJ00258,1
KJ00259,1
KJ00260,1
KJ00261,1
KJ00262,1
KJ00263,1
KJ00264,1
KJ00265,1
KJ00266,1
KJ00270,1
KJ00272,1
KJ00273,1
KJ00274,1
KJ00275,1
KJ00276,1
KJ00277,1
KJ00278,1
KJ00281,1
KJ00282,1
KJ00283,1
KJ00285,1
KJ00287,1
KJ00290,1
KJ00291,1
KJ00292,1
KJ00293,1
KJ00294,1
KJ00295,1
KJ00296,1
KJ00298,1
KJ00299,1
KJ00300,1
KJ00301,1
KJ00303,1
KJ00304,1
KJ00305,1
KJ00306,1
KJ00307,1
KJ00308,1
KJ00309,1
KJ00310,1
KJ00311,1
KJ00312,1
KJ00313,1
KJ00314,1
KJ00315,1
KJ00316,1
KJ00317,1
KJ00318,1
KJ00319,1
KJ00321,1
KJ00322,1
KJ00324,1
KJ00326,1
KJ00333,1
KJ00334,1
KJ00335,1
KJ00336,1
KJ00337,1
KJ00338,1
KJ00339,1
KJ00340,1
KJ00342,1
KJ00344,1
KJ00346,1
KJ00350,1
KJ00352,1
KJ00356,1
KJ00358,1
KJ00359,1
KJ00360,1
KJ00361,1
KJ00362,1
KJ00363,1
KJ00364,1
KJ00365,1
KJ00366,1
KJ00367,1
KJ00368,1
KJ00370,1
KJ00371,1
KJ00372,1
KJ00373,1
KJ00374,1
KJ00375,1
KJ00376,1
KJ00377,1
KJ00379,1
KJ00380,1
KJ00382,1
KJ00383,1
KJ00384,1
KJ00386,1
KJ00387,1
KJ00388,1
KJ00389,1
KJ00390,1
KJ00391,1
KJ00392,1
KJ00393,1
KJ00394,1
KJ00395,1
KJ00399,1
KJ00401,1
KJ00403,1
KJ00404,1
KJ00405,1
KJ00406,1
KJ00408,1
KJ00410,1
KJ00411,1
KJ00412,1
KJ00413,1
KJ00414,1
KJ00415,1
KJ00416,1
KJ00419,1
KJ00421,1
KJ00424,1
KJ00426,1
KJ00427,1
KJ00430,1
KJ00431,1
KJ00432,1
KJ00433,1
KJ00434,1
KJ00435,1
KJ00436,1
KJ00437,1
KJ00442,1
KJ00443,1
KJ00444,1
KJ00446,1
KJ00448,1
KJ00450,1
KJ00451,1
KJ00452,1
KJ00453,1
KJ00457,1
KJ00458,1
KJ00459,1
KJ00460,1
KJ00461,1
KJ00463,1
KJ00472,1
KJ00474,1
KJ00476,1
KJ00478,1
KJ00480,1
KJ00482,1
KJ00484,1
KJ00485,1
KJ00487,1
KJ00488,1
KJ00489,1
KJ00490,1
KJ00491,1
KJ00492,1
KJ00493,1
KJ00495,1
KJ00496,1
KJ00497,1
KJ00498,1
KJ00499,1
KJ00500,1
KJ00501,1
KJ00502,1
KJ00506,1
KJ00507,1
KJ00509,1
KJ00510,1
KJ00511,1
KJ00517,1
KJ00518,1
KJ00519,1
KJ00520,1
KJ00522,1
KJ00523,1
KJ00526,1
KJ00529,1
KJ00530,1
KJ00539,1
KJ00541,1
KJ00542,1
KJ00545,1
KJ00546,1
KJ00552,1
KJ00554,1
KJ00555,1
KJ00556,1
KJ00557,1
KJ00560,1
KJ00567,1
KJ00569,1
KJ00570,1
KJ00571,1
KJ00572,1
KJ00573,1
KJ00575,1
KJ00582,1
KJ00583,1
KJ00584,1
KJ00587,1
KJ00588,1
KJ00589,1
KJ00590,1
KJ00591,1
KJ00592,1
KJ00593,1
KJ00599,1
KJ00600,1
KJ00603,1
KJ00606,1
KJ00607,1
KJ00608,1
KJ00609,1
KJ00610,1
KJ00612,1
KJ00613,1
KJ00614,1
KJ00615,1
KJ00618,1
KJ00619,1
KJ00621,1
KJ00622,1
KJ00623,1
KJ00624,1
KJ00625,1
KJ00626,1
KJ00627,1
KJ00629,1
KJ00630,1
KJ00633,1
KJ00634,1
KJ00636,1
KJ00637,1
KJ00640,1
KJ00641,1
KJ00642,1
KJ00643,1
KJ00644,1
KJ00645,1
KJ00646,1
KJ00648,1
KJ00649,1
KJ00650,1
KJ00651,1
KJ00652,1
KJ00653,1
KJ00654,1
KJ00656,1
KJ00661,1
KJ00662,1
KJ00664,1
KJ00666,1
KJ00667,1
KJ00672,1
KJ00674,1
KJ00677,1
KJ00680,1
KJ00681,1
KJ00682,1
KJ00686,1
KJ00689,1
KJ00691,1
KJ00699,1
KJ00700,1
KJ00701,1
KJ00703,1
KJ00707,1
KJ00714,1
KJ00718,1
KJ00720,1
KJ00729,1
KJ00731,1
KJ00732,1
KJ00733,1
KJ00734,1
KJ00735,1
KJ00737,1
KJ00738,1
KJ00741,1
KJ00746,1
KJ00748,1
KJ00749,1
KJ00758,1
KJ00759,1
KJ00762,1
KJ00763,1
KJ00766,1
KJ00767,1
KJ00768,1
KJ00774,1
KJ00775,1
KJ00776,1
KJ00777,1
KJ00779,1
KJ00784,1
KJ00789,1
KJ00791,1
KJ00792,1
KJ00793,1
KJ00794,1
KJ00795,1
KJ00796,1
KJ00797,1
KJ00798,1
KJ00801,1
KJ00803,1
KJ00804,1
KJ00806,1
KJ00813,1
KJ00814,1
KJ00818,1
KJ00820,1
KJ00821,1
KJ00822,1
KJ00823,1
KJ00824,1
KJ00833,1
KJ00837,1
KJ00838,1
KJ00843,1
KJ00862,1
KJ00864,1
KJ00867,1
KJ00868,1
KJ00873,1
KJ00878,1
KJ00879,1
KJ00881,1
KJ00892,1
KJ00912,1
KJ00914,1
KJ00918,1
KJ00921,1
KJ00927,1
KJ00928,1
KJ00929,1
KJ00930,1
KJ00933,1
KJ00937,1
KJ00938,1
KJ00939,1
KJ00943,1
KJ00944,1
KJ00945,1
KJ00947,1
KJ00948,1
KJ00950,1
KJ00955,1
KJ00957,1
KJ00958,1
KJ00959,1
KJ00960,1
KJ00961,1
KJ00962,1
KJ00964,1
KJ00965,1
KJ00969,1
KJ00970,1
KJ00973,1
KJ00974,1
KJ00980,1
KJ00985,1
KJ00986,1
KJ00990,1
KJ00995,1
KJ00996,1
KJ00997,1
KJ01001,1
KJ01002,1
KJ01003,1
KJ01005,1
KJ01006,1
KJ01008,1
KJ01009,1
KJ01011,1
KJ01017,1
KJ01019,1
KJ01020,1
KJ01021,1
KJ01022,1
KJ01027,1
KJ01029,1
KJ01034,1
KJ01035,1
KJ01038,1
KJ01055,1
KJ01056,1
KJ01059,1
KJ01061,1
KJ01066,1
KJ01069,1
KJ01075,1
KJ01077,1
KJ01080,1
KJ01082,1
KJ01083,1
KJ01086,1
KJ01088,1
KJ01089,1
KJ01096,1
KJ01100,1
KJ01104,1
KJ01105,1
KJ01108,1
KJ01109,1
KJ01110,1
KJ01112,1
KJ01113,1
KJ01117,1
KJ01118,1
KJ01119,1
KJ01128,1
KJ01132,1
KJ01135,1
KJ01142,1
KJ01143,1
KJ01148,1
KJ01158,1
KJ01164,1
KJ01171,1
KJ01172,1
KJ01174,1
KJ01175,1
KJ01177,1
KJ01180,1
KJ01181,1
KJ01182,1
KJ01183,1
KJ01191,1
KJ01195,1
KJ01196,1
KJ01199,1
KJ01205,1
KJ01217,1
KJ01218,1
KJ01221,1
KJ01223,1
KJ01232,1
KJ01243,1
KJ01250,1
KJ01261,1
KJ01268,1
KJ01275,1
KJ01278,1
KJ01281,1
KJ01289,1
KJ01291,1
KJ01297,1
KJ01305,1
KJ01306,1
KJ01310,1
KJ01313,1
KJ01324,1
KJ01326,1
KJ01336,1
KJ01346,1
KJ01347,1
KJ01354,1
KJ01357,1
KJ01358,1
KJ01359,1
KJ01360,1
KJ01371,1
KJ01372,1
KJ01377,1
KJ01382,1
KJ01384,1
KJ01410,1
KJ01412,1
KJ01418,1
KJ01419,1
KJ01422,1
KJ01431,1
KJ01436,1
KJ01441,1
KJ01476,1
KL00002,1
KL00003,1
KL00006,1
KL00007,1
KL00016,1
KL00018,1
KL00019,1
KL00025,1
KL00026,1
KL00027,1
KL00028,1
KL00029,1
KL00030,1
KL00031,1
KL00033,1
KL00034,1
KL00035,1
KL00036,1
KL00037,1
KL00038,1
KL00040,1
KL00041,1
KL00042,1
KL00044,1
KL00045,1
KL00047,1
KL00048,1
KL00050,1
KL00051,1
KL00052,1
KL00053,1
KL00054,1
KL00055,1
KL00056,1
KL00059,1
KL00060,1
KL00063,1
KL00064,1
KL00065,1
KL00066,1
KL00067,1
KL00068,1
KL00071,1
KL00073,1
KL00074,1
KL00077,1
KL00079,1
KL00083,1
KL00084,1
KL00085,1
KL00086,1
KL00087,1
KL00088,1
KL00089,1
KL00091,1
KL00098,1
KL00099,1
KL00100,1
KL00102,1
KL00103,1
KL00105,1
KL00107,1
KL00108,1
KL00114,1
KL00118,1
KL00119,1
KL00120,1
KL00121,1
KL00125,1
KL00126,1
KL00127,1
KL00129,1
KL00132,1
KL00134,1
KL00135,1
KL00136,1
KL00137,1
KL00138,1
KL00139,1
KL00140,1
KL00141,1
KL00142,1
KL00143,1
KL00144,1
KL00146,1
KL00147,1
KL00148,1
KL00150,1
KL00151,1
KL00153,1
KL00154,1
KL00155,1
KL00158,1
KL00159,1
KL00160,1
KL00164,1
KL00166,1
KL00170,1
KL00171,1
KL00173,1
KL00174,1
KL00175,1
KL00180,1
KL00181,1
KL00183,1
KL00188,1
KL00192,1
KL00195,1
KL00203,1
KL00204,1
KL00214,1
KL00215,1
KL00229,1
KL00256,1
KL00257,1
KL00260,1
KL00262,1
KL00272,1
KL00281,1
KL00284,1
KL00290,1
KL00292,1
KL00307,1
KL00310,1
LA00002,1
LA00006,1
LA00007,1
LA00008,1
LA00012,1
LA00013,1
LA00016,1
LA00023,1
LA00027,1
LA00029,1
LA00032,1
LA00036,1
LA00037,1
LA00039,1
LA00048,1
LA00049,1
LA00058,1
LA00060,1
LA00067,1
LA00073,1
LA00074,1
LA00080,1
LA00081,1
LA00084,1
LA00092,1
LA00094,1
LA00096,1
LA00097,1
LA00104,1
LA00105,1
LA00106,1
LA00108,1
LA00113,1
LA00114,1
LA00115,1
LA00116,1
LA00117,1
LA00118,1
LA00119,1
LA00120,1
LA00124,1
LA00129,1
LA00130,1
LA00131,1
LA00132,1
LA00133,1
LA00135,1
LA00139,1
LA00140,1
LA00142,1
LA00143,1
LA00145,1
LA00146,1
LA00148,1
LA00150,1
LA00151,1
LA00152,1
LA00155,1
LA00156,1
LA00159,1
LA00165,1
LA00166,1
LA00169,1
LA00170,1
LA00171,1
LA00172,1
LA00173,1
LA00175,1
LA00176,1
LA00182,1
LA00183,1
LA00184,1
LA00185,1
LA00186,1
LA00187,1
LA00188,1
LA00189,1
LA00190,1
LA00191,1
LA00192,1
LA00193,1
LA00195,1
LA00196,1
LA00197,1
LA00198,1
LA00199,1
LA00200,1
LA00201,1
LA00202,1
LA00203,1
LA00204,1
LA00206,1
LA00207,1
LA00208,1
LA00209,1
LA00210,1
LA00212,1
LA00214,1
LA00215,1
LA00219,1
LA00222,1
LA00224,1
LA00228,1
LA00229,1
LA00234,1
LA00235,1
LA00236,1
LA00239,1
LA00244,1
LA00245,1
LA00246,1
LA00248,1
LA00250,1
LA00251,1
LA00252,1
LA00253,1
LA00256,1
LA00257,1
LA00258,1
LA00259,1
LA00262,1
LA00264,1
LA00265,1
LA00266,1
LA00269,1
LA00271,1
LA00274,1
LA00275,1
LA00280,1
LA00284,1
LA00285,1
LA00287,1
LA00288,1
LA00289,1
LA00293,1
LA00294,1
LA00295,1
LA00296,1
LA00297,1
LA00298,1
LA00300,1
LA00301,1
LA00302,1
LA00305,1
LA00307,1
LA00310,1
LA00312,1
LA00313,1
LA00314,1
LA00316,1
LA00318,1
LA00319,1
LA00320,1
LA00321,1
LA00323,1
LA00324,1
LA00326,1
LA00328,1
LA00329,1
LA00330,1
LA00331,1
LA00332,1
LA00333,1
LA00335,1
LA00336,1
LA00339,1
LA00340,1
LA00341,1
LA00343,1
LA00345,1
LA00346,1
LA00347,1
LA00348,1
LA00349,1
LA00350,1
LA00351,1
LA00352,1
LA00357,1
LA00358,1
LA00359,1
LA00360,1
LA00361,1
LA00362,1
LA00363,1
LA00364,1
LA00365,1
LA00366,1
LA00367,1
LA00368,1
LA00369,1
LA00370,1
LA00371,1
LA00372,1
LA00374,1
LA00376,1
LA00379,1
LA00380,1
LA00381,1
LA00382,1
LA00383,1
LA00384,1
LA00385,1
LA00386,1
LA00387,1
LA00388,1
LA00389,1
LA00391,1
LA00392,1
LA00394,1
LA00395,1
LA00397,1
LA00398,1
LA00399,1
LA00400,1
LA00401,1
LA00402,1
LA00403,1
LA00404,1
LA00405,1
LA00406,1
LA00407,1
LA00408,1
LA00409,1
LA00410,1
LA00411,1
LA00412,1
LA00413,1
LA00414,1
LA00415,1
LA00417,1
LA00418,1
LA00419,1
LA00420,1
LA00421,1
LA00422,1
LA00423,1
LA00425,1
LA00427,1
LA00428,1
LA00429,1
LA00434,1
LA00435,1
LA00436,1
LA00437,1
LA00438,1
LA00439,1
LA00440,1
LA00441,1
LA00442,1
LA00444,1
LA00445,1
LA00447,1
LA00448,1
LA00449,1
LA00450,1
LA00451,1
LA00453,1
LA00455,1
LA00456,1
LA00458,1
LA00459,1
LA00460,1
LA00461,1
LA00462,1
LA00463,1
LA00464,1
LA00465,1
LA00466,1
LA00468,1
LA00469,1
LA00470,1
LA00471,1
LA00472,1
LA00473,1
LA00474,1
LA00475,1
LA00476,1
LA00477,1
LA00478,1
LA00479,1
LA00481,1
LA00482,1
LA00483,1
LA00484,1
LA00485,1
LA00486,1
LA00487,1
LA00488,1
LA00489,1
LA00490,1
LA00491,1
LA00492,1
LA00493,1
LA00494,1
LA00495,1
LA00496,1
LA00497,1
LA00498,1
LA00499,1
LA00500,1
LA00501,1
LA00502,1
LA00503,1
LA00504,1
LA00505,1
LA00507,1
LA00509,1
LA00512,1
LA00513,1
LA00515,1
LA00517,1
LA00518,1
LA00519,1
LA00520,1
LA00521,1
LA00522,1
LA00523,1
LA00524,1
LA00525,1
LA00526,1
LA00527,1
LA00528,1
LA00529,1
LA00530,1
LA00531,1
LA00532,1
LA00534,1
LA00535,1
LA00536,1
LA00537,1
LA00538,1
LA00539,1
LA00540,1
LA00541,1
LA00542,1
LA00543,1
LA00545,1
LA00546,1
LA00547,1
LA00548,1
LA00550,1
LA00554,1
LA00555,1
LA00557,1
LA00559,1
LA00560,1
LA00561,1
LA00562,1
LA00563,1
LA00568,1
LA00573,1
LA00574,1
LA00575,1
LA00576,1
LA00577,1
LA00578,1
LA00579,1
LA00580,1
LA00581,1
LA00582,1
LA00583,1
LA00584,1
LA00585,1
LA00586,1
LA00587,1
LA00588,1
LA00589,1
LA00590,1
LA00592,1
LA00596,1
LA00597,1
LA00599,1
LA00602,1
LA00603,1
LA00604,1
LA00608,1
LA00609,1
LA00610,1
LA00613,1
LA00614,1
LA00615,1
LA00616,1
LA00617,1
LA00618,1
LA00619,1
LA00622,1
LA00623,1
LA00624,1
LA00625,1
LA00626,1
LA00627,1
LA00628,1
LA00629,1
LA00630,1
LA00638,1
LA00639,1
LA00640,1
LA00641,1
LA00642,1
LA00645,1
LA00646,1
LA00649,1
LA00650,1
LA00651,1
LA00652,1
LA00653,1
LA00654,1
LA00655,1
LA00658,1
LA00659,1
LA00661,1
LA00662,1
LA00663,1
LA00664,1
LA00666,1
LA00668,1
LA00670,1
LA00671,1
LA00672,1
LA00673,1
LA00674,1
LA00675,1
LA00676,1
LA00678,1
LA00679,1
LA00680,1
LA00681,1
LA00682,1
LA00683,1
LA00684,1
LA00686,1
LA00687,1
LA00690,1
LA00692,1
LA00695,1
LA00696,1
LA00697,1
LA00699,1
LA00701,1
LA00708,1
LA00709,1
LA00710,1
LA00712,1
LA00713,1
LA00715,1
LA00717,1
LA00718,1
LA00720,1
LA00722,1
LA00723,1
LA00726,1
LA00728,1
LA00729,1
LA00730,1
LA00732,1
LA00733,1
LA00737,1
LA00740,1
LA00742,1
LA00743,1
LA00755,1
LA00759,1
LA00761,1
LA00772,1
LA00773,1
LA00790,1
LA00795,1
LA00805,1
LA00806,1
LA00807,1
LA00811,1
LA00815,1
LA00816,1
LA00817,1
LA00818,1
LA00819,1
LA00824,1
LA00826,1
LA00827,1
LA00833,1
LA00834,1
LA00841,1
LA00847,1
LA00850,1
LA00855,1
LA00863,1
LA00868,1
LA00869,1
LA00875,1
LA00881,1
LA00893,1
LA00894,1
LA00897,1
LA00901,1
LA00902,1
LA00911,1
LA00916,1
LA00933,1
LB00017,1
LB00034,1
LB00035,1
LB00036,1
LB00037,1
LB00038,1
LB00041,1
LB00047,1
LB00050,1
LB00051,1
LB00052,1
LB00054,1
LB00055,1
LB00056,1
LB00057,1
LB00073,1
LB00076,1
LB00080,1
LB00083,1
LB00088,1
LB00097,1
LB00103,1
LB00105,1
LB00111,1
LB00115,1
LB00122,1
LB00129,1
LB00131,1
LB00132,1
LB00133,1
LB00134,1
LB00135,1
LB00144,1
LB00145,1
LB00148,1
LB00150,1
LB00151,1
LB00152,1
LB00153,1
LB00154,1
LB00155,1
LB00156,1
LB00158,1
LB00160,1
LB00162,1
LB00163,1
LB00164,1
LB00165,1
LB00166,1
LB00167,1
LB00168,1
LB00169,1
LB00170,1
LB00173,1
LB00174,1
LB00175,1
LB00176,1
LB00177,1
LB00178,1
LB00180,1
LB00181,1
LB00182,1
LB00184,1
LB00185,1
LB00186,1
LB00188,1
LB00189,1
LB00190,1
LB00191,1
LB00192,1
LB00193,1
LB00194,1
LB00195,1
LB00196,1
LB00205,1
LB00209,1
LB00213,1
LB00214,1
LB00215,1
LB00216,1
LB00217,1
LB00219,1
LB00220,1
LB00221,1
LB00222,1
LB00223,1
LB00225,1
LB00226,1
LB00227,1
LB00228,1
LB00229,1
LB00230,1
LB00231,1
LB00232,1
LB00233,1
LB00234,1
LB00235,1
LB00236,1
LB00237,1
LB00239,1
LB00240,1
LB00241,1
LB00243,1
LB00244,1
LB00245,1
LB00247,1
LB00248,1
LB00249,1
LB00250,1
LB00252,1
LB00257,1
LB00260,1
LB00261,1
LB00262,1
LB00263,1
LB00264,1
LB00266,1
LB00268,1
LB00269,1
LB00270,1
LB00271,1
LB00272,1
LB00273,1
LB00274,1
LB00275,1
LB00276,1
LB00277,1
LB00278,1
LB00279,1
LB00280,1
LB00281,1
LB00282,1
LB00283,1
LB00284,1
LB00285,1
LB00286,1
LB00287,1
LB00288,1
LB00289,1
LB00292,1
LB00300,1
LB00309,1
LB00315,1
LB00317,1
LB00325,1
LB00328,1
LB00329,1
LB00330,1
LB00336,1
LB00337,1
LB00338,1
LB00339,1
LB00340,1
LB00342,1
LB00345,1
LB00350,1
LB00352,1
LB00353,1
LB00355,1
LB00357,1
LB00360,1
LB00361,1
LB00365,1
LB00366,1
LB00368,1
LB00369,1
LB00370,1
LB00374,1
LB00378,1
LB00379,1
LB00380,1
LB00382,1
LB00383,1
LB00384,1
LB00385,1
LB00386,1
LB00388,1
LB00389,1
LB00390,1
LB00391,1
LB00392,1
LB00393,1
LB00394,1
LB00395,1
LB00396,1
LB00397,1
LB00398,1
LB00401,1
LB00405,1
LB00412,1
LB00413,1
LB00417,1
LB00419,1
LB00421,1
LB00422,1
LB00424,1
LB00425,1
LB00427,1
LB00430,1
LB00435,1
LB00436,1
LB00438,1
LB00440,1
LB00441,1
LB00442,1
LB00443,1
LB00445,1
LB00446,1
LB00449,1
LB00450,1
LB00451,1
LB00453,1
LB00454,1
LB00466,1
LB00472,1
LB00474,1
LB00475,1
LB00478,1
LB00479,1
LB00481,1
LB00482,1
LB00483,1
LB00490,1
LB00491,1
LB00492,1
LB00508,1
LB00509,1
LB00510,1
LB00517,1
LB00521,1
LB00532,1
LB00540,1
LB00541,1
LB00551,1
LD00004,1
LD00008,1
LD00020,1
LD00027,1
LD00034,1
LD00035,1
LD00036,1
LD00039,1
LD00040,1
LD00041,1
LD00046,1
LD00047,1
LD00048,1
LD00049,1
LD00056,1
LD00060,1
LD00061,1
LE00001,1
LE00003,1
LE00004,1
LE00012,1
LE00031,1
LE00034,1
LE00036,1
LE00037,1
LE00038,1
LE00040,1
LE00042,1
LE00044,1
LE00069,1
LE00070,1
LE00071,1
LE00075,1
LE00081,1
LE00091,1
LE00093,1
LE00094,1
LE00095,1
LE00096,1
LE00098,1
LE00104,1
LE00107,1
LE00110,1
LE00119,1
LE00123,1
LE00126,1
LE00127,1
LE00129,1
LE00131,1
LE00135,1
LE00137,1
LE00139,1
LE00140,1
LE00141,1
LE00142,1
LE00146,1
LE00148,1
LE00150,1
LE00154,1
